Nov 07 13:31:15 cyb3r-virtual-machine systemd[1]: Starting containerd container runtime...
Nov 07 13:31:15 cyb3r-virtual-machine containerd[11101]: time="2025-11-07T13:31:15-05:00" level=warning msg="deprecated version : `1`, please switch to version `2`"
Nov 07 13:31:15 cyb3r-virtual-machine containerd[11101]: time="2025-11-07T13:31:15.850400535-05:00" level=info msg="starting containerd" revision=212e8b6fa2f44b9c21b2798135fc6fb7c53efc16 version=1.6.4
Nov 07 13:31:15 cyb3r-virtual-machine containerd[11101]: time="2025-11-07T13:31:15.860432817-05:00" level=info msg="loading plugin \"io.containerd.content.v1.content\"..." type=io.containerd.content.v1
Nov 07 13:31:15 cyb3r-virtual-machine containerd[11101]: time="2025-11-07T13:31:15.860544636-05:00" level=info msg="loading plugin \"io.containerd.snapshotter.v1.aufs\"..." type=io.containerd.snapshotter.v1
Nov 07 13:31:15 cyb3r-virtual-machine containerd[11101]: time="2025-11-07T13:31:15.862299180-05:00" level=info msg="skip loading plugin \"io.containerd.snapshotter.v1.aufs\"..." error="aufs is not supported (modprobe aufs failed: exit status 1 \"modprobe: FATAL: Module aufs not found in directory /lib/modules/6.8.0-87-generic\\n\"): skip plugin" type=io.containerd.snapshotter.v1
Nov 07 13:31:15 cyb3r-virtual-machine containerd[11101]: time="2025-11-07T13:31:15.862333687-05:00" level=info msg="loading plugin \"io.containerd.snapshotter.v1.btrfs\"..." type=io.containerd.snapshotter.v1
Nov 07 13:31:15 cyb3r-virtual-machine containerd[11101]: time="2025-11-07T13:31:15.862514523-05:00" level=info msg="skip loading plugin \"io.containerd.snapshotter.v1.btrfs\"..." error="path /var/lib/containerd/io.containerd.snapshotter.v1.btrfs (ext4) must be a btrfs filesystem to be used with the btrfs snapshotter: skip plugin" type=io.containerd.snapshotter.v1
Nov 07 13:31:15 cyb3r-virtual-machine containerd[11101]: time="2025-11-07T13:31:15.862523014-05:00" level=info msg="loading plugin \"io.containerd.snapshotter.v1.devmapper\"..." type=io.containerd.snapshotter.v1
Nov 07 13:31:15 cyb3r-virtual-machine containerd[11101]: time="2025-11-07T13:31:15.862530794-05:00" level=warning msg="failed to load plugin io.containerd.snapshotter.v1.devmapper" error="devmapper not configured"
Nov 07 13:31:15 cyb3r-virtual-machine containerd[11101]: time="2025-11-07T13:31:15.862536962-05:00" level=info msg="loading plugin \"io.containerd.snapshotter.v1.native\"..." type=io.containerd.snapshotter.v1
Nov 07 13:31:15 cyb3r-virtual-machine containerd[11101]: time="2025-11-07T13:31:15.862577888-05:00" level=info msg="loading plugin \"io.containerd.snapshotter.v1.overlayfs\"..." type=io.containerd.snapshotter.v1
Nov 07 13:31:15 cyb3r-virtual-machine containerd[11101]: time="2025-11-07T13:31:15.862737251-05:00" level=info msg="loading plugin \"io.containerd.snapshotter.v1.zfs\"..." type=io.containerd.snapshotter.v1
Nov 07 13:31:15 cyb3r-virtual-machine containerd[11101]: time="2025-11-07T13:31:15.862813972-05:00" level=info msg="skip loading plugin \"io.containerd.snapshotter.v1.zfs\"..." error="path /var/lib/containerd/io.containerd.snapshotter.v1.zfs must be a zfs filesystem to be used with the zfs snapshotter: skip plugin" type=io.containerd.snapshotter.v1
Nov 07 13:31:15 cyb3r-virtual-machine containerd[11101]: time="2025-11-07T13:31:15.862822171-05:00" level=info msg="loading plugin \"io.containerd.metadata.v1.bolt\"..." type=io.containerd.metadata.v1
Nov 07 13:31:15 cyb3r-virtual-machine containerd[11101]: time="2025-11-07T13:31:15.862845394-05:00" level=warning msg="could not use snapshotter devmapper in metadata plugin" error="devmapper not configured"
Nov 07 13:31:15 cyb3r-virtual-machine containerd[11101]: time="2025-11-07T13:31:15.862851737-05:00" level=info msg="metadata content store policy set" policy=shared
Nov 07 13:31:15 cyb3r-virtual-machine containerd[11101]: time="2025-11-07T13:31:15.864939192-05:00" level=info msg="loading plugin \"io.containerd.differ.v1.walking\"..." type=io.containerd.differ.v1
Nov 07 13:31:15 cyb3r-virtual-machine containerd[11101]: time="2025-11-07T13:31:15.864977862-05:00" level=info msg="loading plugin \"io.containerd.event.v1.exchange\"..." type=io.containerd.event.v1
Nov 07 13:31:15 cyb3r-virtual-machine containerd[11101]: time="2025-11-07T13:31:15.864989032-05:00" level=info msg="loading plugin \"io.containerd.gc.v1.scheduler\"..." type=io.containerd.gc.v1
Nov 07 13:31:15 cyb3r-virtual-machine containerd[11101]: time="2025-11-07T13:31:15.865026649-05:00" level=info msg="loading plugin \"io.containerd.service.v1.introspection-service\"..." type=io.containerd.service.v1
Nov 07 13:31:15 cyb3r-virtual-machine containerd[11101]: time="2025-11-07T13:31:15.865036977-05:00" level=info msg="loading plugin \"io.containerd.service.v1.containers-service\"..." type=io.containerd.service.v1
Nov 07 13:31:15 cyb3r-virtual-machine containerd[11101]: time="2025-11-07T13:31:15.865046776-05:00" level=info msg="loading plugin \"io.containerd.service.v1.content-service\"..." type=io.containerd.service.v1
Nov 07 13:31:15 cyb3r-virtual-machine containerd[11101]: time="2025-11-07T13:31:15.865054171-05:00" level=info msg="loading plugin \"io.containerd.service.v1.diff-service\"..." type=io.containerd.service.v1
Nov 07 13:31:15 cyb3r-virtual-machine containerd[11101]: time="2025-11-07T13:31:15.865063914-05:00" level=info msg="loading plugin \"io.containerd.service.v1.images-service\"..." type=io.containerd.service.v1
Nov 07 13:31:15 cyb3r-virtual-machine containerd[11101]: time="2025-11-07T13:31:15.865072341-05:00" level=info msg="loading plugin \"io.containerd.service.v1.leases-service\"..." type=io.containerd.service.v1
Nov 07 13:31:15 cyb3r-virtual-machine containerd[11101]: time="2025-11-07T13:31:15.865080042-05:00" level=info msg="loading plugin \"io.containerd.service.v1.namespaces-service\"..." type=io.containerd.service.v1
Nov 07 13:31:15 cyb3r-virtual-machine containerd[11101]: time="2025-11-07T13:31:15.865087844-05:00" level=info msg="loading plugin \"io.containerd.service.v1.snapshots-service\"..." type=io.containerd.service.v1
Nov 07 13:31:15 cyb3r-virtual-machine containerd[11101]: time="2025-11-07T13:31:15.865095019-05:00" level=info msg="loading plugin \"io.containerd.runtime.v1.linux\"..." type=io.containerd.runtime.v1
Nov 07 13:31:15 cyb3r-virtual-machine containerd[11101]: time="2025-11-07T13:31:15.865163261-05:00" level=info msg="loading plugin \"io.containerd.runtime.v2.task\"..." type=io.containerd.runtime.v2
Nov 07 13:31:15 cyb3r-virtual-machine containerd[11101]: time="2025-11-07T13:31:15.865201078-05:00" level=info msg="loading plugin \"io.containerd.monitor.v1.cgroups\"..." type=io.containerd.monitor.v1
Nov 07 13:31:15 cyb3r-virtual-machine containerd[11101]: time="2025-11-07T13:31:15.865357984-05:00" level=info msg="loading plugin \"io.containerd.service.v1.tasks-service\"..." type=io.containerd.service.v1
Nov 07 13:31:15 cyb3r-virtual-machine containerd[11101]: time="2025-11-07T13:31:15.865386762-05:00" level=info msg="loading plugin \"io.containerd.grpc.v1.introspection\"..." type=io.containerd.grpc.v1
Nov 07 13:31:15 cyb3r-virtual-machine containerd[11101]: time="2025-11-07T13:31:15.865395933-05:00" level=info msg="loading plugin \"io.containerd.internal.v1.restart\"..." type=io.containerd.internal.v1
Nov 07 13:31:15 cyb3r-virtual-machine containerd[11101]: time="2025-11-07T13:31:15.865444262-05:00" level=info msg="loading plugin \"io.containerd.grpc.v1.containers\"..." type=io.containerd.grpc.v1
Nov 07 13:31:15 cyb3r-virtual-machine containerd[11101]: time="2025-11-07T13:31:15.865453410-05:00" level=info msg="loading plugin \"io.containerd.grpc.v1.content\"..." type=io.containerd.grpc.v1
Nov 07 13:31:15 cyb3r-virtual-machine containerd[11101]: time="2025-11-07T13:31:15.865460787-05:00" level=info msg="loading plugin \"io.containerd.grpc.v1.diff\"..." type=io.containerd.grpc.v1
Nov 07 13:31:15 cyb3r-virtual-machine containerd[11101]: time="2025-11-07T13:31:15.865468255-05:00" level=info msg="loading plugin \"io.containerd.grpc.v1.events\"..." type=io.containerd.grpc.v1
Nov 07 13:31:15 cyb3r-virtual-machine containerd[11101]: time="2025-11-07T13:31:15.865475632-05:00" level=info msg="loading plugin \"io.containerd.grpc.v1.healthcheck\"..." type=io.containerd.grpc.v1
Nov 07 13:31:15 cyb3r-virtual-machine containerd[11101]: time="2025-11-07T13:31:15.865483348-05:00" level=info msg="loading plugin \"io.containerd.grpc.v1.images\"..." type=io.containerd.grpc.v1
Nov 07 13:31:15 cyb3r-virtual-machine containerd[11101]: time="2025-11-07T13:31:15.865491059-05:00" level=info msg="loading plugin \"io.containerd.grpc.v1.leases\"..." type=io.containerd.grpc.v1
Nov 07 13:31:15 cyb3r-virtual-machine containerd[11101]: time="2025-11-07T13:31:15.865497461-05:00" level=info msg="loading plugin \"io.containerd.grpc.v1.namespaces\"..." type=io.containerd.grpc.v1
Nov 07 13:31:15 cyb3r-virtual-machine containerd[11101]: time="2025-11-07T13:31:15.865505211-05:00" level=info msg="loading plugin \"io.containerd.internal.v1.opt\"..." type=io.containerd.internal.v1
Nov 07 13:31:15 cyb3r-virtual-machine containerd[11101]: time="2025-11-07T13:31:15.866018179-05:00" level=info msg="loading plugin \"io.containerd.grpc.v1.snapshots\"..." type=io.containerd.grpc.v1
Nov 07 13:31:15 cyb3r-virtual-machine containerd[11101]: time="2025-11-07T13:31:15.866049235-05:00" level=info msg="loading plugin \"io.containerd.grpc.v1.tasks\"..." type=io.containerd.grpc.v1
Nov 07 13:31:15 cyb3r-virtual-machine containerd[11101]: time="2025-11-07T13:31:15.866058555-05:00" level=info msg="loading plugin \"io.containerd.grpc.v1.version\"..." type=io.containerd.grpc.v1
Nov 07 13:31:15 cyb3r-virtual-machine containerd[11101]: time="2025-11-07T13:31:15.866066768-05:00" level=info msg="loading plugin \"io.containerd.tracing.processor.v1.otlp\"..." type=io.containerd.tracing.processor.v1
Nov 07 13:31:15 cyb3r-virtual-machine containerd[11101]: time="2025-11-07T13:31:15.866077883-05:00" level=info msg="skip loading plugin \"io.containerd.tracing.processor.v1.otlp\"..." error="no OpenTelemetry endpoint: skip plugin" type=io.containerd.tracing.processor.v1
Nov 07 13:31:15 cyb3r-virtual-machine containerd[11101]: time="2025-11-07T13:31:15.866085192-05:00" level=info msg="loading plugin \"io.containerd.internal.v1.tracing\"..." type=io.containerd.internal.v1
Nov 07 13:31:15 cyb3r-virtual-machine containerd[11101]: time="2025-11-07T13:31:15.866098440-05:00" level=error msg="failed to initialize a tracing processor \"otlp\"" error="no OpenTelemetry endpoint: skip plugin"
Nov 07 13:31:15 cyb3r-virtual-machine containerd[11101]: time="2025-11-07T13:31:15.866261624-05:00" level=info msg=serving... address=/run/containerd/containerd.sock.ttrpc
Nov 07 13:31:15 cyb3r-virtual-machine containerd[11101]: time="2025-11-07T13:31:15.866278884-05:00" level=info msg=serving... address=/run/containerd/containerd.sock
Nov 07 13:31:15 cyb3r-virtual-machine containerd[11101]: time="2025-11-07T13:31:15.866372177-05:00" level=info msg="containerd successfully booted in 0.016540s"
Nov 07 13:31:15 cyb3r-virtual-machine systemd[1]: Started containerd container runtime.
Nov 07 13:32:30 cyb3r-virtual-machine systemd[1]: Stopping containerd container runtime...
Nov 07 13:32:30 cyb3r-virtual-machine systemd[1]: containerd.service: Deactivated successfully.
Nov 07 13:32:30 cyb3r-virtual-machine systemd[1]: Stopped containerd container runtime.
Nov 07 13:32:30 cyb3r-virtual-machine systemd[1]: Starting containerd container runtime...
Nov 07 13:32:30 cyb3r-virtual-machine containerd[11914]: time="2025-11-07T13:32:30-05:00" level=warning msg="deprecated version : `1`, please switch to version `2`"
Nov 07 13:32:30 cyb3r-virtual-machine containerd[11914]: time="2025-11-07T13:32:30.302905910-05:00" level=info msg="starting containerd" revision=212e8b6fa2f44b9c21b2798135fc6fb7c53efc16 version=1.6.4
Nov 07 13:32:30 cyb3r-virtual-machine containerd[11914]: time="2025-11-07T13:32:30.311739466-05:00" level=info msg="loading plugin \"io.containerd.content.v1.content\"..." type=io.containerd.content.v1
Nov 07 13:32:30 cyb3r-virtual-machine containerd[11914]: time="2025-11-07T13:32:30.311941269-05:00" level=info msg="loading plugin \"io.containerd.snapshotter.v1.aufs\"..." type=io.containerd.snapshotter.v1
Nov 07 13:32:30 cyb3r-virtual-machine containerd[11914]: time="2025-11-07T13:32:30.313971080-05:00" level=info msg="skip loading plugin \"io.containerd.snapshotter.v1.aufs\"..." error="aufs is not supported (modprobe aufs failed: exit status 1 \"modprobe: FATAL: Module aufs not found in directory /lib/modules/6.8.0-87-generic\\n\"): skip plugin" type=io.containerd.snapshotter.v1
Nov 07 13:32:30 cyb3r-virtual-machine containerd[11914]: time="2025-11-07T13:32:30.314107251-05:00" level=info msg="loading plugin \"io.containerd.snapshotter.v1.btrfs\"..." type=io.containerd.snapshotter.v1
Nov 07 13:32:30 cyb3r-virtual-machine containerd[11914]: time="2025-11-07T13:32:30.314338661-05:00" level=info msg="skip loading plugin \"io.containerd.snapshotter.v1.btrfs\"..." error="path /var/lib/containerd/io.containerd.snapshotter.v1.btrfs (ext4) must be a btrfs filesystem to be used with the btrfs snapshotter: skip plugin" type=io.containerd.snapshotter.v1
Nov 07 13:32:30 cyb3r-virtual-machine containerd[11914]: time="2025-11-07T13:32:30.314403152-05:00" level=info msg="loading plugin \"io.containerd.snapshotter.v1.devmapper\"..." type=io.containerd.snapshotter.v1
Nov 07 13:32:30 cyb3r-virtual-machine containerd[11914]: time="2025-11-07T13:32:30.314461404-05:00" level=warning msg="failed to load plugin io.containerd.snapshotter.v1.devmapper" error="devmapper not configured"
Nov 07 13:32:30 cyb3r-virtual-machine containerd[11914]: time="2025-11-07T13:32:30.314525686-05:00" level=info msg="loading plugin \"io.containerd.snapshotter.v1.native\"..." type=io.containerd.snapshotter.v1
Nov 07 13:32:30 cyb3r-virtual-machine containerd[11914]: time="2025-11-07T13:32:30.314587769-05:00" level=info msg="loading plugin \"io.containerd.snapshotter.v1.overlayfs\"..." type=io.containerd.snapshotter.v1
Nov 07 13:32:30 cyb3r-virtual-machine containerd[11914]: time="2025-11-07T13:32:30.314744918-05:00" level=info msg="loading plugin \"io.containerd.snapshotter.v1.zfs\"..." type=io.containerd.snapshotter.v1
Nov 07 13:32:30 cyb3r-virtual-machine containerd[11914]: time="2025-11-07T13:32:30.315380903-05:00" level=info msg="skip loading plugin \"io.containerd.snapshotter.v1.zfs\"..." error="path /var/lib/containerd/io.containerd.snapshotter.v1.zfs must be a zfs filesystem to be used with the zfs snapshotter: skip plugin" type=io.containerd.snapshotter.v1
Nov 07 13:32:30 cyb3r-virtual-machine containerd[11914]: time="2025-11-07T13:32:30.315455908-05:00" level=info msg="loading plugin \"io.containerd.metadata.v1.bolt\"..." type=io.containerd.metadata.v1
Nov 07 13:32:30 cyb3r-virtual-machine containerd[11914]: time="2025-11-07T13:32:30.315509705-05:00" level=warning msg="could not use snapshotter devmapper in metadata plugin" error="devmapper not configured"
Nov 07 13:32:30 cyb3r-virtual-machine containerd[11914]: time="2025-11-07T13:32:30.315566354-05:00" level=info msg="metadata content store policy set" policy=shared
Nov 07 13:32:30 cyb3r-virtual-machine containerd[11914]: time="2025-11-07T13:32:30.316258314-05:00" level=info msg="loading plugin \"io.containerd.differ.v1.walking\"..." type=io.containerd.differ.v1
Nov 07 13:32:30 cyb3r-virtual-machine containerd[11914]: time="2025-11-07T13:32:30.316445720-05:00" level=info msg="loading plugin \"io.containerd.event.v1.exchange\"..." type=io.containerd.event.v1
Nov 07 13:32:30 cyb3r-virtual-machine containerd[11914]: time="2025-11-07T13:32:30.316506751-05:00" level=info msg="loading plugin \"io.containerd.gc.v1.scheduler\"..." type=io.containerd.gc.v1
Nov 07 13:32:30 cyb3r-virtual-machine containerd[11914]: time="2025-11-07T13:32:30.316609029-05:00" level=info msg="loading plugin \"io.containerd.service.v1.introspection-service\"..." type=io.containerd.service.v1
Nov 07 13:32:30 cyb3r-virtual-machine containerd[11914]: time="2025-11-07T13:32:30.316668985-05:00" level=info msg="loading plugin \"io.containerd.service.v1.containers-service\"..." type=io.containerd.service.v1
Nov 07 13:32:30 cyb3r-virtual-machine containerd[11914]: time="2025-11-07T13:32:30.316738153-05:00" level=info msg="loading plugin \"io.containerd.service.v1.content-service\"..." type=io.containerd.service.v1
Nov 07 13:32:30 cyb3r-virtual-machine containerd[11914]: time="2025-11-07T13:32:30.316787275-05:00" level=info msg="loading plugin \"io.containerd.service.v1.diff-service\"..." type=io.containerd.service.v1
Nov 07 13:32:30 cyb3r-virtual-machine containerd[11914]: time="2025-11-07T13:32:30.316840097-05:00" level=info msg="loading plugin \"io.containerd.service.v1.images-service\"..." type=io.containerd.service.v1
Nov 07 13:32:30 cyb3r-virtual-machine containerd[11914]: time="2025-11-07T13:32:30.316910131-05:00" level=info msg="loading plugin \"io.containerd.service.v1.leases-service\"..." type=io.containerd.service.v1
Nov 07 13:32:30 cyb3r-virtual-machine containerd[11914]: time="2025-11-07T13:32:30.316969920-05:00" level=info msg="loading plugin \"io.containerd.service.v1.namespaces-service\"..." type=io.containerd.service.v1
Nov 07 13:32:30 cyb3r-virtual-machine containerd[11914]: time="2025-11-07T13:32:30.317024661-05:00" level=info msg="loading plugin \"io.containerd.service.v1.snapshots-service\"..." type=io.containerd.service.v1
Nov 07 13:32:30 cyb3r-virtual-machine containerd[11914]: time="2025-11-07T13:32:30.317092480-05:00" level=info msg="loading plugin \"io.containerd.runtime.v1.linux\"..." type=io.containerd.runtime.v1
Nov 07 13:32:30 cyb3r-virtual-machine containerd[11914]: time="2025-11-07T13:32:30.317162735-05:00" level=info msg="loading plugin \"io.containerd.runtime.v2.task\"..." type=io.containerd.runtime.v2
Nov 07 13:32:30 cyb3r-virtual-machine containerd[11914]: time="2025-11-07T13:32:30.317637541-05:00" level=info msg="loading plugin \"io.containerd.monitor.v1.cgroups\"..." type=io.containerd.monitor.v1
Nov 07 13:32:30 cyb3r-virtual-machine containerd[11914]: time="2025-11-07T13:32:30.317908764-05:00" level=info msg="loading plugin \"io.containerd.service.v1.tasks-service\"..." type=io.containerd.service.v1
Nov 07 13:32:30 cyb3r-virtual-machine containerd[11914]: time="2025-11-07T13:32:30.317985392-05:00" level=info msg="loading plugin \"io.containerd.grpc.v1.introspection\"..." type=io.containerd.grpc.v1
Nov 07 13:32:30 cyb3r-virtual-machine containerd[11914]: time="2025-11-07T13:32:30.318038120-05:00" level=info msg="loading plugin \"io.containerd.internal.v1.restart\"..." type=io.containerd.internal.v1
Nov 07 13:32:30 cyb3r-virtual-machine containerd[11914]: time="2025-11-07T13:32:30.318134194-05:00" level=info msg="loading plugin \"io.containerd.grpc.v1.containers\"..." type=io.containerd.grpc.v1
Nov 07 13:32:30 cyb3r-virtual-machine containerd[11914]: time="2025-11-07T13:32:30.318165456-05:00" level=info msg="loading plugin \"io.containerd.grpc.v1.content\"..." type=io.containerd.grpc.v1
Nov 07 13:32:30 cyb3r-virtual-machine containerd[11914]: time="2025-11-07T13:32:30.318190526-05:00" level=info msg="loading plugin \"io.containerd.grpc.v1.diff\"..." type=io.containerd.grpc.v1
Nov 07 13:32:30 cyb3r-virtual-machine containerd[11914]: time="2025-11-07T13:32:30.318233457-05:00" level=info msg="loading plugin \"io.containerd.grpc.v1.events\"..." type=io.containerd.grpc.v1
Nov 07 13:32:30 cyb3r-virtual-machine containerd[11914]: time="2025-11-07T13:32:30.318273151-05:00" level=info msg="loading plugin \"io.containerd.grpc.v1.healthcheck\"..." type=io.containerd.grpc.v1
Nov 07 13:32:30 cyb3r-virtual-machine containerd[11914]: time="2025-11-07T13:32:30.318299741-05:00" level=info msg="loading plugin \"io.containerd.grpc.v1.images\"..." type=io.containerd.grpc.v1
Nov 07 13:32:30 cyb3r-virtual-machine containerd[11914]: time="2025-11-07T13:32:30.318325962-05:00" level=info msg="loading plugin \"io.containerd.grpc.v1.leases\"..." type=io.containerd.grpc.v1
Nov 07 13:32:30 cyb3r-virtual-machine containerd[11914]: time="2025-11-07T13:32:30.318347715-05:00" level=info msg="loading plugin \"io.containerd.grpc.v1.namespaces\"..." type=io.containerd.grpc.v1
Nov 07 13:32:30 cyb3r-virtual-machine containerd[11914]: time="2025-11-07T13:32:30.318370140-05:00" level=info msg="loading plugin \"io.containerd.internal.v1.opt\"..." type=io.containerd.internal.v1
Nov 07 13:32:30 cyb3r-virtual-machine containerd[11914]: time="2025-11-07T13:32:30.318410102-05:00" level=info msg="loading plugin \"io.containerd.grpc.v1.snapshots\"..." type=io.containerd.grpc.v1
Nov 07 13:32:30 cyb3r-virtual-machine containerd[11914]: time="2025-11-07T13:32:30.318457392-05:00" level=info msg="loading plugin \"io.containerd.grpc.v1.tasks\"..." type=io.containerd.grpc.v1
Nov 07 13:32:30 cyb3r-virtual-machine containerd[11914]: time="2025-11-07T13:32:30.318499422-05:00" level=info msg="loading plugin \"io.containerd.grpc.v1.version\"..." type=io.containerd.grpc.v1
Nov 07 13:32:30 cyb3r-virtual-machine containerd[11914]: time="2025-11-07T13:32:30.318563271-05:00" level=info msg="loading plugin \"io.containerd.tracing.processor.v1.otlp\"..." type=io.containerd.tracing.processor.v1
Nov 07 13:32:30 cyb3r-virtual-machine containerd[11914]: time="2025-11-07T13:32:30.318606492-05:00" level=info msg="skip loading plugin \"io.containerd.tracing.processor.v1.otlp\"..." error="no OpenTelemetry endpoint: skip plugin" type=io.containerd.tracing.processor.v1
Nov 07 13:32:30 cyb3r-virtual-machine containerd[11914]: time="2025-11-07T13:32:30.318659973-05:00" level=info msg="loading plugin \"io.containerd.internal.v1.tracing\"..." type=io.containerd.internal.v1
Nov 07 13:32:30 cyb3r-virtual-machine containerd[11914]: time="2025-11-07T13:32:30.319044890-05:00" level=error msg="failed to initialize a tracing processor \"otlp\"" error="no OpenTelemetry endpoint: skip plugin"
Nov 07 13:32:30 cyb3r-virtual-machine containerd[11914]: time="2025-11-07T13:32:30.319301194-05:00" level=info msg=serving... address=/run/containerd/containerd.sock.ttrpc
Nov 07 13:32:30 cyb3r-virtual-machine containerd[11914]: time="2025-11-07T13:32:30.319739273-05:00" level=info msg=serving... address=/run/containerd/containerd.sock
Nov 07 13:32:30 cyb3r-virtual-machine systemd[1]: Started containerd container runtime.
Nov 07 13:32:30 cyb3r-virtual-machine containerd[11914]: time="2025-11-07T13:32:30.320192830-05:00" level=info msg="containerd successfully booted in 0.019207s"
Nov 07 13:33:29 cyb3r-virtual-machine containerd[11914]: time="2025-11-07T13:33:29.931510559-05:00" level=info msg="loading plugin \"io.containerd.event.v1.publisher\"..." runtime=io.containerd.runc.v2 type=io.containerd.event.v1
Nov 07 13:33:29 cyb3r-virtual-machine containerd[11914]: time="2025-11-07T13:33:29.931594951-05:00" level=info msg="loading plugin \"io.containerd.internal.v1.shutdown\"..." runtime=io.containerd.runc.v2 type=io.containerd.internal.v1
Nov 07 13:33:29 cyb3r-virtual-machine containerd[11914]: time="2025-11-07T13:33:29.931604622-05:00" level=info msg="loading plugin \"io.containerd.ttrpc.v1.task\"..." runtime=io.containerd.runc.v2 type=io.containerd.ttrpc.v1
Nov 07 13:33:29 cyb3r-virtual-machine containerd[11914]: time="2025-11-07T13:33:29.931753893-05:00" level=info msg="starting signal loop" namespace=moby path=/run/containerd/io.containerd.runtime.v2.task/moby/14ed24475a3bc4816a3c92679eb899bd440aa30f28ab264338be4161c5670e60 pid=12234 runtime=io.containerd.runc.v2
Nov 07 13:33:30 cyb3r-virtual-machine containerd[11914]: time="2025-11-07T13:33:30.295962298-05:00" level=info msg="shim disconnected" id=14ed24475a3bc4816a3c92679eb899bd440aa30f28ab264338be4161c5670e60
Nov 07 13:33:30 cyb3r-virtual-machine containerd[11914]: time="2025-11-07T13:33:30.296321993-05:00" level=warning msg="cleaning up after shim disconnected" id=14ed24475a3bc4816a3c92679eb899bd440aa30f28ab264338be4161c5670e60 namespace=moby
Nov 07 13:33:30 cyb3r-virtual-machine containerd[11914]: time="2025-11-07T13:33:30.296337116-05:00" level=info msg="cleaning up dead shim"
Nov 07 13:33:30 cyb3r-virtual-machine containerd[11914]: time="2025-11-07T13:33:30.324161837-05:00" level=warning msg="cleanup warnings time=\"2025-11-07T13:33:30-05:00\" level=info msg=\"starting signal loop\" namespace=moby pid=12270 runtime=io.containerd.runc.v2\ntime=\"2025-11-07T13:33:30-05:00\" level=warning msg=\"failed to read init pid file\" error=\"open /run/containerd/io.containerd.runtime.v2.task/moby/14ed24475a3bc4816a3c92679eb899bd440aa30f28ab264338be4161c5670e60/init.pid: no such file or directory\" runtime=io.containerd.runc.v2\n"
Nov 07 13:33:30 cyb3r-virtual-machine containerd[11914]: time="2025-11-07T13:33:30.324486740-05:00" level=error msg="copy shim log" error="read /proc/self/fd/11: file already closed"
Nov 07 13:33:30 cyb3r-virtual-machine containerd[11914]: time="2025-11-07T13:33:30.690638079-05:00" level=info msg="loading plugin \"io.containerd.event.v1.publisher\"..." runtime=io.containerd.runc.v2 type=io.containerd.event.v1
Nov 07 13:33:30 cyb3r-virtual-machine containerd[11914]: time="2025-11-07T13:33:30.691564979-05:00" level=info msg="loading plugin \"io.containerd.internal.v1.shutdown\"..." runtime=io.containerd.runc.v2 type=io.containerd.internal.v1
Nov 07 13:33:30 cyb3r-virtual-machine containerd[11914]: time="2025-11-07T13:33:30.692847605-05:00" level=info msg="loading plugin \"io.containerd.ttrpc.v1.task\"..." runtime=io.containerd.runc.v2 type=io.containerd.ttrpc.v1
Nov 07 13:33:30 cyb3r-virtual-machine containerd[11914]: time="2025-11-07T13:33:30.693607862-05:00" level=info msg="starting signal loop" namespace=moby path=/run/containerd/io.containerd.runtime.v2.task/moby/079dd90a85284dc091a65eb9b832f15498341de7d6e9ec35b1b479600f3ea9eb pid=12313 runtime=io.containerd.runc.v2
Nov 07 13:33:30 cyb3r-virtual-machine containerd[11914]: time="2025-11-07T13:33:30.953100107-05:00" level=info msg="shim disconnected" id=079dd90a85284dc091a65eb9b832f15498341de7d6e9ec35b1b479600f3ea9eb
Nov 07 13:33:30 cyb3r-virtual-machine containerd[11914]: time="2025-11-07T13:33:30.953334750-05:00" level=warning msg="cleaning up after shim disconnected" id=079dd90a85284dc091a65eb9b832f15498341de7d6e9ec35b1b479600f3ea9eb namespace=moby
Nov 07 13:33:30 cyb3r-virtual-machine containerd[11914]: time="2025-11-07T13:33:30.953346721-05:00" level=info msg="cleaning up dead shim"
Nov 07 13:33:30 cyb3r-virtual-machine containerd[11914]: time="2025-11-07T13:33:30.985933718-05:00" level=warning msg="cleanup warnings time=\"2025-11-07T13:33:30-05:00\" level=info msg=\"starting signal loop\" namespace=moby pid=12349 runtime=io.containerd.runc.v2\ntime=\"2025-11-07T13:33:30-05:00\" level=warning msg=\"failed to read init pid file\" error=\"open /run/containerd/io.containerd.runtime.v2.task/moby/079dd90a85284dc091a65eb9b832f15498341de7d6e9ec35b1b479600f3ea9eb/init.pid: no such file or directory\" runtime=io.containerd.runc.v2\n"
Nov 07 13:33:30 cyb3r-virtual-machine containerd[11914]: time="2025-11-07T13:33:30.986283976-05:00" level=error msg="copy shim log" error="read /proc/self/fd/11: file already closed"
Nov 07 13:33:31 cyb3r-virtual-machine containerd[11914]: time="2025-11-07T13:33:31.292698968-05:00" level=info msg="loading plugin \"io.containerd.event.v1.publisher\"..." runtime=io.containerd.runc.v2 type=io.containerd.event.v1
Nov 07 13:33:31 cyb3r-virtual-machine containerd[11914]: time="2025-11-07T13:33:31.292813569-05:00" level=info msg="loading plugin \"io.containerd.internal.v1.shutdown\"..." runtime=io.containerd.runc.v2 type=io.containerd.internal.v1
Nov 07 13:33:31 cyb3r-virtual-machine containerd[11914]: time="2025-11-07T13:33:31.292822940-05:00" level=info msg="loading plugin \"io.containerd.ttrpc.v1.task\"..." runtime=io.containerd.runc.v2 type=io.containerd.ttrpc.v1
Nov 07 13:33:31 cyb3r-virtual-machine containerd[11914]: time="2025-11-07T13:33:31.292945188-05:00" level=info msg="starting signal loop" namespace=moby path=/run/containerd/io.containerd.runtime.v2.task/moby/90c825b40ce462c76d000cbc2192c2daf5f4ebce7ecc6b66256b976b28d503ec pid=12391 runtime=io.containerd.runc.v2
Nov 07 13:33:31 cyb3r-virtual-machine containerd[11914]: time="2025-11-07T13:33:31.469370883-05:00" level=info msg="shim disconnected" id=90c825b40ce462c76d000cbc2192c2daf5f4ebce7ecc6b66256b976b28d503ec
Nov 07 13:33:31 cyb3r-virtual-machine containerd[11914]: time="2025-11-07T13:33:31.469435416-05:00" level=warning msg="cleaning up after shim disconnected" id=90c825b40ce462c76d000cbc2192c2daf5f4ebce7ecc6b66256b976b28d503ec namespace=moby
Nov 07 13:33:31 cyb3r-virtual-machine containerd[11914]: time="2025-11-07T13:33:31.469443762-05:00" level=info msg="cleaning up dead shim"
Nov 07 13:33:31 cyb3r-virtual-machine containerd[11914]: time="2025-11-07T13:33:31.491867235-05:00" level=warning msg="cleanup warnings time=\"2025-11-07T13:33:31-05:00\" level=info msg=\"starting signal loop\" namespace=moby pid=12426 runtime=io.containerd.runc.v2\ntime=\"2025-11-07T13:33:31-05:00\" level=warning msg=\"failed to read init pid file\" error=\"open /run/containerd/io.containerd.runtime.v2.task/moby/90c825b40ce462c76d000cbc2192c2daf5f4ebce7ecc6b66256b976b28d503ec/init.pid: no such file or directory\" runtime=io.containerd.runc.v2\n"
Nov 07 13:33:31 cyb3r-virtual-machine containerd[11914]: time="2025-11-07T13:33:31.492084976-05:00" level=error msg="copy shim log" error="read /proc/self/fd/11: file already closed"
Nov 07 13:33:31 cyb3r-virtual-machine containerd[11914]: time="2025-11-07T13:33:31.769372077-05:00" level=info msg="loading plugin \"io.containerd.event.v1.publisher\"..." runtime=io.containerd.runc.v2 type=io.containerd.event.v1
Nov 07 13:33:31 cyb3r-virtual-machine containerd[11914]: time="2025-11-07T13:33:31.769432067-05:00" level=info msg="loading plugin \"io.containerd.internal.v1.shutdown\"..." runtime=io.containerd.runc.v2 type=io.containerd.internal.v1
Nov 07 13:33:31 cyb3r-virtual-machine containerd[11914]: time="2025-11-07T13:33:31.769439435-05:00" level=info msg="loading plugin \"io.containerd.ttrpc.v1.task\"..." runtime=io.containerd.runc.v2 type=io.containerd.ttrpc.v1
Nov 07 13:33:31 cyb3r-virtual-machine containerd[11914]: time="2025-11-07T13:33:31.770021291-05:00" level=info msg="starting signal loop" namespace=moby path=/run/containerd/io.containerd.runtime.v2.task/moby/3a8f04c98eb1b5e2a6f809ef35c3d1f4596b8bbaea8ae0b96d1c975a3faf8bb5 pid=12465 runtime=io.containerd.runc.v2
Nov 07 13:33:31 cyb3r-virtual-machine containerd[11914]: time="2025-11-07T13:33:31.949028627-05:00" level=info msg="shim disconnected" id=3a8f04c98eb1b5e2a6f809ef35c3d1f4596b8bbaea8ae0b96d1c975a3faf8bb5
Nov 07 13:33:31 cyb3r-virtual-machine containerd[11914]: time="2025-11-07T13:33:31.949107097-05:00" level=warning msg="cleaning up after shim disconnected" id=3a8f04c98eb1b5e2a6f809ef35c3d1f4596b8bbaea8ae0b96d1c975a3faf8bb5 namespace=moby
Nov 07 13:33:31 cyb3r-virtual-machine containerd[11914]: time="2025-11-07T13:33:31.949115046-05:00" level=info msg="cleaning up dead shim"
Nov 07 13:33:31 cyb3r-virtual-machine containerd[11914]: time="2025-11-07T13:33:31.964958800-05:00" level=warning msg="cleanup warnings time=\"2025-11-07T13:33:31-05:00\" level=info msg=\"starting signal loop\" namespace=moby pid=12506 runtime=io.containerd.runc.v2\ntime=\"2025-11-07T13:33:31-05:00\" level=warning msg=\"failed to read init pid file\" error=\"open /run/containerd/io.containerd.runtime.v2.task/moby/3a8f04c98eb1b5e2a6f809ef35c3d1f4596b8bbaea8ae0b96d1c975a3faf8bb5/init.pid: no such file or directory\" runtime=io.containerd.runc.v2\n"
Nov 07 13:33:31 cyb3r-virtual-machine containerd[11914]: time="2025-11-07T13:33:31.965802129-05:00" level=error msg="copy shim log" error="read /proc/self/fd/11: file already closed"
Nov 07 13:33:32 cyb3r-virtual-machine containerd[11914]: time="2025-11-07T13:33:32.337455481-05:00" level=info msg="loading plugin \"io.containerd.event.v1.publisher\"..." runtime=io.containerd.runc.v2 type=io.containerd.event.v1
Nov 07 13:33:32 cyb3r-virtual-machine containerd[11914]: time="2025-11-07T13:33:32.337535806-05:00" level=info msg="loading plugin \"io.containerd.internal.v1.shutdown\"..." runtime=io.containerd.runc.v2 type=io.containerd.internal.v1
Nov 07 13:33:32 cyb3r-virtual-machine containerd[11914]: time="2025-11-07T13:33:32.337545979-05:00" level=info msg="loading plugin \"io.containerd.ttrpc.v1.task\"..." runtime=io.containerd.runc.v2 type=io.containerd.ttrpc.v1
Nov 07 13:33:32 cyb3r-virtual-machine containerd[11914]: time="2025-11-07T13:33:32.338007824-05:00" level=info msg="starting signal loop" namespace=moby path=/run/containerd/io.containerd.runtime.v2.task/moby/66acf02ef7e3575ff9f605b6d752c7607faa2efd02527929eac1fef0a66a29c7 pid=12546 runtime=io.containerd.runc.v2
Nov 07 13:33:32 cyb3r-virtual-machine containerd[11914]: time="2025-11-07T13:33:32.625353376-05:00" level=info msg="shim disconnected" id=66acf02ef7e3575ff9f605b6d752c7607faa2efd02527929eac1fef0a66a29c7
Nov 07 13:33:32 cyb3r-virtual-machine containerd[11914]: time="2025-11-07T13:33:32.625406839-05:00" level=warning msg="cleaning up after shim disconnected" id=66acf02ef7e3575ff9f605b6d752c7607faa2efd02527929eac1fef0a66a29c7 namespace=moby
Nov 07 13:33:32 cyb3r-virtual-machine containerd[11914]: time="2025-11-07T13:33:32.625416518-05:00" level=info msg="cleaning up dead shim"
Nov 07 13:33:32 cyb3r-virtual-machine containerd[11914]: time="2025-11-07T13:33:32.648946020-05:00" level=warning msg="cleanup warnings time=\"2025-11-07T13:33:32-05:00\" level=info msg=\"starting signal loop\" namespace=moby pid=12593 runtime=io.containerd.runc.v2\ntime=\"2025-11-07T13:33:32-05:00\" level=warning msg=\"failed to remove runc container\" error=\"runc did not terminate successfully: exit status 255: \" runtime=io.containerd.runc.v2\n"
Nov 07 13:33:32 cyb3r-virtual-machine containerd[11914]: time="2025-11-07T13:33:32.888783749-05:00" level=info msg="loading plugin \"io.containerd.event.v1.publisher\"..." runtime=io.containerd.runc.v2 type=io.containerd.event.v1
Nov 07 13:33:32 cyb3r-virtual-machine containerd[11914]: time="2025-11-07T13:33:32.888848680-05:00" level=info msg="loading plugin \"io.containerd.internal.v1.shutdown\"..." runtime=io.containerd.runc.v2 type=io.containerd.internal.v1
Nov 07 13:33:32 cyb3r-virtual-machine containerd[11914]: time="2025-11-07T13:33:32.888856060-05:00" level=info msg="loading plugin \"io.containerd.ttrpc.v1.task\"..." runtime=io.containerd.runc.v2 type=io.containerd.ttrpc.v1
Nov 07 13:33:32 cyb3r-virtual-machine containerd[11914]: time="2025-11-07T13:33:32.889389586-05:00" level=info msg="starting signal loop" namespace=moby path=/run/containerd/io.containerd.runtime.v2.task/moby/8d294b08978a1048613ae834fce8aab4544c48f90b1a2ddc828364e0ebdbdfc8 pid=12637 runtime=io.containerd.runc.v2
Nov 07 13:33:33 cyb3r-virtual-machine containerd[11914]: time="2025-11-07T13:33:33.071776895-05:00" level=info msg="shim disconnected" id=8d294b08978a1048613ae834fce8aab4544c48f90b1a2ddc828364e0ebdbdfc8
Nov 07 13:33:33 cyb3r-virtual-machine containerd[11914]: time="2025-11-07T13:33:33.072170823-05:00" level=warning msg="cleaning up after shim disconnected" id=8d294b08978a1048613ae834fce8aab4544c48f90b1a2ddc828364e0ebdbdfc8 namespace=moby
Nov 07 13:33:33 cyb3r-virtual-machine containerd[11914]: time="2025-11-07T13:33:33.072221246-05:00" level=info msg="cleaning up dead shim"
Nov 07 13:33:33 cyb3r-virtual-machine containerd[11914]: time="2025-11-07T13:33:33.086171990-05:00" level=warning msg="cleanup warnings time=\"2025-11-07T13:33:33-05:00\" level=info msg=\"starting signal loop\" namespace=moby pid=12670 runtime=io.containerd.runc.v2\ntime=\"2025-11-07T13:33:33-05:00\" level=warning msg=\"failed to read init pid file\" error=\"open /run/containerd/io.containerd.runtime.v2.task/moby/8d294b08978a1048613ae834fce8aab4544c48f90b1a2ddc828364e0ebdbdfc8/init.pid: no such file or directory\" runtime=io.containerd.runc.v2\n"
Nov 07 13:33:33 cyb3r-virtual-machine containerd[11914]: time="2025-11-07T13:33:33.086381182-05:00" level=error msg="copy shim log" error="read /proc/self/fd/11: file already closed"
Nov 07 13:33:33 cyb3r-virtual-machine containerd[11914]: time="2025-11-07T13:33:33.445168539-05:00" level=info msg="loading plugin \"io.containerd.event.v1.publisher\"..." runtime=io.containerd.runc.v2 type=io.containerd.event.v1
Nov 07 13:33:33 cyb3r-virtual-machine containerd[11914]: time="2025-11-07T13:33:33.445488030-05:00" level=info msg="loading plugin \"io.containerd.internal.v1.shutdown\"..." runtime=io.containerd.runc.v2 type=io.containerd.internal.v1
Nov 07 13:33:33 cyb3r-virtual-machine containerd[11914]: time="2025-11-07T13:33:33.445830957-05:00" level=info msg="loading plugin \"io.containerd.ttrpc.v1.task\"..." runtime=io.containerd.runc.v2 type=io.containerd.ttrpc.v1
Nov 07 13:33:33 cyb3r-virtual-machine containerd[11914]: time="2025-11-07T13:33:33.446564104-05:00" level=info msg="starting signal loop" namespace=moby path=/run/containerd/io.containerd.runtime.v2.task/moby/3af4897bebf0305facdd60179df3f8687ea354f661d9241b02892a2f57cb74df pid=12711 runtime=io.containerd.runc.v2
Nov 07 13:33:33 cyb3r-virtual-machine containerd[11914]: time="2025-11-07T13:33:33.667520390-05:00" level=info msg="shim disconnected" id=3af4897bebf0305facdd60179df3f8687ea354f661d9241b02892a2f57cb74df
Nov 07 13:33:33 cyb3r-virtual-machine containerd[11914]: time="2025-11-07T13:33:33.667583500-05:00" level=warning msg="cleaning up after shim disconnected" id=3af4897bebf0305facdd60179df3f8687ea354f661d9241b02892a2f57cb74df namespace=moby
Nov 07 13:33:33 cyb3r-virtual-machine containerd[11914]: time="2025-11-07T13:33:33.667591545-05:00" level=info msg="cleaning up dead shim"
Nov 07 13:33:33 cyb3r-virtual-machine containerd[11914]: time="2025-11-07T13:33:33.699573517-05:00" level=warning msg="cleanup warnings time=\"2025-11-07T13:33:33-05:00\" level=info msg=\"starting signal loop\" namespace=moby pid=12747 runtime=io.containerd.runc.v2\ntime=\"2025-11-07T13:33:33-05:00\" level=warning msg=\"failed to read init pid file\" error=\"open /run/containerd/io.containerd.runtime.v2.task/moby/3af4897bebf0305facdd60179df3f8687ea354f661d9241b02892a2f57cb74df/init.pid: no such file or directory\" runtime=io.containerd.runc.v2\n"
Nov 07 13:33:33 cyb3r-virtual-machine containerd[11914]: time="2025-11-07T13:33:33.700435767-05:00" level=error msg="copy shim log" error="read /proc/self/fd/11: file already closed"
Nov 07 13:33:33 cyb3r-virtual-machine containerd[11914]: time="2025-11-07T13:33:33.994049764-05:00" level=info msg="loading plugin \"io.containerd.event.v1.publisher\"..." runtime=io.containerd.runc.v2 type=io.containerd.event.v1
Nov 07 13:33:33 cyb3r-virtual-machine containerd[11914]: time="2025-11-07T13:33:33.994105824-05:00" level=info msg="loading plugin \"io.containerd.internal.v1.shutdown\"..." runtime=io.containerd.runc.v2 type=io.containerd.internal.v1
Nov 07 13:33:33 cyb3r-virtual-machine containerd[11914]: time="2025-11-07T13:33:33.994113609-05:00" level=info msg="loading plugin \"io.containerd.ttrpc.v1.task\"..." runtime=io.containerd.runc.v2 type=io.containerd.ttrpc.v1
Nov 07 13:33:33 cyb3r-virtual-machine containerd[11914]: time="2025-11-07T13:33:33.994335816-05:00" level=info msg="starting signal loop" namespace=moby path=/run/containerd/io.containerd.runtime.v2.task/moby/adeffbe3003baee0e746ce386fd3cc42bf77facc635ed53379076c2210cd6911 pid=12783 runtime=io.containerd.runc.v2
Nov 07 13:33:34 cyb3r-virtual-machine containerd[11914]: time="2025-11-07T13:33:34.235011958-05:00" level=info msg="shim disconnected" id=adeffbe3003baee0e746ce386fd3cc42bf77facc635ed53379076c2210cd6911
Nov 07 13:33:34 cyb3r-virtual-machine containerd[11914]: time="2025-11-07T13:33:34.235270317-05:00" level=warning msg="cleaning up after shim disconnected" id=adeffbe3003baee0e746ce386fd3cc42bf77facc635ed53379076c2210cd6911 namespace=moby
Nov 07 13:33:34 cyb3r-virtual-machine containerd[11914]: time="2025-11-07T13:33:34.235280864-05:00" level=info msg="cleaning up dead shim"
Nov 07 13:33:34 cyb3r-virtual-machine containerd[11914]: time="2025-11-07T13:33:34.256982967-05:00" level=warning msg="cleanup warnings time=\"2025-11-07T13:33:34-05:00\" level=info msg=\"starting signal loop\" namespace=moby pid=12820 runtime=io.containerd.runc.v2\ntime=\"2025-11-07T13:33:34-05:00\" level=warning msg=\"failed to read init pid file\" error=\"open /run/containerd/io.containerd.runtime.v2.task/moby/adeffbe3003baee0e746ce386fd3cc42bf77facc635ed53379076c2210cd6911/init.pid: no such file or directory\" runtime=io.containerd.runc.v2\n"
Nov 07 13:33:34 cyb3r-virtual-machine containerd[11914]: time="2025-11-07T13:33:34.257756982-05:00" level=error msg="copy shim log" error="read /proc/self/fd/11: file already closed"
Nov 07 13:33:34 cyb3r-virtual-machine containerd[11914]: time="2025-11-07T13:33:34.490636968-05:00" level=info msg="loading plugin \"io.containerd.event.v1.publisher\"..." runtime=io.containerd.runc.v2 type=io.containerd.event.v1
Nov 07 13:33:34 cyb3r-virtual-machine containerd[11914]: time="2025-11-07T13:33:34.490771497-05:00" level=info msg="loading plugin \"io.containerd.internal.v1.shutdown\"..." runtime=io.containerd.runc.v2 type=io.containerd.internal.v1
Nov 07 13:33:34 cyb3r-virtual-machine containerd[11914]: time="2025-11-07T13:33:34.490795124-05:00" level=info msg="loading plugin \"io.containerd.ttrpc.v1.task\"..." runtime=io.containerd.runc.v2 type=io.containerd.ttrpc.v1
Nov 07 13:33:34 cyb3r-virtual-machine containerd[11914]: time="2025-11-07T13:33:34.491178394-05:00" level=info msg="starting signal loop" namespace=moby path=/run/containerd/io.containerd.runtime.v2.task/moby/4373af87668092a59c74086fed3e8148bbf63f2af72beb77a74744f0d2110a98 pid=12861 runtime=io.containerd.runc.v2
Nov 07 13:33:34 cyb3r-virtual-machine containerd[11914]: time="2025-11-07T13:33:34.722245779-05:00" level=info msg="shim disconnected" id=4373af87668092a59c74086fed3e8148bbf63f2af72beb77a74744f0d2110a98
Nov 07 13:33:34 cyb3r-virtual-machine containerd[11914]: time="2025-11-07T13:33:34.722538841-05:00" level=warning msg="cleaning up after shim disconnected" id=4373af87668092a59c74086fed3e8148bbf63f2af72beb77a74744f0d2110a98 namespace=moby
Nov 07 13:33:34 cyb3r-virtual-machine containerd[11914]: time="2025-11-07T13:33:34.722558765-05:00" level=info msg="cleaning up dead shim"
Nov 07 13:33:34 cyb3r-virtual-machine containerd[11914]: time="2025-11-07T13:33:34.741326478-05:00" level=warning msg="cleanup warnings time=\"2025-11-07T13:33:34-05:00\" level=info msg=\"starting signal loop\" namespace=moby pid=12898 runtime=io.containerd.runc.v2\ntime=\"2025-11-07T13:33:34-05:00\" level=warning msg=\"failed to read init pid file\" error=\"open /run/containerd/io.containerd.runtime.v2.task/moby/4373af87668092a59c74086fed3e8148bbf63f2af72beb77a74744f0d2110a98/init.pid: no such file or directory\" runtime=io.containerd.runc.v2\n"
Nov 07 13:33:34 cyb3r-virtual-machine containerd[11914]: time="2025-11-07T13:33:34.741582722-05:00" level=error msg="copy shim log" error="read /proc/self/fd/11: file already closed"
Nov 07 13:33:35 cyb3r-virtual-machine containerd[11914]: time="2025-11-07T13:33:35.018756478-05:00" level=info msg="loading plugin \"io.containerd.event.v1.publisher\"..." runtime=io.containerd.runc.v2 type=io.containerd.event.v1
Nov 07 13:33:35 cyb3r-virtual-machine containerd[11914]: time="2025-11-07T13:33:35.018803696-05:00" level=info msg="loading plugin \"io.containerd.internal.v1.shutdown\"..." runtime=io.containerd.runc.v2 type=io.containerd.internal.v1
Nov 07 13:33:35 cyb3r-virtual-machine containerd[11914]: time="2025-11-07T13:33:35.018810878-05:00" level=info msg="loading plugin \"io.containerd.ttrpc.v1.task\"..." runtime=io.containerd.runc.v2 type=io.containerd.ttrpc.v1
Nov 07 13:33:35 cyb3r-virtual-machine containerd[11914]: time="2025-11-07T13:33:35.019555236-05:00" level=info msg="starting signal loop" namespace=moby path=/run/containerd/io.containerd.runtime.v2.task/moby/8fb77248d0455dbbc2c50be52ed5f6e48448e4927eb74dd7e1e973832cf6e900 pid=12940 runtime=io.containerd.runc.v2
Nov 07 13:33:35 cyb3r-virtual-machine containerd[11914]: time="2025-11-07T13:33:35.202146910-05:00" level=info msg="shim disconnected" id=8fb77248d0455dbbc2c50be52ed5f6e48448e4927eb74dd7e1e973832cf6e900
Nov 07 13:33:35 cyb3r-virtual-machine containerd[11914]: time="2025-11-07T13:33:35.202214809-05:00" level=warning msg="cleaning up after shim disconnected" id=8fb77248d0455dbbc2c50be52ed5f6e48448e4927eb74dd7e1e973832cf6e900 namespace=moby
Nov 07 13:33:35 cyb3r-virtual-machine containerd[11914]: time="2025-11-07T13:33:35.202240717-05:00" level=info msg="cleaning up dead shim"
Nov 07 13:33:35 cyb3r-virtual-machine containerd[11914]: time="2025-11-07T13:33:35.219150343-05:00" level=warning msg="cleanup warnings time=\"2025-11-07T13:33:35-05:00\" level=info msg=\"starting signal loop\" namespace=moby pid=12973 runtime=io.containerd.runc.v2\ntime=\"2025-11-07T13:33:35-05:00\" level=warning msg=\"failed to read init pid file\" error=\"open /run/containerd/io.containerd.runtime.v2.task/moby/8fb77248d0455dbbc2c50be52ed5f6e48448e4927eb74dd7e1e973832cf6e900/init.pid: no such file or directory\" runtime=io.containerd.runc.v2\n"
Nov 07 13:33:35 cyb3r-virtual-machine containerd[11914]: time="2025-11-07T13:33:35.219349965-05:00" level=error msg="copy shim log" error="read /proc/self/fd/11: file already closed"
Nov 07 13:33:35 cyb3r-virtual-machine containerd[11914]: time="2025-11-07T13:33:35.494284655-05:00" level=info msg="loading plugin \"io.containerd.event.v1.publisher\"..." runtime=io.containerd.runc.v2 type=io.containerd.event.v1
Nov 07 13:33:35 cyb3r-virtual-machine containerd[11914]: time="2025-11-07T13:33:35.494333020-05:00" level=info msg="loading plugin \"io.containerd.internal.v1.shutdown\"..." runtime=io.containerd.runc.v2 type=io.containerd.internal.v1
Nov 07 13:33:35 cyb3r-virtual-machine containerd[11914]: time="2025-11-07T13:33:35.494339115-05:00" level=info msg="loading plugin \"io.containerd.ttrpc.v1.task\"..." runtime=io.containerd.runc.v2 type=io.containerd.ttrpc.v1
Nov 07 13:33:35 cyb3r-virtual-machine containerd[11914]: time="2025-11-07T13:33:35.494532169-05:00" level=info msg="starting signal loop" namespace=moby path=/run/containerd/io.containerd.runtime.v2.task/moby/a5e8568ffae1b593486b912b68a94c87773c1fb80df7579778a3c4023fea1fdb pid=13013 runtime=io.containerd.runc.v2
Nov 07 13:33:35 cyb3r-virtual-machine containerd[11914]: time="2025-11-07T13:33:35.653504751-05:00" level=info msg="shim disconnected" id=a5e8568ffae1b593486b912b68a94c87773c1fb80df7579778a3c4023fea1fdb
Nov 07 13:33:35 cyb3r-virtual-machine containerd[11914]: time="2025-11-07T13:33:35.653568839-05:00" level=warning msg="cleaning up after shim disconnected" id=a5e8568ffae1b593486b912b68a94c87773c1fb80df7579778a3c4023fea1fdb namespace=moby
Nov 07 13:33:35 cyb3r-virtual-machine containerd[11914]: time="2025-11-07T13:33:35.653580100-05:00" level=info msg="cleaning up dead shim"
Nov 07 13:33:35 cyb3r-virtual-machine containerd[11914]: time="2025-11-07T13:33:35.673114318-05:00" level=warning msg="cleanup warnings time=\"2025-11-07T13:33:35-05:00\" level=info msg=\"starting signal loop\" namespace=moby pid=13050 runtime=io.containerd.runc.v2\ntime=\"2025-11-07T13:33:35-05:00\" level=warning msg=\"failed to read init pid file\" error=\"open /run/containerd/io.containerd.runtime.v2.task/moby/a5e8568ffae1b593486b912b68a94c87773c1fb80df7579778a3c4023fea1fdb/init.pid: no such file or directory\" runtime=io.containerd.runc.v2\n"
Nov 07 13:33:35 cyb3r-virtual-machine containerd[11914]: time="2025-11-07T13:33:35.673805614-05:00" level=error msg="copy shim log" error="read /proc/self/fd/11: file already closed"
Nov 07 13:33:36 cyb3r-virtual-machine containerd[11914]: time="2025-11-07T13:33:36.103410988-05:00" level=info msg="loading plugin \"io.containerd.event.v1.publisher\"..." runtime=io.containerd.runc.v2 type=io.containerd.event.v1
Nov 07 13:33:36 cyb3r-virtual-machine containerd[11914]: time="2025-11-07T13:33:36.103475471-05:00" level=info msg="loading plugin \"io.containerd.internal.v1.shutdown\"..." runtime=io.containerd.runc.v2 type=io.containerd.internal.v1
Nov 07 13:33:36 cyb3r-virtual-machine containerd[11914]: time="2025-11-07T13:33:36.103483080-05:00" level=info msg="loading plugin \"io.containerd.ttrpc.v1.task\"..." runtime=io.containerd.runc.v2 type=io.containerd.ttrpc.v1
Nov 07 13:33:36 cyb3r-virtual-machine containerd[11914]: time="2025-11-07T13:33:36.103618851-05:00" level=info msg="starting signal loop" namespace=moby path=/run/containerd/io.containerd.runtime.v2.task/moby/d6a9909459204c07f0504ec86f2f27184974b4af994ddf78face227b62f90336 pid=13089 runtime=io.containerd.runc.v2
Nov 07 13:33:36 cyb3r-virtual-machine containerd[11914]: time="2025-11-07T13:33:36.317560748-05:00" level=info msg="shim disconnected" id=d6a9909459204c07f0504ec86f2f27184974b4af994ddf78face227b62f90336
Nov 07 13:33:36 cyb3r-virtual-machine containerd[11914]: time="2025-11-07T13:33:36.317660040-05:00" level=warning msg="cleaning up after shim disconnected" id=d6a9909459204c07f0504ec86f2f27184974b4af994ddf78face227b62f90336 namespace=moby
Nov 07 13:33:36 cyb3r-virtual-machine containerd[11914]: time="2025-11-07T13:33:36.317667242-05:00" level=info msg="cleaning up dead shim"
Nov 07 13:33:36 cyb3r-virtual-machine containerd[11914]: time="2025-11-07T13:33:36.340413659-05:00" level=warning msg="cleanup warnings time=\"2025-11-07T13:33:36-05:00\" level=info msg=\"starting signal loop\" namespace=moby pid=13123 runtime=io.containerd.runc.v2\ntime=\"2025-11-07T13:33:36-05:00\" level=warning msg=\"failed to read init pid file\" error=\"open /run/containerd/io.containerd.runtime.v2.task/moby/d6a9909459204c07f0504ec86f2f27184974b4af994ddf78face227b62f90336/init.pid: no such file or directory\" runtime=io.containerd.runc.v2\n"
Nov 07 13:33:36 cyb3r-virtual-machine containerd[11914]: time="2025-11-07T13:33:36.340650971-05:00" level=error msg="copy shim log" error="read /proc/self/fd/11: file already closed"
Nov 07 13:33:36 cyb3r-virtual-machine containerd[11914]: time="2025-11-07T13:33:36.589387392-05:00" level=info msg="loading plugin \"io.containerd.event.v1.publisher\"..." runtime=io.containerd.runc.v2 type=io.containerd.event.v1
Nov 07 13:33:36 cyb3r-virtual-machine containerd[11914]: time="2025-11-07T13:33:36.589438104-05:00" level=info msg="loading plugin \"io.containerd.internal.v1.shutdown\"..." runtime=io.containerd.runc.v2 type=io.containerd.internal.v1
Nov 07 13:33:36 cyb3r-virtual-machine containerd[11914]: time="2025-11-07T13:33:36.589445093-05:00" level=info msg="loading plugin \"io.containerd.ttrpc.v1.task\"..." runtime=io.containerd.runc.v2 type=io.containerd.ttrpc.v1
Nov 07 13:33:36 cyb3r-virtual-machine containerd[11914]: time="2025-11-07T13:33:36.590263708-05:00" level=info msg="starting signal loop" namespace=moby path=/run/containerd/io.containerd.runtime.v2.task/moby/ee3f0f45c1ba43eb60ba2db45fd763c0461379adf77b555797c10c4790fac7ca pid=13164 runtime=io.containerd.runc.v2
Nov 07 13:33:36 cyb3r-virtual-machine containerd[11914]: time="2025-11-07T13:33:36.827360649-05:00" level=info msg="shim disconnected" id=ee3f0f45c1ba43eb60ba2db45fd763c0461379adf77b555797c10c4790fac7ca
Nov 07 13:33:36 cyb3r-virtual-machine containerd[11914]: time="2025-11-07T13:33:36.827820243-05:00" level=warning msg="cleaning up after shim disconnected" id=ee3f0f45c1ba43eb60ba2db45fd763c0461379adf77b555797c10c4790fac7ca namespace=moby
Nov 07 13:33:36 cyb3r-virtual-machine containerd[11914]: time="2025-11-07T13:33:36.828505575-05:00" level=info msg="cleaning up dead shim"
Nov 07 13:33:36 cyb3r-virtual-machine containerd[11914]: time="2025-11-07T13:33:36.843629811-05:00" level=warning msg="cleanup warnings time=\"2025-11-07T13:33:36-05:00\" level=info msg=\"starting signal loop\" namespace=moby pid=13198 runtime=io.containerd.runc.v2\ntime=\"2025-11-07T13:33:36-05:00\" level=warning msg=\"failed to remove runc container\" error=\"runc did not terminate successfully: exit status 255: \" runtime=io.containerd.runc.v2\ntime=\"2025-11-07T13:33:36-05:00\" level=warning msg=\"failed to read init pid file\" error=\"open /run/containerd/io.containerd.runtime.v2.task/moby/ee3f0f45c1ba43eb60ba2db45fd763c0461379adf77b555797c10c4790fac7ca/init.pid: no such file or directory\" runtime=io.containerd.runc.v2\n"
Nov 07 13:33:36 cyb3r-virtual-machine containerd[11914]: time="2025-11-07T13:33:36.843842662-05:00" level=error msg="copy shim log" error="read /proc/self/fd/11: file already closed"
Nov 07 13:33:37 cyb3r-virtual-machine containerd[11914]: time="2025-11-07T13:33:37.100596325-05:00" level=info msg="loading plugin \"io.containerd.event.v1.publisher\"..." runtime=io.containerd.runc.v2 type=io.containerd.event.v1
Nov 07 13:33:37 cyb3r-virtual-machine containerd[11914]: time="2025-11-07T13:33:37.100659882-05:00" level=info msg="loading plugin \"io.containerd.internal.v1.shutdown\"..." runtime=io.containerd.runc.v2 type=io.containerd.internal.v1
Nov 07 13:33:37 cyb3r-virtual-machine containerd[11914]: time="2025-11-07T13:33:37.100667878-05:00" level=info msg="loading plugin \"io.containerd.ttrpc.v1.task\"..." runtime=io.containerd.runc.v2 type=io.containerd.ttrpc.v1
Nov 07 13:33:37 cyb3r-virtual-machine containerd[11914]: time="2025-11-07T13:33:37.101415691-05:00" level=info msg="starting signal loop" namespace=moby path=/run/containerd/io.containerd.runtime.v2.task/moby/febc9a4ae6818f7a59ae279ebd9116661d026a539573096dc2ea7bf7f2c8a911 pid=13232 runtime=io.containerd.runc.v2
Nov 07 13:33:37 cyb3r-virtual-machine containerd[11914]: time="2025-11-07T13:33:37.281051467-05:00" level=info msg="shim disconnected" id=febc9a4ae6818f7a59ae279ebd9116661d026a539573096dc2ea7bf7f2c8a911
Nov 07 13:33:37 cyb3r-virtual-machine containerd[11914]: time="2025-11-07T13:33:37.282550537-05:00" level=warning msg="cleaning up after shim disconnected" id=febc9a4ae6818f7a59ae279ebd9116661d026a539573096dc2ea7bf7f2c8a911 namespace=moby
Nov 07 13:33:37 cyb3r-virtual-machine containerd[11914]: time="2025-11-07T13:33:37.282594426-05:00" level=info msg="cleaning up dead shim"
Nov 07 13:33:37 cyb3r-virtual-machine containerd[11914]: time="2025-11-07T13:33:37.301805112-05:00" level=warning msg="cleanup warnings time=\"2025-11-07T13:33:37-05:00\" level=info msg=\"starting signal loop\" namespace=moby pid=13274 runtime=io.containerd.runc.v2\ntime=\"2025-11-07T13:33:37-05:00\" level=warning msg=\"failed to read init pid file\" error=\"open /run/containerd/io.containerd.runtime.v2.task/moby/febc9a4ae6818f7a59ae279ebd9116661d026a539573096dc2ea7bf7f2c8a911/init.pid: no such file or directory\" runtime=io.containerd.runc.v2\n"
Nov 07 13:33:37 cyb3r-virtual-machine containerd[11914]: time="2025-11-07T13:33:37.302595295-05:00" level=error msg="copy shim log" error="read /proc/self/fd/11: file already closed"
Nov 07 13:33:37 cyb3r-virtual-machine containerd[11914]: time="2025-11-07T13:33:37.599454948-05:00" level=info msg="loading plugin \"io.containerd.event.v1.publisher\"..." runtime=io.containerd.runc.v2 type=io.containerd.event.v1
Nov 07 13:33:37 cyb3r-virtual-machine containerd[11914]: time="2025-11-07T13:33:37.599535958-05:00" level=info msg="loading plugin \"io.containerd.internal.v1.shutdown\"..." runtime=io.containerd.runc.v2 type=io.containerd.internal.v1
Nov 07 13:33:37 cyb3r-virtual-machine containerd[11914]: time="2025-11-07T13:33:37.599549192-05:00" level=info msg="loading plugin \"io.containerd.ttrpc.v1.task\"..." runtime=io.containerd.runc.v2 type=io.containerd.ttrpc.v1
Nov 07 13:33:37 cyb3r-virtual-machine containerd[11914]: time="2025-11-07T13:33:37.600258001-05:00" level=info msg="starting signal loop" namespace=moby path=/run/containerd/io.containerd.runtime.v2.task/moby/e3cab8856b120632771f234a27fc05e6f8e76dd3397e5d6eeceea192000b318d pid=13314 runtime=io.containerd.runc.v2
Nov 07 13:33:37 cyb3r-virtual-machine containerd[11914]: time="2025-11-07T13:33:37.771508169-05:00" level=info msg="shim disconnected" id=e3cab8856b120632771f234a27fc05e6f8e76dd3397e5d6eeceea192000b318d
Nov 07 13:33:37 cyb3r-virtual-machine containerd[11914]: time="2025-11-07T13:33:37.771566676-05:00" level=warning msg="cleaning up after shim disconnected" id=e3cab8856b120632771f234a27fc05e6f8e76dd3397e5d6eeceea192000b318d namespace=moby
Nov 07 13:33:37 cyb3r-virtual-machine containerd[11914]: time="2025-11-07T13:33:37.771573870-05:00" level=info msg="cleaning up dead shim"
Nov 07 13:33:37 cyb3r-virtual-machine containerd[11914]: time="2025-11-07T13:33:37.785747226-05:00" level=warning msg="cleanup warnings time=\"2025-11-07T13:33:37-05:00\" level=info msg=\"starting signal loop\" namespace=moby pid=13350 runtime=io.containerd.runc.v2\ntime=\"2025-11-07T13:33:37-05:00\" level=warning msg=\"failed to read init pid file\" error=\"open /run/containerd/io.containerd.runtime.v2.task/moby/e3cab8856b120632771f234a27fc05e6f8e76dd3397e5d6eeceea192000b318d/init.pid: no such file or directory\" runtime=io.containerd.runc.v2\n"
Nov 07 13:33:37 cyb3r-virtual-machine containerd[11914]: time="2025-11-07T13:33:37.785938620-05:00" level=error msg="copy shim log" error="read /proc/self/fd/11: file already closed"
Nov 07 13:33:38 cyb3r-virtual-machine containerd[11914]: time="2025-11-07T13:33:38.046052404-05:00" level=info msg="loading plugin \"io.containerd.event.v1.publisher\"..." runtime=io.containerd.runc.v2 type=io.containerd.event.v1
Nov 07 13:33:38 cyb3r-virtual-machine containerd[11914]: time="2025-11-07T13:33:38.046122863-05:00" level=info msg="loading plugin \"io.containerd.internal.v1.shutdown\"..." runtime=io.containerd.runc.v2 type=io.containerd.internal.v1
Nov 07 13:33:38 cyb3r-virtual-machine containerd[11914]: time="2025-11-07T13:33:38.046135686-05:00" level=info msg="loading plugin \"io.containerd.ttrpc.v1.task\"..." runtime=io.containerd.runc.v2 type=io.containerd.ttrpc.v1
Nov 07 13:33:38 cyb3r-virtual-machine containerd[11914]: time="2025-11-07T13:33:38.046268497-05:00" level=info msg="starting signal loop" namespace=moby path=/run/containerd/io.containerd.runtime.v2.task/moby/5b8fc1cef4478cc489d9ae6fd4b8fb5f0bbca526f7681ae97d34012a918b8f10 pid=13380 runtime=io.containerd.runc.v2
Nov 07 13:33:38 cyb3r-virtual-machine containerd[11914]: time="2025-11-07T13:33:38.252174113-05:00" level=info msg="shim disconnected" id=5b8fc1cef4478cc489d9ae6fd4b8fb5f0bbca526f7681ae97d34012a918b8f10
Nov 07 13:33:38 cyb3r-virtual-machine containerd[11914]: time="2025-11-07T13:33:38.252267549-05:00" level=warning msg="cleaning up after shim disconnected" id=5b8fc1cef4478cc489d9ae6fd4b8fb5f0bbca526f7681ae97d34012a918b8f10 namespace=moby
Nov 07 13:33:38 cyb3r-virtual-machine containerd[11914]: time="2025-11-07T13:33:38.252284674-05:00" level=info msg="cleaning up dead shim"
Nov 07 13:33:38 cyb3r-virtual-machine containerd[11914]: time="2025-11-07T13:33:38.266737535-05:00" level=warning msg="cleanup warnings time=\"2025-11-07T13:33:38-05:00\" level=info msg=\"starting signal loop\" namespace=moby pid=13425 runtime=io.containerd.runc.v2\ntime=\"2025-11-07T13:33:38-05:00\" level=warning msg=\"failed to read init pid file\" error=\"open /run/containerd/io.containerd.runtime.v2.task/moby/5b8fc1cef4478cc489d9ae6fd4b8fb5f0bbca526f7681ae97d34012a918b8f10/init.pid: no such file or directory\" runtime=io.containerd.runc.v2\n"
Nov 07 13:33:38 cyb3r-virtual-machine containerd[11914]: time="2025-11-07T13:33:38.267041895-05:00" level=error msg="copy shim log" error="read /proc/self/fd/11: file already closed"
Nov 07 13:33:38 cyb3r-virtual-machine containerd[11914]: time="2025-11-07T13:33:38.587933703-05:00" level=info msg="loading plugin \"io.containerd.event.v1.publisher\"..." runtime=io.containerd.runc.v2 type=io.containerd.event.v1
Nov 07 13:33:38 cyb3r-virtual-machine containerd[11914]: time="2025-11-07T13:33:38.588914397-05:00" level=info msg="loading plugin \"io.containerd.internal.v1.shutdown\"..." runtime=io.containerd.runc.v2 type=io.containerd.internal.v1
Nov 07 13:33:38 cyb3r-virtual-machine containerd[11914]: time="2025-11-07T13:33:38.588943355-05:00" level=info msg="loading plugin \"io.containerd.ttrpc.v1.task\"..." runtime=io.containerd.runc.v2 type=io.containerd.ttrpc.v1
Nov 07 13:33:38 cyb3r-virtual-machine containerd[11914]: time="2025-11-07T13:33:38.590391808-05:00" level=info msg="starting signal loop" namespace=moby path=/run/containerd/io.containerd.runtime.v2.task/moby/27821efbf13f7935cf0bcb098a39550d3cc20aa51745d46f133e5deee555962b pid=13461 runtime=io.containerd.runc.v2
Nov 07 13:33:38 cyb3r-virtual-machine containerd[11914]: time="2025-11-07T13:33:38.765607048-05:00" level=info msg="shim disconnected" id=27821efbf13f7935cf0bcb098a39550d3cc20aa51745d46f133e5deee555962b
Nov 07 13:33:38 cyb3r-virtual-machine containerd[11914]: time="2025-11-07T13:33:38.765790870-05:00" level=warning msg="cleaning up after shim disconnected" id=27821efbf13f7935cf0bcb098a39550d3cc20aa51745d46f133e5deee555962b namespace=moby
Nov 07 13:33:38 cyb3r-virtual-machine containerd[11914]: time="2025-11-07T13:33:38.765799339-05:00" level=info msg="cleaning up dead shim"
Nov 07 13:33:38 cyb3r-virtual-machine containerd[11914]: time="2025-11-07T13:33:38.784178783-05:00" level=warning msg="cleanup warnings time=\"2025-11-07T13:33:38-05:00\" level=info msg=\"starting signal loop\" namespace=moby pid=13502 runtime=io.containerd.runc.v2\ntime=\"2025-11-07T13:33:38-05:00\" level=warning msg=\"failed to read init pid file\" error=\"open /run/containerd/io.containerd.runtime.v2.task/moby/27821efbf13f7935cf0bcb098a39550d3cc20aa51745d46f133e5deee555962b/init.pid: no such file or directory\" runtime=io.containerd.runc.v2\n"
Nov 07 13:33:38 cyb3r-virtual-machine containerd[11914]: time="2025-11-07T13:33:38.787358074-05:00" level=error msg="copy shim log" error="read /proc/self/fd/11: file already closed"
Nov 07 13:34:14 cyb3r-virtual-machine containerd[11914]: time="2025-11-07T13:34:14.835803466-05:00" level=info msg="loading plugin \"io.containerd.event.v1.publisher\"..." runtime=io.containerd.runc.v2 type=io.containerd.event.v1
Nov 07 13:34:14 cyb3r-virtual-machine containerd[11914]: time="2025-11-07T13:34:14.836338887-05:00" level=info msg="loading plugin \"io.containerd.internal.v1.shutdown\"..." runtime=io.containerd.runc.v2 type=io.containerd.internal.v1
Nov 07 13:34:14 cyb3r-virtual-machine containerd[11914]: time="2025-11-07T13:34:14.836426179-05:00" level=info msg="loading plugin \"io.containerd.ttrpc.v1.task\"..." runtime=io.containerd.runc.v2 type=io.containerd.ttrpc.v1
Nov 07 13:34:14 cyb3r-virtual-machine containerd[11914]: time="2025-11-07T13:34:14.836969214-05:00" level=info msg="starting signal loop" namespace=moby path=/run/containerd/io.containerd.runtime.v2.task/moby/c8f48993b74f9f5d0913f18caacd7340ed6df719ca64fdcf3e2c63d7225fe5b4 pid=13552 runtime=io.containerd.runc.v2
Nov 07 15:00:03 cyb3r-virtual-machine containerd[11914]: time="2025-11-07T15:00:03.587728442-05:00" level=info msg="loading plugin \"io.containerd.event.v1.publisher\"..." runtime=io.containerd.runc.v2 type=io.containerd.event.v1
Nov 07 15:00:03 cyb3r-virtual-machine containerd[11914]: time="2025-11-07T15:00:03.587838839-05:00" level=info msg="loading plugin \"io.containerd.internal.v1.shutdown\"..." runtime=io.containerd.runc.v2 type=io.containerd.internal.v1
Nov 07 15:00:03 cyb3r-virtual-machine containerd[11914]: time="2025-11-07T15:00:03.587845851-05:00" level=info msg="loading plugin \"io.containerd.ttrpc.v1.task\"..." runtime=io.containerd.runc.v2 type=io.containerd.ttrpc.v1
Nov 07 15:00:03 cyb3r-virtual-machine containerd[11914]: time="2025-11-07T15:00:03.588408762-05:00" level=info msg="starting signal loop" namespace=moby path=/run/containerd/io.containerd.runtime.v2.task/moby/fbeebfcce5bad73656fca57510cef52ee748ae837d8f80f4948102779a00fa57 pid=15569 runtime=io.containerd.runc.v2
Nov 07 15:15:16 cyb3r-virtual-machine containerd[11914]: time="2025-11-07T15:15:16.484618790-05:00" level=info msg="loading plugin \"io.containerd.event.v1.publisher\"..." runtime=io.containerd.runc.v2 type=io.containerd.event.v1
Nov 07 15:15:16 cyb3r-virtual-machine containerd[11914]: time="2025-11-07T15:15:16.484670341-05:00" level=info msg="loading plugin \"io.containerd.internal.v1.shutdown\"..." runtime=io.containerd.runc.v2 type=io.containerd.internal.v1
Nov 07 15:15:16 cyb3r-virtual-machine containerd[11914]: time="2025-11-07T15:15:16.484676822-05:00" level=info msg="loading plugin \"io.containerd.ttrpc.v1.task\"..." runtime=io.containerd.runc.v2 type=io.containerd.ttrpc.v1
Nov 07 15:15:16 cyb3r-virtual-machine containerd[11914]: time="2025-11-07T15:15:16.484970711-05:00" level=info msg="starting signal loop" namespace=moby path=/run/containerd/io.containerd.runtime.v2.task/moby/778b0a0626a6513d75d181547ed9b502eb1d0c83bf8e10129d3da5aae45c1ef2 pid=15985 runtime=io.containerd.runc.v2
Nov 07 15:17:47 cyb3r-virtual-machine containerd[11914]: time="2025-11-07T15:17:47.108837606-05:00" level=info msg="shim disconnected" id=778b0a0626a6513d75d181547ed9b502eb1d0c83bf8e10129d3da5aae45c1ef2
Nov 07 15:17:47 cyb3r-virtual-machine containerd[11914]: time="2025-11-07T15:17:47.109890419-05:00" level=warning msg="cleaning up after shim disconnected" id=778b0a0626a6513d75d181547ed9b502eb1d0c83bf8e10129d3da5aae45c1ef2 namespace=moby
Nov 07 15:17:47 cyb3r-virtual-machine containerd[11914]: time="2025-11-07T15:17:47.109911655-05:00" level=info msg="cleaning up dead shim"
Nov 07 15:17:47 cyb3r-virtual-machine containerd[11914]: time="2025-11-07T15:17:47.128412049-05:00" level=warning msg="cleanup warnings time=\"2025-11-07T15:17:47-05:00\" level=info msg=\"starting signal loop\" namespace=moby pid=16054 runtime=io.containerd.runc.v2\n"
Nov 07 15:26:22 cyb3r-virtual-machine containerd[11914]: time="2025-11-07T15:26:22.839926476-05:00" level=info msg="loading plugin \"io.containerd.event.v1.publisher\"..." runtime=io.containerd.runc.v2 type=io.containerd.event.v1
Nov 07 15:26:22 cyb3r-virtual-machine containerd[11914]: time="2025-11-07T15:26:22.840143418-05:00" level=info msg="loading plugin \"io.containerd.internal.v1.shutdown\"..." runtime=io.containerd.runc.v2 type=io.containerd.internal.v1
Nov 07 15:26:22 cyb3r-virtual-machine containerd[11914]: time="2025-11-07T15:26:22.840548574-05:00" level=info msg="loading plugin \"io.containerd.ttrpc.v1.task\"..." runtime=io.containerd.runc.v2 type=io.containerd.ttrpc.v1
Nov 07 15:26:22 cyb3r-virtual-machine containerd[11914]: time="2025-11-07T15:26:22.843604409-05:00" level=info msg="starting signal loop" namespace=moby path=/run/containerd/io.containerd.runtime.v2.task/moby/09b41ae01077618fe640cc4d9864d1aeea7e9123586840825ee9244f7b75ea6d pid=16254 runtime=io.containerd.runc.v2
Nov 07 16:19:45 cyb3r-virtual-machine containerd[11914]: time="2025-11-07T16:19:45.673799507-05:00" level=info msg="loading plugin \"io.containerd.event.v1.publisher\"..." runtime=io.containerd.runc.v2 type=io.containerd.event.v1
Nov 07 16:19:45 cyb3r-virtual-machine containerd[11914]: time="2025-11-07T16:19:45.673985557-05:00" level=info msg="loading plugin \"io.containerd.internal.v1.shutdown\"..." runtime=io.containerd.runc.v2 type=io.containerd.internal.v1
Nov 07 16:19:45 cyb3r-virtual-machine containerd[11914]: time="2025-11-07T16:19:45.673993232-05:00" level=info msg="loading plugin \"io.containerd.ttrpc.v1.task\"..." runtime=io.containerd.runc.v2 type=io.containerd.ttrpc.v1
Nov 07 16:19:45 cyb3r-virtual-machine containerd[11914]: time="2025-11-07T16:19:45.674944167-05:00" level=info msg="starting signal loop" namespace=moby path=/run/containerd/io.containerd.runtime.v2.task/moby/a2639902eb36841b78af10eb903e7cd0c043a7977625ab5e7641a43fb3285f55 pid=17268 runtime=io.containerd.runc.v2
Nov 07 17:57:51 cyb3r-virtual-machine containerd[11914]: time="2025-11-07T17:57:51.308330608-05:00" level=info msg="shim disconnected" id=a2639902eb36841b78af10eb903e7cd0c043a7977625ab5e7641a43fb3285f55
Nov 07 17:57:51 cyb3r-virtual-machine containerd[11914]: time="2025-11-07T17:57:51.308435521-05:00" level=warning msg="cleaning up after shim disconnected" id=a2639902eb36841b78af10eb903e7cd0c043a7977625ab5e7641a43fb3285f55 namespace=moby
Nov 07 17:57:51 cyb3r-virtual-machine containerd[11914]: time="2025-11-07T17:57:51.308447556-05:00" level=info msg="cleaning up dead shim"
Nov 07 17:57:51 cyb3r-virtual-machine containerd[11914]: time="2025-11-07T17:57:51.327672222-05:00" level=warning msg="cleanup warnings time=\"2025-11-07T17:57:51-05:00\" level=info msg=\"starting signal loop\" namespace=moby pid=18091 runtime=io.containerd.runc.v2\n"
Nov 07 18:00:03 cyb3r-virtual-machine containerd[11914]: time="2025-11-07T18:00:03.346536232-05:00" level=info msg="loading plugin \"io.containerd.event.v1.publisher\"..." runtime=io.containerd.runc.v2 type=io.containerd.event.v1
Nov 07 18:00:03 cyb3r-virtual-machine containerd[11914]: time="2025-11-07T18:00:03.346641755-05:00" level=info msg="loading plugin \"io.containerd.internal.v1.shutdown\"..." runtime=io.containerd.runc.v2 type=io.containerd.internal.v1
Nov 07 18:00:03 cyb3r-virtual-machine containerd[11914]: time="2025-11-07T18:00:03.346649762-05:00" level=info msg="loading plugin \"io.containerd.ttrpc.v1.task\"..." runtime=io.containerd.runc.v2 type=io.containerd.ttrpc.v1
Nov 07 18:00:03 cyb3r-virtual-machine containerd[11914]: time="2025-11-07T18:00:03.348921337-05:00" level=info msg="starting signal loop" namespace=moby path=/run/containerd/io.containerd.runtime.v2.task/moby/0a8c610e81c43cc76dc92018dc0c0fcdfb1a458bb7ac93c6aa54054084321603 pid=18447 runtime=io.containerd.runc.v2
Nov 07 18:00:03 cyb3r-virtual-machine containerd[11914]: time="2025-11-07T18:00:03.656726532-05:00" level=info msg="shim disconnected" id=0a8c610e81c43cc76dc92018dc0c0fcdfb1a458bb7ac93c6aa54054084321603
Nov 07 18:00:03 cyb3r-virtual-machine containerd[11914]: time="2025-11-07T18:00:03.657585460-05:00" level=warning msg="cleaning up after shim disconnected" id=0a8c610e81c43cc76dc92018dc0c0fcdfb1a458bb7ac93c6aa54054084321603 namespace=moby
Nov 07 18:00:03 cyb3r-virtual-machine containerd[11914]: time="2025-11-07T18:00:03.657602880-05:00" level=info msg="cleaning up dead shim"
Nov 07 18:00:03 cyb3r-virtual-machine containerd[11914]: time="2025-11-07T18:00:03.678487584-05:00" level=warning msg="cleanup warnings time=\"2025-11-07T18:00:03-05:00\" level=info msg=\"starting signal loop\" namespace=moby pid=18488 runtime=io.containerd.runc.v2\ntime=\"2025-11-07T18:00:03-05:00\" level=warning msg=\"failed to read init pid file\" error=\"open /run/containerd/io.containerd.runtime.v2.task/moby/0a8c610e81c43cc76dc92018dc0c0fcdfb1a458bb7ac93c6aa54054084321603/init.pid: no such file or directory\" runtime=io.containerd.runc.v2\n"
Nov 07 18:00:03 cyb3r-virtual-machine containerd[11914]: time="2025-11-07T18:00:03.678951109-05:00" level=error msg="copy shim log" error="read /proc/self/fd/23: file already closed"
Nov 07 18:00:40 cyb3r-virtual-machine containerd[11914]: time="2025-11-07T18:00:40.877778478-05:00" level=info msg="loading plugin \"io.containerd.event.v1.publisher\"..." runtime=io.containerd.runc.v2 type=io.containerd.event.v1
Nov 07 18:00:40 cyb3r-virtual-machine containerd[11914]: time="2025-11-07T18:00:40.877978199-05:00" level=info msg="loading plugin \"io.containerd.internal.v1.shutdown\"..." runtime=io.containerd.runc.v2 type=io.containerd.internal.v1
Nov 07 18:00:40 cyb3r-virtual-machine containerd[11914]: time="2025-11-07T18:00:40.877987084-05:00" level=info msg="loading plugin \"io.containerd.ttrpc.v1.task\"..." runtime=io.containerd.runc.v2 type=io.containerd.ttrpc.v1
Nov 07 18:00:40 cyb3r-virtual-machine containerd[11914]: time="2025-11-07T18:00:40.878240343-05:00" level=info msg="starting signal loop" namespace=moby path=/run/containerd/io.containerd.runtime.v2.task/moby/a9feec9252e50ea12aaa2fe2a9f1bbdfb2d960fe616eae7892d8b04721b82f7d pid=18537 runtime=io.containerd.runc.v2
Nov 07 18:00:41 cyb3r-virtual-machine containerd[11914]: time="2025-11-07T18:00:41.214622588-05:00" level=info msg="shim disconnected" id=a9feec9252e50ea12aaa2fe2a9f1bbdfb2d960fe616eae7892d8b04721b82f7d
Nov 07 18:00:41 cyb3r-virtual-machine containerd[11914]: time="2025-11-07T18:00:41.214712487-05:00" level=warning msg="cleaning up after shim disconnected" id=a9feec9252e50ea12aaa2fe2a9f1bbdfb2d960fe616eae7892d8b04721b82f7d namespace=moby
Nov 07 18:00:41 cyb3r-virtual-machine containerd[11914]: time="2025-11-07T18:00:41.214722124-05:00" level=info msg="cleaning up dead shim"
Nov 07 18:00:41 cyb3r-virtual-machine containerd[11914]: time="2025-11-07T18:00:41.236223565-05:00" level=warning msg="cleanup warnings time=\"2025-11-07T18:00:41-05:00\" level=info msg=\"starting signal loop\" namespace=moby pid=18588 runtime=io.containerd.runc.v2\ntime=\"2025-11-07T18:00:41-05:00\" level=warning msg=\"failed to read init pid file\" error=\"open /run/containerd/io.containerd.runtime.v2.task/moby/a9feec9252e50ea12aaa2fe2a9f1bbdfb2d960fe616eae7892d8b04721b82f7d/init.pid: no such file or directory\" runtime=io.containerd.runc.v2\n"
Nov 07 18:00:41 cyb3r-virtual-machine containerd[11914]: time="2025-11-07T18:00:41.239304271-05:00" level=error msg="copy shim log" error="read /proc/self/fd/23: file already closed"
Nov 07 18:00:41 cyb3r-virtual-machine containerd[11914]: time="2025-11-07T18:00:41.598002976-05:00" level=info msg="loading plugin \"io.containerd.event.v1.publisher\"..." runtime=io.containerd.runc.v2 type=io.containerd.event.v1
Nov 07 18:00:41 cyb3r-virtual-machine containerd[11914]: time="2025-11-07T18:00:41.598104417-05:00" level=info msg="loading plugin \"io.containerd.internal.v1.shutdown\"..." runtime=io.containerd.runc.v2 type=io.containerd.internal.v1
Nov 07 18:00:41 cyb3r-virtual-machine containerd[11914]: time="2025-11-07T18:00:41.598117748-05:00" level=info msg="loading plugin \"io.containerd.ttrpc.v1.task\"..." runtime=io.containerd.runc.v2 type=io.containerd.ttrpc.v1
Nov 07 18:00:41 cyb3r-virtual-machine containerd[11914]: time="2025-11-07T18:00:41.598927392-05:00" level=info msg="starting signal loop" namespace=moby path=/run/containerd/io.containerd.runtime.v2.task/moby/d67e70664fbb2af3ef41ba5fc6f1bc31aa0284333489fa3c6ecd4b2507eef6c1 pid=18629 runtime=io.containerd.runc.v2
Nov 07 18:00:41 cyb3r-virtual-machine containerd[11914]: time="2025-11-07T18:00:41.888865866-05:00" level=info msg="shim disconnected" id=d67e70664fbb2af3ef41ba5fc6f1bc31aa0284333489fa3c6ecd4b2507eef6c1
Nov 07 18:00:41 cyb3r-virtual-machine containerd[11914]: time="2025-11-07T18:00:41.888967427-05:00" level=warning msg="cleaning up after shim disconnected" id=d67e70664fbb2af3ef41ba5fc6f1bc31aa0284333489fa3c6ecd4b2507eef6c1 namespace=moby
Nov 07 18:00:41 cyb3r-virtual-machine containerd[11914]: time="2025-11-07T18:00:41.888981447-05:00" level=info msg="cleaning up dead shim"
Nov 07 18:00:41 cyb3r-virtual-machine containerd[11914]: time="2025-11-07T18:00:41.916832176-05:00" level=warning msg="cleanup warnings time=\"2025-11-07T18:00:41-05:00\" level=info msg=\"starting signal loop\" namespace=moby pid=18666 runtime=io.containerd.runc.v2\ntime=\"2025-11-07T18:00:41-05:00\" level=warning msg=\"failed to remove runc container\" error=\"runc did not terminate successfully: exit status 255: \" runtime=io.containerd.runc.v2\ntime=\"2025-11-07T18:00:41-05:00\" level=warning msg=\"failed to read init pid file\" error=\"open /run/containerd/io.containerd.runtime.v2.task/moby/d67e70664fbb2af3ef41ba5fc6f1bc31aa0284333489fa3c6ecd4b2507eef6c1/init.pid: no such file or directory\" runtime=io.containerd.runc.v2\n"
Nov 07 18:00:41 cyb3r-virtual-machine containerd[11914]: time="2025-11-07T18:00:41.918438657-05:00" level=error msg="copy shim log" error="read /proc/self/fd/23: file already closed"
Nov 07 18:00:42 cyb3r-virtual-machine containerd[11914]: time="2025-11-07T18:00:42.316512222-05:00" level=info msg="loading plugin \"io.containerd.event.v1.publisher\"..." runtime=io.containerd.runc.v2 type=io.containerd.event.v1
Nov 07 18:00:42 cyb3r-virtual-machine containerd[11914]: time="2025-11-07T18:00:42.316767097-05:00" level=info msg="loading plugin \"io.containerd.internal.v1.shutdown\"..." runtime=io.containerd.runc.v2 type=io.containerd.internal.v1
Nov 07 18:00:42 cyb3r-virtual-machine containerd[11914]: time="2025-11-07T18:00:42.316830819-05:00" level=info msg="loading plugin \"io.containerd.ttrpc.v1.task\"..." runtime=io.containerd.runc.v2 type=io.containerd.ttrpc.v1
Nov 07 18:00:42 cyb3r-virtual-machine containerd[11914]: time="2025-11-07T18:00:42.317361506-05:00" level=info msg="starting signal loop" namespace=moby path=/run/containerd/io.containerd.runtime.v2.task/moby/3ca53fa603fc84bbc22996e45cd339d042c7084e8a7c42a39fda6e300a2c9339 pid=18702 runtime=io.containerd.runc.v2
Nov 07 18:00:42 cyb3r-virtual-machine containerd[11914]: time="2025-11-07T18:00:42.635551684-05:00" level=info msg="shim disconnected" id=3ca53fa603fc84bbc22996e45cd339d042c7084e8a7c42a39fda6e300a2c9339
Nov 07 18:00:42 cyb3r-virtual-machine containerd[11914]: time="2025-11-07T18:00:42.636234670-05:00" level=warning msg="cleaning up after shim disconnected" id=3ca53fa603fc84bbc22996e45cd339d042c7084e8a7c42a39fda6e300a2c9339 namespace=moby
Nov 07 18:00:42 cyb3r-virtual-machine containerd[11914]: time="2025-11-07T18:00:42.639082049-05:00" level=info msg="cleaning up dead shim"
Nov 07 18:00:42 cyb3r-virtual-machine containerd[11914]: time="2025-11-07T18:00:42.666295220-05:00" level=warning msg="cleanup warnings time=\"2025-11-07T18:00:42-05:00\" level=info msg=\"starting signal loop\" namespace=moby pid=18740 runtime=io.containerd.runc.v2\ntime=\"2025-11-07T18:00:42-05:00\" level=warning msg=\"failed to read init pid file\" error=\"open /run/containerd/io.containerd.runtime.v2.task/moby/3ca53fa603fc84bbc22996e45cd339d042c7084e8a7c42a39fda6e300a2c9339/init.pid: no such file or directory\" runtime=io.containerd.runc.v2\n"
Nov 07 18:00:42 cyb3r-virtual-machine containerd[11914]: time="2025-11-07T18:00:42.666631951-05:00" level=error msg="copy shim log" error="read /proc/self/fd/23: file already closed"
Nov 07 18:00:43 cyb3r-virtual-machine containerd[11914]: time="2025-11-07T18:00:43.109898994-05:00" level=info msg="loading plugin \"io.containerd.event.v1.publisher\"..." runtime=io.containerd.runc.v2 type=io.containerd.event.v1
Nov 07 18:00:43 cyb3r-virtual-machine containerd[11914]: time="2025-11-07T18:00:43.109986463-05:00" level=info msg="loading plugin \"io.containerd.internal.v1.shutdown\"..." runtime=io.containerd.runc.v2 type=io.containerd.internal.v1
Nov 07 18:00:43 cyb3r-virtual-machine containerd[11914]: time="2025-11-07T18:00:43.109993630-05:00" level=info msg="loading plugin \"io.containerd.ttrpc.v1.task\"..." runtime=io.containerd.runc.v2 type=io.containerd.ttrpc.v1
Nov 07 18:00:43 cyb3r-virtual-machine containerd[11914]: time="2025-11-07T18:00:43.110481321-05:00" level=info msg="starting signal loop" namespace=moby path=/run/containerd/io.containerd.runtime.v2.task/moby/09c49c4755e2b67fbd0a1894e65ce455db5a8e86f8d291fbded20200056e8344 pid=18780 runtime=io.containerd.runc.v2
Nov 07 18:00:43 cyb3r-virtual-machine containerd[11914]: time="2025-11-07T18:00:43.362220921-05:00" level=info msg="shim disconnected" id=09c49c4755e2b67fbd0a1894e65ce455db5a8e86f8d291fbded20200056e8344
Nov 07 18:00:43 cyb3r-virtual-machine containerd[11914]: time="2025-11-07T18:00:43.362289310-05:00" level=warning msg="cleaning up after shim disconnected" id=09c49c4755e2b67fbd0a1894e65ce455db5a8e86f8d291fbded20200056e8344 namespace=moby
Nov 07 18:00:43 cyb3r-virtual-machine containerd[11914]: time="2025-11-07T18:00:43.363125095-05:00" level=info msg="cleaning up dead shim"
Nov 07 18:00:43 cyb3r-virtual-machine containerd[11914]: time="2025-11-07T18:00:43.390283596-05:00" level=warning msg="cleanup warnings time=\"2025-11-07T18:00:43-05:00\" level=info msg=\"starting signal loop\" namespace=moby pid=18816 runtime=io.containerd.runc.v2\ntime=\"2025-11-07T18:00:43-05:00\" level=warning msg=\"failed to read init pid file\" error=\"open /run/containerd/io.containerd.runtime.v2.task/moby/09c49c4755e2b67fbd0a1894e65ce455db5a8e86f8d291fbded20200056e8344/init.pid: no such file or directory\" runtime=io.containerd.runc.v2\n"
Nov 07 18:00:43 cyb3r-virtual-machine containerd[11914]: time="2025-11-07T18:00:43.390649264-05:00" level=error msg="copy shim log" error="read /proc/self/fd/23: file already closed"
Nov 07 18:00:43 cyb3r-virtual-machine containerd[11914]: time="2025-11-07T18:00:43.746032466-05:00" level=info msg="loading plugin \"io.containerd.event.v1.publisher\"..." runtime=io.containerd.runc.v2 type=io.containerd.event.v1
Nov 07 18:00:43 cyb3r-virtual-machine containerd[11914]: time="2025-11-07T18:00:43.746688710-05:00" level=info msg="loading plugin \"io.containerd.internal.v1.shutdown\"..." runtime=io.containerd.runc.v2 type=io.containerd.internal.v1
Nov 07 18:00:43 cyb3r-virtual-machine containerd[11914]: time="2025-11-07T18:00:43.747008091-05:00" level=info msg="loading plugin \"io.containerd.ttrpc.v1.task\"..." runtime=io.containerd.runc.v2 type=io.containerd.ttrpc.v1
Nov 07 18:00:43 cyb3r-virtual-machine containerd[11914]: time="2025-11-07T18:00:43.747958510-05:00" level=info msg="starting signal loop" namespace=moby path=/run/containerd/io.containerd.runtime.v2.task/moby/4fcffb639dc62522314f0b4c3a7e0f0b93d54997e2c0ebc12a94fd5553d3720d pid=18841 runtime=io.containerd.runc.v2
Nov 07 18:06:20 cyb3r-virtual-machine containerd[11914]: time="2025-11-07T18:06:20.408075553-05:00" level=info msg="shim disconnected" id=4fcffb639dc62522314f0b4c3a7e0f0b93d54997e2c0ebc12a94fd5553d3720d
Nov 07 18:06:20 cyb3r-virtual-machine containerd[11914]: time="2025-11-07T18:06:20.408173575-05:00" level=warning msg="cleaning up after shim disconnected" id=4fcffb639dc62522314f0b4c3a7e0f0b93d54997e2c0ebc12a94fd5553d3720d namespace=moby
Nov 07 18:06:20 cyb3r-virtual-machine containerd[11914]: time="2025-11-07T18:06:20.408187248-05:00" level=info msg="cleaning up dead shim"
Nov 07 18:06:20 cyb3r-virtual-machine containerd[11914]: time="2025-11-07T18:06:20.427404683-05:00" level=warning msg="cleanup warnings time=\"2025-11-07T18:06:20-05:00\" level=info msg=\"starting signal loop\" namespace=moby pid=18919 runtime=io.containerd.runc.v2\n"
Nov 07 18:06:20 cyb3r-virtual-machine containerd[11914]: time="2025-11-07T18:06:20.684675702-05:00" level=info msg="loading plugin \"io.containerd.event.v1.publisher\"..." runtime=io.containerd.runc.v2 type=io.containerd.event.v1
Nov 07 18:06:20 cyb3r-virtual-machine containerd[11914]: time="2025-11-07T18:06:20.684809108-05:00" level=info msg="loading plugin \"io.containerd.internal.v1.shutdown\"..." runtime=io.containerd.runc.v2 type=io.containerd.internal.v1
Nov 07 18:06:20 cyb3r-virtual-machine containerd[11914]: time="2025-11-07T18:06:20.684823028-05:00" level=info msg="loading plugin \"io.containerd.ttrpc.v1.task\"..." runtime=io.containerd.runc.v2 type=io.containerd.ttrpc.v1
Nov 07 18:06:20 cyb3r-virtual-machine containerd[11914]: time="2025-11-07T18:06:20.685387293-05:00" level=info msg="starting signal loop" namespace=moby path=/run/containerd/io.containerd.runtime.v2.task/moby/7c840ea5cfafdbd74a849c3f023e5369d02d2a7cc3ab0b4d194e7d36ef6d56ad pid=18965 runtime=io.containerd.runc.v2
Nov 07 18:06:20 cyb3r-virtual-machine containerd[11914]: time="2025-11-07T18:06:20.933119440-05:00" level=info msg="shim disconnected" id=7c840ea5cfafdbd74a849c3f023e5369d02d2a7cc3ab0b4d194e7d36ef6d56ad
Nov 07 18:06:20 cyb3r-virtual-machine containerd[11914]: time="2025-11-07T18:06:20.933345629-05:00" level=warning msg="cleaning up after shim disconnected" id=7c840ea5cfafdbd74a849c3f023e5369d02d2a7cc3ab0b4d194e7d36ef6d56ad namespace=moby
Nov 07 18:06:20 cyb3r-virtual-machine containerd[11914]: time="2025-11-07T18:06:20.933355675-05:00" level=info msg="cleaning up dead shim"
Nov 07 18:06:20 cyb3r-virtual-machine containerd[11914]: time="2025-11-07T18:06:20.955488442-05:00" level=warning msg="cleanup warnings time=\"2025-11-07T18:06:20-05:00\" level=info msg=\"starting signal loop\" namespace=moby pid=19016 runtime=io.containerd.runc.v2\ntime=\"2025-11-07T18:06:20-05:00\" level=warning msg=\"failed to read init pid file\" error=\"open /run/containerd/io.containerd.runtime.v2.task/moby/7c840ea5cfafdbd74a849c3f023e5369d02d2a7cc3ab0b4d194e7d36ef6d56ad/init.pid: no such file or directory\" runtime=io.containerd.runc.v2\n"
Nov 07 18:06:20 cyb3r-virtual-machine containerd[11914]: time="2025-11-07T18:06:20.955994290-05:00" level=error msg="copy shim log" error="read /proc/self/fd/23: file already closed"
Nov 07 18:06:21 cyb3r-virtual-machine containerd[11914]: time="2025-11-07T18:06:21.296552695-05:00" level=info msg="loading plugin \"io.containerd.event.v1.publisher\"..." runtime=io.containerd.runc.v2 type=io.containerd.event.v1
Nov 07 18:06:21 cyb3r-virtual-machine containerd[11914]: time="2025-11-07T18:06:21.297505443-05:00" level=info msg="loading plugin \"io.containerd.internal.v1.shutdown\"..." runtime=io.containerd.runc.v2 type=io.containerd.internal.v1
Nov 07 18:06:21 cyb3r-virtual-machine containerd[11914]: time="2025-11-07T18:06:21.297534143-05:00" level=info msg="loading plugin \"io.containerd.ttrpc.v1.task\"..." runtime=io.containerd.runc.v2 type=io.containerd.ttrpc.v1
Nov 07 18:06:21 cyb3r-virtual-machine containerd[11914]: time="2025-11-07T18:06:21.297843605-05:00" level=info msg="starting signal loop" namespace=moby path=/run/containerd/io.containerd.runtime.v2.task/moby/d51e0675c8f147b39e2074a07981c8008eee0dc9aa19199e590c93a94569cf76 pid=19043 runtime=io.containerd.runc.v2
Nov 07 18:06:21 cyb3r-virtual-machine containerd[11914]: time="2025-11-07T18:06:21.671338679-05:00" level=info msg="shim disconnected" id=d51e0675c8f147b39e2074a07981c8008eee0dc9aa19199e590c93a94569cf76
Nov 07 18:06:21 cyb3r-virtual-machine containerd[11914]: time="2025-11-07T18:06:21.671611521-05:00" level=warning msg="cleaning up after shim disconnected" id=d51e0675c8f147b39e2074a07981c8008eee0dc9aa19199e590c93a94569cf76 namespace=moby
Nov 07 18:06:21 cyb3r-virtual-machine containerd[11914]: time="2025-11-07T18:06:21.671640465-05:00" level=info msg="cleaning up dead shim"
Nov 07 18:06:21 cyb3r-virtual-machine containerd[11914]: time="2025-11-07T18:06:21.744714164-05:00" level=warning msg="cleanup warnings time=\"2025-11-07T18:06:21-05:00\" level=info msg=\"starting signal loop\" namespace=moby pid=19090 runtime=io.containerd.runc.v2\ntime=\"2025-11-07T18:06:21-05:00\" level=warning msg=\"failed to read init pid file\" error=\"open /run/containerd/io.containerd.runtime.v2.task/moby/d51e0675c8f147b39e2074a07981c8008eee0dc9aa19199e590c93a94569cf76/init.pid: no such file or directory\" runtime=io.containerd.runc.v2\n"
Nov 07 18:06:21 cyb3r-virtual-machine containerd[11914]: time="2025-11-07T18:06:21.745602405-05:00" level=error msg="copy shim log" error="read /proc/self/fd/23: file already closed"
Nov 07 18:06:22 cyb3r-virtual-machine containerd[11914]: time="2025-11-07T18:06:22.376154000-05:00" level=info msg="loading plugin \"io.containerd.event.v1.publisher\"..." runtime=io.containerd.runc.v2 type=io.containerd.event.v1
Nov 07 18:06:22 cyb3r-virtual-machine containerd[11914]: time="2025-11-07T18:06:22.377878167-05:00" level=info msg="loading plugin \"io.containerd.internal.v1.shutdown\"..." runtime=io.containerd.runc.v2 type=io.containerd.internal.v1
Nov 07 18:06:22 cyb3r-virtual-machine containerd[11914]: time="2025-11-07T18:06:22.377892922-05:00" level=info msg="loading plugin \"io.containerd.ttrpc.v1.task\"..." runtime=io.containerd.runc.v2 type=io.containerd.ttrpc.v1
Nov 07 18:06:22 cyb3r-virtual-machine containerd[11914]: time="2025-11-07T18:06:22.378266824-05:00" level=info msg="starting signal loop" namespace=moby path=/run/containerd/io.containerd.runtime.v2.task/moby/700c9ce9837f34324886013e4399dba57105601554756f37efff167ae18af2db pid=19129 runtime=io.containerd.runc.v2
Nov 07 18:06:22 cyb3r-virtual-machine containerd[11914]: time="2025-11-07T18:06:22.654169188-05:00" level=info msg="shim disconnected" id=700c9ce9837f34324886013e4399dba57105601554756f37efff167ae18af2db
Nov 07 18:06:22 cyb3r-virtual-machine containerd[11914]: time="2025-11-07T18:06:22.654878847-05:00" level=warning msg="cleaning up after shim disconnected" id=700c9ce9837f34324886013e4399dba57105601554756f37efff167ae18af2db namespace=moby
Nov 07 18:06:22 cyb3r-virtual-machine containerd[11914]: time="2025-11-07T18:06:22.654927359-05:00" level=info msg="cleaning up dead shim"
Nov 07 18:06:22 cyb3r-virtual-machine containerd[11914]: time="2025-11-07T18:06:22.683203310-05:00" level=warning msg="cleanup warnings time=\"2025-11-07T18:06:22-05:00\" level=info msg=\"starting signal loop\" namespace=moby pid=19161 runtime=io.containerd.runc.v2\ntime=\"2025-11-07T18:06:22-05:00\" level=warning msg=\"failed to read init pid file\" error=\"open /run/containerd/io.containerd.runtime.v2.task/moby/700c9ce9837f34324886013e4399dba57105601554756f37efff167ae18af2db/init.pid: no such file or directory\" runtime=io.containerd.runc.v2\n"
Nov 07 18:06:22 cyb3r-virtual-machine containerd[11914]: time="2025-11-07T18:06:22.683498113-05:00" level=error msg="copy shim log" error="read /proc/self/fd/23: file already closed"
Nov 07 18:06:22 cyb3r-virtual-machine containerd[11914]: time="2025-11-07T18:06:22.961230009-05:00" level=info msg="loading plugin \"io.containerd.event.v1.publisher\"..." runtime=io.containerd.runc.v2 type=io.containerd.event.v1
Nov 07 18:06:22 cyb3r-virtual-machine containerd[11914]: time="2025-11-07T18:06:22.961314036-05:00" level=info msg="loading plugin \"io.containerd.internal.v1.shutdown\"..." runtime=io.containerd.runc.v2 type=io.containerd.internal.v1
Nov 07 18:06:22 cyb3r-virtual-machine containerd[11914]: time="2025-11-07T18:06:22.961321996-05:00" level=info msg="loading plugin \"io.containerd.ttrpc.v1.task\"..." runtime=io.containerd.runc.v2 type=io.containerd.ttrpc.v1
Nov 07 18:06:22 cyb3r-virtual-machine containerd[11914]: time="2025-11-07T18:06:22.961604433-05:00" level=info msg="starting signal loop" namespace=moby path=/run/containerd/io.containerd.runtime.v2.task/moby/9e605d6e09391fc5c7ff25a602758fe8abf5a4120757c58c590ed95bf706aa60 pid=19189 runtime=io.containerd.runc.v2
Nov 07 18:06:23 cyb3r-virtual-machine containerd[11914]: time="2025-11-07T18:06:23.374463540-05:00" level=info msg="shim disconnected" id=9e605d6e09391fc5c7ff25a602758fe8abf5a4120757c58c590ed95bf706aa60
Nov 07 18:06:23 cyb3r-virtual-machine containerd[11914]: time="2025-11-07T18:06:23.376412487-05:00" level=warning msg="cleaning up after shim disconnected" id=9e605d6e09391fc5c7ff25a602758fe8abf5a4120757c58c590ed95bf706aa60 namespace=moby
Nov 07 18:06:23 cyb3r-virtual-machine containerd[11914]: time="2025-11-07T18:06:23.376462219-05:00" level=info msg="cleaning up dead shim"
Nov 07 18:06:23 cyb3r-virtual-machine containerd[11914]: time="2025-11-07T18:06:23.398750075-05:00" level=warning msg="cleanup warnings time=\"2025-11-07T18:06:23-05:00\" level=info msg=\"starting signal loop\" namespace=moby pid=19237 runtime=io.containerd.runc.v2\ntime=\"2025-11-07T18:06:23-05:00\" level=warning msg=\"failed to read init pid file\" error=\"open /run/containerd/io.containerd.runtime.v2.task/moby/9e605d6e09391fc5c7ff25a602758fe8abf5a4120757c58c590ed95bf706aa60/init.pid: no such file or directory\" runtime=io.containerd.runc.v2\n"
Nov 07 18:06:23 cyb3r-virtual-machine containerd[11914]: time="2025-11-07T18:06:23.399977847-05:00" level=error msg="copy shim log" error="read /proc/self/fd/23: file already closed"
Nov 07 18:06:24 cyb3r-virtual-machine containerd[11914]: time="2025-11-07T18:06:24.161676342-05:00" level=info msg="loading plugin \"io.containerd.event.v1.publisher\"..." runtime=io.containerd.runc.v2 type=io.containerd.event.v1
Nov 07 18:06:24 cyb3r-virtual-machine containerd[11914]: time="2025-11-07T18:06:24.161747824-05:00" level=info msg="loading plugin \"io.containerd.internal.v1.shutdown\"..." runtime=io.containerd.runc.v2 type=io.containerd.internal.v1
Nov 07 18:06:24 cyb3r-virtual-machine containerd[11914]: time="2025-11-07T18:06:24.161761387-05:00" level=info msg="loading plugin \"io.containerd.ttrpc.v1.task\"..." runtime=io.containerd.runc.v2 type=io.containerd.ttrpc.v1
Nov 07 18:06:24 cyb3r-virtual-machine containerd[11914]: time="2025-11-07T18:06:24.161880072-05:00" level=info msg="starting signal loop" namespace=moby path=/run/containerd/io.containerd.runtime.v2.task/moby/8874979fe133b20e19fefea7397b9e7e6120e1651af4908eadbb1abdea3a0e31 pid=19268 runtime=io.containerd.runc.v2
Nov 07 18:06:24 cyb3r-virtual-machine containerd[11914]: time="2025-11-07T18:06:24.544655602-05:00" level=info msg="shim disconnected" id=8874979fe133b20e19fefea7397b9e7e6120e1651af4908eadbb1abdea3a0e31
Nov 07 18:06:24 cyb3r-virtual-machine containerd[11914]: time="2025-11-07T18:06:24.544716799-05:00" level=warning msg="cleaning up after shim disconnected" id=8874979fe133b20e19fefea7397b9e7e6120e1651af4908eadbb1abdea3a0e31 namespace=moby
Nov 07 18:06:24 cyb3r-virtual-machine containerd[11914]: time="2025-11-07T18:06:24.544723794-05:00" level=info msg="cleaning up dead shim"
Nov 07 18:06:24 cyb3r-virtual-machine containerd[11914]: time="2025-11-07T18:06:24.564796648-05:00" level=warning msg="cleanup warnings time=\"2025-11-07T18:06:24-05:00\" level=info msg=\"starting signal loop\" namespace=moby pid=19311 runtime=io.containerd.runc.v2\ntime=\"2025-11-07T18:06:24-05:00\" level=warning msg=\"failed to remove runc container\" error=\"runc did not terminate successfully: exit status 255: \" runtime=io.containerd.runc.v2\ntime=\"2025-11-07T18:06:24-05:00\" level=warning msg=\"failed to read init pid file\" error=\"open /run/containerd/io.containerd.runtime.v2.task/moby/8874979fe133b20e19fefea7397b9e7e6120e1651af4908eadbb1abdea3a0e31/init.pid: no such file or directory\" runtime=io.containerd.runc.v2\n"
Nov 07 18:06:24 cyb3r-virtual-machine containerd[11914]: time="2025-11-07T18:06:24.565111433-05:00" level=error msg="copy shim log" error="read /proc/self/fd/23: file already closed"
Nov 07 18:06:25 cyb3r-virtual-machine containerd[11914]: time="2025-11-07T18:06:25.145266807-05:00" level=info msg="loading plugin \"io.containerd.event.v1.publisher\"..." runtime=io.containerd.runc.v2 type=io.containerd.event.v1
Nov 07 18:06:25 cyb3r-virtual-machine containerd[11914]: time="2025-11-07T18:06:25.145350313-05:00" level=info msg="loading plugin \"io.containerd.internal.v1.shutdown\"..." runtime=io.containerd.runc.v2 type=io.containerd.internal.v1
Nov 07 18:06:25 cyb3r-virtual-machine containerd[11914]: time="2025-11-07T18:06:25.145363918-05:00" level=info msg="loading plugin \"io.containerd.ttrpc.v1.task\"..." runtime=io.containerd.runc.v2 type=io.containerd.ttrpc.v1
Nov 07 18:06:25 cyb3r-virtual-machine containerd[11914]: time="2025-11-07T18:06:25.145635453-05:00" level=info msg="starting signal loop" namespace=moby path=/run/containerd/io.containerd.runtime.v2.task/moby/13b6a746d094833036851b856716df1f03cd057f0af30d1fab0a7852d6f1ca9e pid=19350 runtime=io.containerd.runc.v2
Nov 07 18:06:25 cyb3r-virtual-machine containerd[11914]: time="2025-11-07T18:06:25.380914524-05:00" level=info msg="shim disconnected" id=13b6a746d094833036851b856716df1f03cd057f0af30d1fab0a7852d6f1ca9e
Nov 07 18:06:25 cyb3r-virtual-machine containerd[11914]: time="2025-11-07T18:06:25.381050987-05:00" level=warning msg="cleaning up after shim disconnected" id=13b6a746d094833036851b856716df1f03cd057f0af30d1fab0a7852d6f1ca9e namespace=moby
Nov 07 18:06:25 cyb3r-virtual-machine containerd[11914]: time="2025-11-07T18:06:25.381060731-05:00" level=info msg="cleaning up dead shim"
Nov 07 18:06:25 cyb3r-virtual-machine containerd[11914]: time="2025-11-07T18:06:25.401613211-05:00" level=warning msg="cleanup warnings time=\"2025-11-07T18:06:25-05:00\" level=info msg=\"starting signal loop\" namespace=moby pid=19386 runtime=io.containerd.runc.v2\ntime=\"2025-11-07T18:06:25-05:00\" level=warning msg=\"failed to read init pid file\" error=\"open /run/containerd/io.containerd.runtime.v2.task/moby/13b6a746d094833036851b856716df1f03cd057f0af30d1fab0a7852d6f1ca9e/init.pid: no such file or directory\" runtime=io.containerd.runc.v2\n"
Nov 07 18:06:25 cyb3r-virtual-machine containerd[11914]: time="2025-11-07T18:06:25.402128757-05:00" level=error msg="copy shim log" error="read /proc/self/fd/23: file already closed"
Nov 07 18:06:25 cyb3r-virtual-machine containerd[11914]: time="2025-11-07T18:06:25.711205820-05:00" level=info msg="loading plugin \"io.containerd.event.v1.publisher\"..." runtime=io.containerd.runc.v2 type=io.containerd.event.v1
Nov 07 18:06:25 cyb3r-virtual-machine containerd[11914]: time="2025-11-07T18:06:25.711318698-05:00" level=info msg="loading plugin \"io.containerd.internal.v1.shutdown\"..." runtime=io.containerd.runc.v2 type=io.containerd.internal.v1
Nov 07 18:06:25 cyb3r-virtual-machine containerd[11914]: time="2025-11-07T18:06:25.711330159-05:00" level=info msg="loading plugin \"io.containerd.ttrpc.v1.task\"..." runtime=io.containerd.runc.v2 type=io.containerd.ttrpc.v1
Nov 07 18:06:25 cyb3r-virtual-machine containerd[11914]: time="2025-11-07T18:06:25.711936715-05:00" level=info msg="starting signal loop" namespace=moby path=/run/containerd/io.containerd.runtime.v2.task/moby/f15f452c554b2c7d775c0d058a3e20aa662be11fcd194dedc3bccf7b5e6a112e pid=19417 runtime=io.containerd.runc.v2
Nov 07 18:06:26 cyb3r-virtual-machine containerd[11914]: time="2025-11-07T18:06:26.008664731-05:00" level=info msg="shim disconnected" id=f15f452c554b2c7d775c0d058a3e20aa662be11fcd194dedc3bccf7b5e6a112e
Nov 07 18:06:26 cyb3r-virtual-machine containerd[11914]: time="2025-11-07T18:06:26.008866080-05:00" level=warning msg="cleaning up after shim disconnected" id=f15f452c554b2c7d775c0d058a3e20aa662be11fcd194dedc3bccf7b5e6a112e namespace=moby
Nov 07 18:06:26 cyb3r-virtual-machine containerd[11914]: time="2025-11-07T18:06:26.008874394-05:00" level=info msg="cleaning up dead shim"
Nov 07 18:06:26 cyb3r-virtual-machine containerd[11914]: time="2025-11-07T18:06:26.028742619-05:00" level=warning msg="cleanup warnings time=\"2025-11-07T18:06:26-05:00\" level=info msg=\"starting signal loop\" namespace=moby pid=19461 runtime=io.containerd.runc.v2\ntime=\"2025-11-07T18:06:26-05:00\" level=warning msg=\"failed to read init pid file\" error=\"open /run/containerd/io.containerd.runtime.v2.task/moby/f15f452c554b2c7d775c0d058a3e20aa662be11fcd194dedc3bccf7b5e6a112e/init.pid: no such file or directory\" runtime=io.containerd.runc.v2\n"
Nov 07 18:06:26 cyb3r-virtual-machine containerd[11914]: time="2025-11-07T18:06:26.030988408-05:00" level=error msg="copy shim log" error="read /proc/self/fd/23: file already closed"
Nov 07 18:06:26 cyb3r-virtual-machine containerd[11914]: time="2025-11-07T18:06:26.432615229-05:00" level=info msg="loading plugin \"io.containerd.event.v1.publisher\"..." runtime=io.containerd.runc.v2 type=io.containerd.event.v1
Nov 07 18:06:26 cyb3r-virtual-machine containerd[11914]: time="2025-11-07T18:06:26.432685594-05:00" level=info msg="loading plugin \"io.containerd.internal.v1.shutdown\"..." runtime=io.containerd.runc.v2 type=io.containerd.internal.v1
Nov 07 18:06:26 cyb3r-virtual-machine containerd[11914]: time="2025-11-07T18:06:26.432692411-05:00" level=info msg="loading plugin \"io.containerd.ttrpc.v1.task\"..." runtime=io.containerd.runc.v2 type=io.containerd.ttrpc.v1
Nov 07 18:06:26 cyb3r-virtual-machine containerd[11914]: time="2025-11-07T18:06:26.433415877-05:00" level=info msg="starting signal loop" namespace=moby path=/run/containerd/io.containerd.runtime.v2.task/moby/ec7e69f8f8852aea538110c29c2ae7bece0dae84920e26d04f0f683ca98a66d3 pid=19498 runtime=io.containerd.runc.v2
Nov 07 18:06:26 cyb3r-virtual-machine containerd[11914]: time="2025-11-07T18:06:26.632370985-05:00" level=info msg="shim disconnected" id=ec7e69f8f8852aea538110c29c2ae7bece0dae84920e26d04f0f683ca98a66d3
Nov 07 18:06:26 cyb3r-virtual-machine containerd[11914]: time="2025-11-07T18:06:26.632692815-05:00" level=warning msg="cleaning up after shim disconnected" id=ec7e69f8f8852aea538110c29c2ae7bece0dae84920e26d04f0f683ca98a66d3 namespace=moby
Nov 07 18:06:26 cyb3r-virtual-machine containerd[11914]: time="2025-11-07T18:06:26.633313587-05:00" level=info msg="cleaning up dead shim"
Nov 07 18:06:26 cyb3r-virtual-machine containerd[11914]: time="2025-11-07T18:06:26.663229532-05:00" level=warning msg="cleanup warnings time=\"2025-11-07T18:06:26-05:00\" level=info msg=\"starting signal loop\" namespace=moby pid=19535 runtime=io.containerd.runc.v2\ntime=\"2025-11-07T18:06:26-05:00\" level=warning msg=\"failed to remove runc container\" error=\"runc did not terminate successfully: exit status 255: \" runtime=io.containerd.runc.v2\ntime=\"2025-11-07T18:06:26-05:00\" level=warning msg=\"failed to read init pid file\" error=\"open /run/containerd/io.containerd.runtime.v2.task/moby/ec7e69f8f8852aea538110c29c2ae7bece0dae84920e26d04f0f683ca98a66d3/init.pid: no such file or directory\" runtime=io.containerd.runc.v2\n"
Nov 07 18:06:26 cyb3r-virtual-machine containerd[11914]: time="2025-11-07T18:06:26.663603008-05:00" level=error msg="copy shim log" error="read /proc/self/fd/23: file already closed"
Nov 07 18:06:27 cyb3r-virtual-machine containerd[11914]: time="2025-11-07T18:06:27.031669595-05:00" level=info msg="loading plugin \"io.containerd.event.v1.publisher\"..." runtime=io.containerd.runc.v2 type=io.containerd.event.v1
Nov 07 18:06:27 cyb3r-virtual-machine containerd[11914]: time="2025-11-07T18:06:27.031785371-05:00" level=info msg="loading plugin \"io.containerd.internal.v1.shutdown\"..." runtime=io.containerd.runc.v2 type=io.containerd.internal.v1
Nov 07 18:06:27 cyb3r-virtual-machine containerd[11914]: time="2025-11-07T18:06:27.031796929-05:00" level=info msg="loading plugin \"io.containerd.ttrpc.v1.task\"..." runtime=io.containerd.runc.v2 type=io.containerd.ttrpc.v1
Nov 07 18:06:27 cyb3r-virtual-machine containerd[11914]: time="2025-11-07T18:06:27.032814022-05:00" level=info msg="starting signal loop" namespace=moby path=/run/containerd/io.containerd.runtime.v2.task/moby/d9ad4d3fe4ae73807faee94fbcb81aa2c7ac3ff404c5dbfc37196b43e8d7f955 pid=19572 runtime=io.containerd.runc.v2
Nov 07 18:06:27 cyb3r-virtual-machine containerd[11914]: time="2025-11-07T18:06:27.300470602-05:00" level=info msg="shim disconnected" id=d9ad4d3fe4ae73807faee94fbcb81aa2c7ac3ff404c5dbfc37196b43e8d7f955
Nov 07 18:06:27 cyb3r-virtual-machine containerd[11914]: time="2025-11-07T18:06:27.300525894-05:00" level=warning msg="cleaning up after shim disconnected" id=d9ad4d3fe4ae73807faee94fbcb81aa2c7ac3ff404c5dbfc37196b43e8d7f955 namespace=moby
Nov 07 18:06:27 cyb3r-virtual-machine containerd[11914]: time="2025-11-07T18:06:27.300533251-05:00" level=info msg="cleaning up dead shim"
Nov 07 18:06:27 cyb3r-virtual-machine containerd[11914]: time="2025-11-07T18:06:27.322054369-05:00" level=warning msg="cleanup warnings time=\"2025-11-07T18:06:27-05:00\" level=info msg=\"starting signal loop\" namespace=moby pid=19608 runtime=io.containerd.runc.v2\ntime=\"2025-11-07T18:06:27-05:00\" level=warning msg=\"failed to read init pid file\" error=\"open /run/containerd/io.containerd.runtime.v2.task/moby/d9ad4d3fe4ae73807faee94fbcb81aa2c7ac3ff404c5dbfc37196b43e8d7f955/init.pid: no such file or directory\" runtime=io.containerd.runc.v2\n"
Nov 07 18:06:27 cyb3r-virtual-machine containerd[11914]: time="2025-11-07T18:06:27.322270130-05:00" level=error msg="copy shim log" error="read /proc/self/fd/23: file already closed"
Nov 07 18:06:27 cyb3r-virtual-machine containerd[11914]: time="2025-11-07T18:06:27.741010340-05:00" level=info msg="loading plugin \"io.containerd.event.v1.publisher\"..." runtime=io.containerd.runc.v2 type=io.containerd.event.v1
Nov 07 18:06:27 cyb3r-virtual-machine containerd[11914]: time="2025-11-07T18:06:27.741146721-05:00" level=info msg="loading plugin \"io.containerd.internal.v1.shutdown\"..." runtime=io.containerd.runc.v2 type=io.containerd.internal.v1
Nov 07 18:06:27 cyb3r-virtual-machine containerd[11914]: time="2025-11-07T18:06:27.741163181-05:00" level=info msg="loading plugin \"io.containerd.ttrpc.v1.task\"..." runtime=io.containerd.runc.v2 type=io.containerd.ttrpc.v1
Nov 07 18:06:27 cyb3r-virtual-machine containerd[11914]: time="2025-11-07T18:06:27.741352596-05:00" level=info msg="starting signal loop" namespace=moby path=/run/containerd/io.containerd.runtime.v2.task/moby/7ff2183fc47e3c5940a0baa2be02b62502fd6cc9636838b8685e43cca84913fa pid=19648 runtime=io.containerd.runc.v2
Nov 07 18:06:27 cyb3r-virtual-machine containerd[11914]: time="2025-11-07T18:06:27.979042530-05:00" level=info msg="shim disconnected" id=7ff2183fc47e3c5940a0baa2be02b62502fd6cc9636838b8685e43cca84913fa
Nov 07 18:06:27 cyb3r-virtual-machine containerd[11914]: time="2025-11-07T18:06:27.979122194-05:00" level=warning msg="cleaning up after shim disconnected" id=7ff2183fc47e3c5940a0baa2be02b62502fd6cc9636838b8685e43cca84913fa namespace=moby
Nov 07 18:06:27 cyb3r-virtual-machine containerd[11914]: time="2025-11-07T18:06:27.979131376-05:00" level=info msg="cleaning up dead shim"
Nov 07 18:06:28 cyb3r-virtual-machine containerd[11914]: time="2025-11-07T18:06:28.004552014-05:00" level=warning msg="cleanup warnings time=\"2025-11-07T18:06:27-05:00\" level=info msg=\"starting signal loop\" namespace=moby pid=19684 runtime=io.containerd.runc.v2\ntime=\"2025-11-07T18:06:28-05:00\" level=warning msg=\"failed to remove runc container\" error=\"runc did not terminate successfully: exit status 255: \" runtime=io.containerd.runc.v2\ntime=\"2025-11-07T18:06:28-05:00\" level=warning msg=\"failed to read init pid file\" error=\"open /run/containerd/io.containerd.runtime.v2.task/moby/7ff2183fc47e3c5940a0baa2be02b62502fd6cc9636838b8685e43cca84913fa/init.pid: no such file or directory\" runtime=io.containerd.runc.v2\n"
Nov 07 18:06:28 cyb3r-virtual-machine containerd[11914]: time="2025-11-07T18:06:28.005040243-05:00" level=error msg="copy shim log" error="read /proc/self/fd/23: file already closed"
Nov 07 18:06:28 cyb3r-virtual-machine containerd[11914]: time="2025-11-07T18:06:28.279144464-05:00" level=info msg="loading plugin \"io.containerd.event.v1.publisher\"..." runtime=io.containerd.runc.v2 type=io.containerd.event.v1
Nov 07 18:06:28 cyb3r-virtual-machine containerd[11914]: time="2025-11-07T18:06:28.279194869-05:00" level=info msg="loading plugin \"io.containerd.internal.v1.shutdown\"..." runtime=io.containerd.runc.v2 type=io.containerd.internal.v1
Nov 07 18:06:28 cyb3r-virtual-machine containerd[11914]: time="2025-11-07T18:06:28.279202040-05:00" level=info msg="loading plugin \"io.containerd.ttrpc.v1.task\"..." runtime=io.containerd.runc.v2 type=io.containerd.ttrpc.v1
Nov 07 18:06:28 cyb3r-virtual-machine containerd[11914]: time="2025-11-07T18:06:28.279540059-05:00" level=info msg="starting signal loop" namespace=moby path=/run/containerd/io.containerd.runtime.v2.task/moby/bde4f8a76cef06d963a2307a6f02e0ff2a1ffb258dd9bd26c15608005a4018e4 pid=19716 runtime=io.containerd.runc.v2
Nov 07 18:06:28 cyb3r-virtual-machine containerd[11914]: time="2025-11-07T18:06:28.565864325-05:00" level=info msg="shim disconnected" id=bde4f8a76cef06d963a2307a6f02e0ff2a1ffb258dd9bd26c15608005a4018e4
Nov 07 18:06:28 cyb3r-virtual-machine containerd[11914]: time="2025-11-07T18:06:28.565919655-05:00" level=warning msg="cleaning up after shim disconnected" id=bde4f8a76cef06d963a2307a6f02e0ff2a1ffb258dd9bd26c15608005a4018e4 namespace=moby
Nov 07 18:06:28 cyb3r-virtual-machine containerd[11914]: time="2025-11-07T18:06:28.565925994-05:00" level=info msg="cleaning up dead shim"
Nov 07 18:06:28 cyb3r-virtual-machine containerd[11914]: time="2025-11-07T18:06:28.578413031-05:00" level=warning msg="cleanup warnings time=\"2025-11-07T18:06:28-05:00\" level=info msg=\"starting signal loop\" namespace=moby pid=19757 runtime=io.containerd.runc.v2\ntime=\"2025-11-07T18:06:28-05:00\" level=warning msg=\"failed to read init pid file\" error=\"open /run/containerd/io.containerd.runtime.v2.task/moby/bde4f8a76cef06d963a2307a6f02e0ff2a1ffb258dd9bd26c15608005a4018e4/init.pid: no such file or directory\" runtime=io.containerd.runc.v2\n"
Nov 07 18:06:28 cyb3r-virtual-machine containerd[11914]: time="2025-11-07T18:06:28.578625674-05:00" level=error msg="copy shim log" error="read /proc/self/fd/23: file already closed"
Nov 07 18:06:28 cyb3r-virtual-machine containerd[11914]: time="2025-11-07T18:06:28.926908170-05:00" level=info msg="loading plugin \"io.containerd.event.v1.publisher\"..." runtime=io.containerd.runc.v2 type=io.containerd.event.v1
Nov 07 18:06:28 cyb3r-virtual-machine containerd[11914]: time="2025-11-07T18:06:28.927119014-05:00" level=info msg="loading plugin \"io.containerd.internal.v1.shutdown\"..." runtime=io.containerd.runc.v2 type=io.containerd.internal.v1
Nov 07 18:06:28 cyb3r-virtual-machine containerd[11914]: time="2025-11-07T18:06:28.927131734-05:00" level=info msg="loading plugin \"io.containerd.ttrpc.v1.task\"..." runtime=io.containerd.runc.v2 type=io.containerd.ttrpc.v1
Nov 07 18:06:28 cyb3r-virtual-machine containerd[11914]: time="2025-11-07T18:06:28.927482412-05:00" level=info msg="starting signal loop" namespace=moby path=/run/containerd/io.containerd.runtime.v2.task/moby/55e3839ad36750a88f68eba9db46863b62af8dc5b5c9f71ec355b788ad4b2a57 pid=19798 runtime=io.containerd.runc.v2
Nov 07 18:06:29 cyb3r-virtual-machine containerd[11914]: time="2025-11-07T18:06:29.146984786-05:00" level=info msg="shim disconnected" id=55e3839ad36750a88f68eba9db46863b62af8dc5b5c9f71ec355b788ad4b2a57
Nov 07 18:06:29 cyb3r-virtual-machine containerd[11914]: time="2025-11-07T18:06:29.147046951-05:00" level=warning msg="cleaning up after shim disconnected" id=55e3839ad36750a88f68eba9db46863b62af8dc5b5c9f71ec355b788ad4b2a57 namespace=moby
Nov 07 18:06:29 cyb3r-virtual-machine containerd[11914]: time="2025-11-07T18:06:29.147054186-05:00" level=info msg="cleaning up dead shim"
Nov 07 18:06:29 cyb3r-virtual-machine containerd[11914]: time="2025-11-07T18:06:29.185580249-05:00" level=warning msg="cleanup warnings time=\"2025-11-07T18:06:29-05:00\" level=info msg=\"starting signal loop\" namespace=moby pid=19834 runtime=io.containerd.runc.v2\ntime=\"2025-11-07T18:06:29-05:00\" level=warning msg=\"failed to remove runc container\" error=\"runc did not terminate successfully: exit status 255: \" runtime=io.containerd.runc.v2\ntime=\"2025-11-07T18:06:29-05:00\" level=warning msg=\"failed to read init pid file\" error=\"open /run/containerd/io.containerd.runtime.v2.task/moby/55e3839ad36750a88f68eba9db46863b62af8dc5b5c9f71ec355b788ad4b2a57/init.pid: no such file or directory\" runtime=io.containerd.runc.v2\n"
Nov 07 18:06:29 cyb3r-virtual-machine containerd[11914]: time="2025-11-07T18:06:29.186692938-05:00" level=error msg="copy shim log" error="read /proc/self/fd/23: file already closed"
Nov 07 18:06:50 cyb3r-virtual-machine containerd[11914]: time="2025-11-07T18:06:50.458604127-05:00" level=info msg="loading plugin \"io.containerd.event.v1.publisher\"..." runtime=io.containerd.runc.v2 type=io.containerd.event.v1
Nov 07 18:06:50 cyb3r-virtual-machine containerd[11914]: time="2025-11-07T18:06:50.458686396-05:00" level=info msg="loading plugin \"io.containerd.internal.v1.shutdown\"..." runtime=io.containerd.runc.v2 type=io.containerd.internal.v1
Nov 07 18:06:50 cyb3r-virtual-machine containerd[11914]: time="2025-11-07T18:06:50.458697408-05:00" level=info msg="loading plugin \"io.containerd.ttrpc.v1.task\"..." runtime=io.containerd.runc.v2 type=io.containerd.ttrpc.v1
Nov 07 18:06:50 cyb3r-virtual-machine containerd[11914]: time="2025-11-07T18:06:50.459088364-05:00" level=info msg="starting signal loop" namespace=moby path=/run/containerd/io.containerd.runtime.v2.task/moby/040f3375174983f11360fc78ffbfc6886ffc20535ec90ef4f3bea9f3177681fe pid=19924 runtime=io.containerd.runc.v2
Nov 07 18:06:50 cyb3r-virtual-machine containerd[11914]: time="2025-11-07T18:06:50.713667884-05:00" level=info msg="shim disconnected" id=040f3375174983f11360fc78ffbfc6886ffc20535ec90ef4f3bea9f3177681fe
Nov 07 18:06:50 cyb3r-virtual-machine containerd[11914]: time="2025-11-07T18:06:50.713726758-05:00" level=warning msg="cleaning up after shim disconnected" id=040f3375174983f11360fc78ffbfc6886ffc20535ec90ef4f3bea9f3177681fe namespace=moby
Nov 07 18:06:50 cyb3r-virtual-machine containerd[11914]: time="2025-11-07T18:06:50.713734136-05:00" level=info msg="cleaning up dead shim"
Nov 07 18:06:50 cyb3r-virtual-machine containerd[11914]: time="2025-11-07T18:06:50.737289915-05:00" level=warning msg="cleanup warnings time=\"2025-11-07T18:06:50-05:00\" level=info msg=\"starting signal loop\" namespace=moby pid=19969 runtime=io.containerd.runc.v2\ntime=\"2025-11-07T18:06:50-05:00\" level=warning msg=\"failed to read init pid file\" error=\"open /run/containerd/io.containerd.runtime.v2.task/moby/040f3375174983f11360fc78ffbfc6886ffc20535ec90ef4f3bea9f3177681fe/init.pid: no such file or directory\" runtime=io.containerd.runc.v2\n"
Nov 07 18:06:50 cyb3r-virtual-machine containerd[11914]: time="2025-11-07T18:06:50.738511467-05:00" level=error msg="copy shim log" error="read /proc/self/fd/23: file already closed"
Nov 07 18:06:51 cyb3r-virtual-machine containerd[11914]: time="2025-11-07T18:06:51.075619622-05:00" level=info msg="loading plugin \"io.containerd.event.v1.publisher\"..." runtime=io.containerd.runc.v2 type=io.containerd.event.v1
Nov 07 18:06:51 cyb3r-virtual-machine containerd[11914]: time="2025-11-07T18:06:51.075682550-05:00" level=info msg="loading plugin \"io.containerd.internal.v1.shutdown\"..." runtime=io.containerd.runc.v2 type=io.containerd.internal.v1
Nov 07 18:06:51 cyb3r-virtual-machine containerd[11914]: time="2025-11-07T18:06:51.075690337-05:00" level=info msg="loading plugin \"io.containerd.ttrpc.v1.task\"..." runtime=io.containerd.runc.v2 type=io.containerd.ttrpc.v1
Nov 07 18:06:51 cyb3r-virtual-machine containerd[11914]: time="2025-11-07T18:06:51.076293904-05:00" level=info msg="starting signal loop" namespace=moby path=/run/containerd/io.containerd.runtime.v2.task/moby/88f319e7b7df76419c683e87c503fc8d012dd10864f6dcf51bd7aea7c273ccd4 pid=20006 runtime=io.containerd.runc.v2
Nov 07 18:06:51 cyb3r-virtual-machine containerd[11914]: time="2025-11-07T18:06:51.281428621-05:00" level=info msg="shim disconnected" id=88f319e7b7df76419c683e87c503fc8d012dd10864f6dcf51bd7aea7c273ccd4
Nov 07 18:06:51 cyb3r-virtual-machine containerd[11914]: time="2025-11-07T18:06:51.281475691-05:00" level=warning msg="cleaning up after shim disconnected" id=88f319e7b7df76419c683e87c503fc8d012dd10864f6dcf51bd7aea7c273ccd4 namespace=moby
Nov 07 18:06:51 cyb3r-virtual-machine containerd[11914]: time="2025-11-07T18:06:51.281482541-05:00" level=info msg="cleaning up dead shim"
Nov 07 18:06:51 cyb3r-virtual-machine containerd[11914]: time="2025-11-07T18:06:51.296675281-05:00" level=warning msg="cleanup warnings time=\"2025-11-07T18:06:51-05:00\" level=info msg=\"starting signal loop\" namespace=moby pid=20039 runtime=io.containerd.runc.v2\ntime=\"2025-11-07T18:06:51-05:00\" level=warning msg=\"failed to read init pid file\" error=\"open /run/containerd/io.containerd.runtime.v2.task/moby/88f319e7b7df76419c683e87c503fc8d012dd10864f6dcf51bd7aea7c273ccd4/init.pid: no such file or directory\" runtime=io.containerd.runc.v2\n"
Nov 07 18:06:51 cyb3r-virtual-machine containerd[11914]: time="2025-11-07T18:06:51.297490318-05:00" level=error msg="copy shim log" error="read /proc/self/fd/23: file already closed"
Nov 07 18:06:51 cyb3r-virtual-machine containerd[11914]: time="2025-11-07T18:06:51.663014115-05:00" level=info msg="loading plugin \"io.containerd.event.v1.publisher\"..." runtime=io.containerd.runc.v2 type=io.containerd.event.v1
Nov 07 18:06:51 cyb3r-virtual-machine containerd[11914]: time="2025-11-07T18:06:51.663060565-05:00" level=info msg="loading plugin \"io.containerd.internal.v1.shutdown\"..." runtime=io.containerd.runc.v2 type=io.containerd.internal.v1
Nov 07 18:06:51 cyb3r-virtual-machine containerd[11914]: time="2025-11-07T18:06:51.663067352-05:00" level=info msg="loading plugin \"io.containerd.ttrpc.v1.task\"..." runtime=io.containerd.runc.v2 type=io.containerd.ttrpc.v1
Nov 07 18:06:51 cyb3r-virtual-machine containerd[11914]: time="2025-11-07T18:06:51.663830196-05:00" level=info msg="starting signal loop" namespace=moby path=/run/containerd/io.containerd.runtime.v2.task/moby/53f77154f33037644758357755608acdf2bdd5602ede4030708b51aeb7c1ba01 pid=20079 runtime=io.containerd.runc.v2
Nov 07 18:06:51 cyb3r-virtual-machine containerd[11914]: time="2025-11-07T18:06:51.834545892-05:00" level=info msg="shim disconnected" id=53f77154f33037644758357755608acdf2bdd5602ede4030708b51aeb7c1ba01
Nov 07 18:06:51 cyb3r-virtual-machine containerd[11914]: time="2025-11-07T18:06:51.834654486-05:00" level=warning msg="cleaning up after shim disconnected" id=53f77154f33037644758357755608acdf2bdd5602ede4030708b51aeb7c1ba01 namespace=moby
Nov 07 18:06:51 cyb3r-virtual-machine containerd[11914]: time="2025-11-07T18:06:51.834663869-05:00" level=info msg="cleaning up dead shim"
Nov 07 18:06:51 cyb3r-virtual-machine containerd[11914]: time="2025-11-07T18:06:51.863908308-05:00" level=warning msg="cleanup warnings time=\"2025-11-07T18:06:51-05:00\" level=info msg=\"starting signal loop\" namespace=moby pid=20113 runtime=io.containerd.runc.v2\ntime=\"2025-11-07T18:06:51-05:00\" level=warning msg=\"failed to read init pid file\" error=\"open /run/containerd/io.containerd.runtime.v2.task/moby/53f77154f33037644758357755608acdf2bdd5602ede4030708b51aeb7c1ba01/init.pid: no such file or directory\" runtime=io.containerd.runc.v2\n"
Nov 07 18:06:51 cyb3r-virtual-machine containerd[11914]: time="2025-11-07T18:06:51.864239006-05:00" level=error msg="copy shim log" error="read /proc/self/fd/23: file already closed"
Nov 07 18:06:52 cyb3r-virtual-machine containerd[11914]: time="2025-11-07T18:06:52.185903294-05:00" level=info msg="loading plugin \"io.containerd.event.v1.publisher\"..." runtime=io.containerd.runc.v2 type=io.containerd.event.v1
Nov 07 18:06:52 cyb3r-virtual-machine containerd[11914]: time="2025-11-07T18:06:52.185976068-05:00" level=info msg="loading plugin \"io.containerd.internal.v1.shutdown\"..." runtime=io.containerd.runc.v2 type=io.containerd.internal.v1
Nov 07 18:06:52 cyb3r-virtual-machine containerd[11914]: time="2025-11-07T18:06:52.185983653-05:00" level=info msg="loading plugin \"io.containerd.ttrpc.v1.task\"..." runtime=io.containerd.runc.v2 type=io.containerd.ttrpc.v1
Nov 07 18:06:52 cyb3r-virtual-machine containerd[11914]: time="2025-11-07T18:06:52.187106091-05:00" level=info msg="starting signal loop" namespace=moby path=/run/containerd/io.containerd.runtime.v2.task/moby/cc7ba89042587c513245cbc0b31ff132b0e5175816268e744af4cf31378d0f8d pid=20141 runtime=io.containerd.runc.v2
Nov 07 18:06:52 cyb3r-virtual-machine containerd[11914]: time="2025-11-07T18:06:52.418003830-05:00" level=info msg="shim disconnected" id=cc7ba89042587c513245cbc0b31ff132b0e5175816268e744af4cf31378d0f8d
Nov 07 18:06:52 cyb3r-virtual-machine containerd[11914]: time="2025-11-07T18:06:52.420802176-05:00" level=warning msg="cleaning up after shim disconnected" id=cc7ba89042587c513245cbc0b31ff132b0e5175816268e744af4cf31378d0f8d namespace=moby
Nov 07 18:06:52 cyb3r-virtual-machine containerd[11914]: time="2025-11-07T18:06:52.420811335-05:00" level=info msg="cleaning up dead shim"
Nov 07 18:06:52 cyb3r-virtual-machine containerd[11914]: time="2025-11-07T18:06:52.455427923-05:00" level=warning msg="cleanup warnings time=\"2025-11-07T18:06:52-05:00\" level=info msg=\"starting signal loop\" namespace=moby pid=20186 runtime=io.containerd.runc.v2\ntime=\"2025-11-07T18:06:52-05:00\" level=warning msg=\"failed to read init pid file\" error=\"open /run/containerd/io.containerd.runtime.v2.task/moby/cc7ba89042587c513245cbc0b31ff132b0e5175816268e744af4cf31378d0f8d/init.pid: no such file or directory\" runtime=io.containerd.runc.v2\n"
Nov 07 18:06:52 cyb3r-virtual-machine containerd[11914]: time="2025-11-07T18:06:52.455639145-05:00" level=error msg="copy shim log" error="read /proc/self/fd/23: file already closed"
Nov 07 18:06:52 cyb3r-virtual-machine containerd[11914]: time="2025-11-07T18:06:52.847271895-05:00" level=info msg="loading plugin \"io.containerd.event.v1.publisher\"..." runtime=io.containerd.runc.v2 type=io.containerd.event.v1
Nov 07 18:06:52 cyb3r-virtual-machine containerd[11914]: time="2025-11-07T18:06:52.847326380-05:00" level=info msg="loading plugin \"io.containerd.internal.v1.shutdown\"..." runtime=io.containerd.runc.v2 type=io.containerd.internal.v1
Nov 07 18:06:52 cyb3r-virtual-machine containerd[11914]: time="2025-11-07T18:06:52.847333595-05:00" level=info msg="loading plugin \"io.containerd.ttrpc.v1.task\"..." runtime=io.containerd.runc.v2 type=io.containerd.ttrpc.v1
Nov 07 18:06:52 cyb3r-virtual-machine containerd[11914]: time="2025-11-07T18:06:52.847564332-05:00" level=info msg="starting signal loop" namespace=moby path=/run/containerd/io.containerd.runtime.v2.task/moby/14a703a645645d64a24100c0010a7363a43ce8ee1b762ed0c16f315539d7e8f7 pid=20224 runtime=io.containerd.runc.v2
Nov 07 18:07:59 cyb3r-virtual-machine containerd[11914]: time="2025-11-07T18:07:59.685541589-05:00" level=info msg="shim disconnected" id=14a703a645645d64a24100c0010a7363a43ce8ee1b762ed0c16f315539d7e8f7
Nov 07 18:07:59 cyb3r-virtual-machine containerd[11914]: time="2025-11-07T18:07:59.685582906-05:00" level=warning msg="cleaning up after shim disconnected" id=14a703a645645d64a24100c0010a7363a43ce8ee1b762ed0c16f315539d7e8f7 namespace=moby
Nov 07 18:07:59 cyb3r-virtual-machine containerd[11914]: time="2025-11-07T18:07:59.685588760-05:00" level=info msg="cleaning up dead shim"
Nov 07 18:07:59 cyb3r-virtual-machine containerd[11914]: time="2025-11-07T18:07:59.705281745-05:00" level=warning msg="cleanup warnings time=\"2025-11-07T18:07:59-05:00\" level=info msg=\"starting signal loop\" namespace=moby pid=20277 runtime=io.containerd.runc.v2\n"
Nov 07 18:07:59 cyb3r-virtual-machine containerd[11914]: time="2025-11-07T18:07:59.898201592-05:00" level=info msg="loading plugin \"io.containerd.event.v1.publisher\"..." runtime=io.containerd.runc.v2 type=io.containerd.event.v1
Nov 07 18:07:59 cyb3r-virtual-machine containerd[11914]: time="2025-11-07T18:07:59.898242080-05:00" level=info msg="loading plugin \"io.containerd.internal.v1.shutdown\"..." runtime=io.containerd.runc.v2 type=io.containerd.internal.v1
Nov 07 18:07:59 cyb3r-virtual-machine containerd[11914]: time="2025-11-07T18:07:59.898248022-05:00" level=info msg="loading plugin \"io.containerd.ttrpc.v1.task\"..." runtime=io.containerd.runc.v2 type=io.containerd.ttrpc.v1
Nov 07 18:07:59 cyb3r-virtual-machine containerd[11914]: time="2025-11-07T18:07:59.898906426-05:00" level=info msg="starting signal loop" namespace=moby path=/run/containerd/io.containerd.runtime.v2.task/moby/8e685d165b790f0dec92b18ab25454b3766957cd48f4d35b2ae3235c3cab7570 pid=20340 runtime=io.containerd.runc.v2
Nov 07 18:08:00 cyb3r-virtual-machine containerd[11914]: time="2025-11-07T18:08:00.155141910-05:00" level=info msg="shim disconnected" id=8e685d165b790f0dec92b18ab25454b3766957cd48f4d35b2ae3235c3cab7570
Nov 07 18:08:00 cyb3r-virtual-machine containerd[11914]: time="2025-11-07T18:08:00.155849386-05:00" level=warning msg="cleaning up after shim disconnected" id=8e685d165b790f0dec92b18ab25454b3766957cd48f4d35b2ae3235c3cab7570 namespace=moby
Nov 07 18:08:00 cyb3r-virtual-machine containerd[11914]: time="2025-11-07T18:08:00.155864298-05:00" level=info msg="cleaning up dead shim"
Nov 07 18:08:00 cyb3r-virtual-machine containerd[11914]: time="2025-11-07T18:08:00.177569646-05:00" level=warning msg="cleanup warnings time=\"2025-11-07T18:08:00-05:00\" level=info msg=\"starting signal loop\" namespace=moby pid=20377 runtime=io.containerd.runc.v2\ntime=\"2025-11-07T18:08:00-05:00\" level=warning msg=\"failed to read init pid file\" error=\"open /run/containerd/io.containerd.runtime.v2.task/moby/8e685d165b790f0dec92b18ab25454b3766957cd48f4d35b2ae3235c3cab7570/init.pid: no such file or directory\" runtime=io.containerd.runc.v2\n"
Nov 07 18:08:00 cyb3r-virtual-machine containerd[11914]: time="2025-11-07T18:08:00.178065021-05:00" level=error msg="copy shim log" error="read /proc/self/fd/23: file already closed"
Nov 07 18:08:00 cyb3r-virtual-machine containerd[11914]: time="2025-11-07T18:08:00.502120180-05:00" level=info msg="loading plugin \"io.containerd.event.v1.publisher\"..." runtime=io.containerd.runc.v2 type=io.containerd.event.v1
Nov 07 18:08:00 cyb3r-virtual-machine containerd[11914]: time="2025-11-07T18:08:00.502168842-05:00" level=info msg="loading plugin \"io.containerd.internal.v1.shutdown\"..." runtime=io.containerd.runc.v2 type=io.containerd.internal.v1
Nov 07 18:08:00 cyb3r-virtual-machine containerd[11914]: time="2025-11-07T18:08:00.502174786-05:00" level=info msg="loading plugin \"io.containerd.ttrpc.v1.task\"..." runtime=io.containerd.runc.v2 type=io.containerd.ttrpc.v1
Nov 07 18:08:00 cyb3r-virtual-machine containerd[11914]: time="2025-11-07T18:08:00.502422537-05:00" level=info msg="starting signal loop" namespace=moby path=/run/containerd/io.containerd.runtime.v2.task/moby/970ae8d1f9b739ee4a7e1bde31dd2bec4bf90dfa97ac470e1199437f438b0da8 pid=20418 runtime=io.containerd.runc.v2
Nov 07 18:08:00 cyb3r-virtual-machine containerd[11914]: time="2025-11-07T18:08:00.753799141-05:00" level=info msg="shim disconnected" id=970ae8d1f9b739ee4a7e1bde31dd2bec4bf90dfa97ac470e1199437f438b0da8
Nov 07 18:08:00 cyb3r-virtual-machine containerd[11914]: time="2025-11-07T18:08:00.753847967-05:00" level=warning msg="cleaning up after shim disconnected" id=970ae8d1f9b739ee4a7e1bde31dd2bec4bf90dfa97ac470e1199437f438b0da8 namespace=moby
Nov 07 18:08:00 cyb3r-virtual-machine containerd[11914]: time="2025-11-07T18:08:00.753856796-05:00" level=info msg="cleaning up dead shim"
Nov 07 18:08:00 cyb3r-virtual-machine containerd[11914]: time="2025-11-07T18:08:00.770472399-05:00" level=warning msg="cleanup warnings time=\"2025-11-07T18:08:00-05:00\" level=info msg=\"starting signal loop\" namespace=moby pid=20456 runtime=io.containerd.runc.v2\ntime=\"2025-11-07T18:08:00-05:00\" level=warning msg=\"failed to read init pid file\" error=\"open /run/containerd/io.containerd.runtime.v2.task/moby/970ae8d1f9b739ee4a7e1bde31dd2bec4bf90dfa97ac470e1199437f438b0da8/init.pid: no such file or directory\" runtime=io.containerd.runc.v2\n"
Nov 07 18:08:00 cyb3r-virtual-machine containerd[11914]: time="2025-11-07T18:08:00.771010637-05:00" level=error msg="copy shim log" error="read /proc/self/fd/23: file already closed"
Nov 07 18:08:01 cyb3r-virtual-machine containerd[11914]: time="2025-11-07T18:08:01.177473647-05:00" level=info msg="loading plugin \"io.containerd.event.v1.publisher\"..." runtime=io.containerd.runc.v2 type=io.containerd.event.v1
Nov 07 18:08:01 cyb3r-virtual-machine containerd[11914]: time="2025-11-07T18:08:01.177517290-05:00" level=info msg="loading plugin \"io.containerd.internal.v1.shutdown\"..." runtime=io.containerd.runc.v2 type=io.containerd.internal.v1
Nov 07 18:08:01 cyb3r-virtual-machine containerd[11914]: time="2025-11-07T18:08:01.177524065-05:00" level=info msg="loading plugin \"io.containerd.ttrpc.v1.task\"..." runtime=io.containerd.runc.v2 type=io.containerd.ttrpc.v1
Nov 07 18:08:01 cyb3r-virtual-machine containerd[11914]: time="2025-11-07T18:08:01.177681004-05:00" level=info msg="starting signal loop" namespace=moby path=/run/containerd/io.containerd.runtime.v2.task/moby/2b408427c5c0eeff65794cfe3d51848fb38ef13e4fd6b5b8300f02f625cc54a0 pid=20497 runtime=io.containerd.runc.v2
Nov 07 18:08:01 cyb3r-virtual-machine containerd[11914]: time="2025-11-07T18:08:01.331049101-05:00" level=info msg="shim disconnected" id=2b408427c5c0eeff65794cfe3d51848fb38ef13e4fd6b5b8300f02f625cc54a0
Nov 07 18:08:01 cyb3r-virtual-machine containerd[11914]: time="2025-11-07T18:08:01.331120595-05:00" level=warning msg="cleaning up after shim disconnected" id=2b408427c5c0eeff65794cfe3d51848fb38ef13e4fd6b5b8300f02f625cc54a0 namespace=moby
Nov 07 18:08:01 cyb3r-virtual-machine containerd[11914]: time="2025-11-07T18:08:01.331129645-05:00" level=info msg="cleaning up dead shim"
Nov 07 18:08:01 cyb3r-virtual-machine containerd[11914]: time="2025-11-07T18:08:01.348053467-05:00" level=warning msg="cleanup warnings time=\"2025-11-07T18:08:01-05:00\" level=info msg=\"starting signal loop\" namespace=moby pid=20529 runtime=io.containerd.runc.v2\ntime=\"2025-11-07T18:08:01-05:00\" level=warning msg=\"failed to read init pid file\" error=\"open /run/containerd/io.containerd.runtime.v2.task/moby/2b408427c5c0eeff65794cfe3d51848fb38ef13e4fd6b5b8300f02f625cc54a0/init.pid: no such file or directory\" runtime=io.containerd.runc.v2\n"
Nov 07 18:08:01 cyb3r-virtual-machine containerd[11914]: time="2025-11-07T18:08:01.348276989-05:00" level=error msg="copy shim log" error="read /proc/self/fd/23: file already closed"
Nov 07 18:08:01 cyb3r-virtual-machine containerd[11914]: time="2025-11-07T18:08:01.781719756-05:00" level=info msg="loading plugin \"io.containerd.event.v1.publisher\"..." runtime=io.containerd.runc.v2 type=io.containerd.event.v1
Nov 07 18:08:01 cyb3r-virtual-machine containerd[11914]: time="2025-11-07T18:08:01.782211903-05:00" level=info msg="loading plugin \"io.containerd.internal.v1.shutdown\"..." runtime=io.containerd.runc.v2 type=io.containerd.internal.v1
Nov 07 18:08:01 cyb3r-virtual-machine containerd[11914]: time="2025-11-07T18:08:01.782219722-05:00" level=info msg="loading plugin \"io.containerd.ttrpc.v1.task\"..." runtime=io.containerd.runc.v2 type=io.containerd.ttrpc.v1
Nov 07 18:08:01 cyb3r-virtual-machine containerd[11914]: time="2025-11-07T18:08:01.784553358-05:00" level=info msg="starting signal loop" namespace=moby path=/run/containerd/io.containerd.runtime.v2.task/moby/0e3eba035846d313a2e731272d8d8ddd316f9ec113189a86496131a9da2637f5 pid=20566 runtime=io.containerd.runc.v2
Nov 07 18:08:01 cyb3r-virtual-machine containerd[11914]: time="2025-11-07T18:08:01.991580493-05:00" level=info msg="shim disconnected" id=0e3eba035846d313a2e731272d8d8ddd316f9ec113189a86496131a9da2637f5
Nov 07 18:08:01 cyb3r-virtual-machine containerd[11914]: time="2025-11-07T18:08:01.991638101-05:00" level=warning msg="cleaning up after shim disconnected" id=0e3eba035846d313a2e731272d8d8ddd316f9ec113189a86496131a9da2637f5 namespace=moby
Nov 07 18:08:01 cyb3r-virtual-machine containerd[11914]: time="2025-11-07T18:08:01.991646365-05:00" level=info msg="cleaning up dead shim"
Nov 07 18:08:02 cyb3r-virtual-machine containerd[11914]: time="2025-11-07T18:08:02.003156467-05:00" level=warning msg="cleanup warnings time=\"2025-11-07T18:08:01-05:00\" level=info msg=\"starting signal loop\" namespace=moby pid=20601 runtime=io.containerd.runc.v2\ntime=\"2025-11-07T18:08:02-05:00\" level=warning msg=\"failed to read init pid file\" error=\"open /run/containerd/io.containerd.runtime.v2.task/moby/0e3eba035846d313a2e731272d8d8ddd316f9ec113189a86496131a9da2637f5/init.pid: no such file or directory\" runtime=io.containerd.runc.v2\n"
Nov 07 18:08:02 cyb3r-virtual-machine containerd[11914]: time="2025-11-07T18:08:02.003402856-05:00" level=error msg="copy shim log" error="read /proc/self/fd/23: file already closed"
Nov 07 18:08:02 cyb3r-virtual-machine containerd[11914]: time="2025-11-07T18:08:02.337123048-05:00" level=info msg="loading plugin \"io.containerd.event.v1.publisher\"..." runtime=io.containerd.runc.v2 type=io.containerd.event.v1
Nov 07 18:08:02 cyb3r-virtual-machine containerd[11914]: time="2025-11-07T18:08:02.337191928-05:00" level=info msg="loading plugin \"io.containerd.internal.v1.shutdown\"..." runtime=io.containerd.runc.v2 type=io.containerd.internal.v1
Nov 07 18:08:02 cyb3r-virtual-machine containerd[11914]: time="2025-11-07T18:08:02.337199950-05:00" level=info msg="loading plugin \"io.containerd.ttrpc.v1.task\"..." runtime=io.containerd.runc.v2 type=io.containerd.ttrpc.v1
Nov 07 18:08:02 cyb3r-virtual-machine containerd[11914]: time="2025-11-07T18:08:02.337398726-05:00" level=info msg="starting signal loop" namespace=moby path=/run/containerd/io.containerd.runtime.v2.task/moby/b4761538c41513091d5a3fddeace335789c5a6d7c8b9fbd080fc369f3388efb8 pid=20638 runtime=io.containerd.runc.v2
Nov 07 18:08:02 cyb3r-virtual-machine containerd[11914]: time="2025-11-07T18:08:02.540985761-05:00" level=info msg="shim disconnected" id=b4761538c41513091d5a3fddeace335789c5a6d7c8b9fbd080fc369f3388efb8
Nov 07 18:08:02 cyb3r-virtual-machine containerd[11914]: time="2025-11-07T18:08:02.541982149-05:00" level=warning msg="cleaning up after shim disconnected" id=b4761538c41513091d5a3fddeace335789c5a6d7c8b9fbd080fc369f3388efb8 namespace=moby
Nov 07 18:08:02 cyb3r-virtual-machine containerd[11914]: time="2025-11-07T18:08:02.542012184-05:00" level=info msg="cleaning up dead shim"
Nov 07 18:08:02 cyb3r-virtual-machine containerd[11914]: time="2025-11-07T18:08:02.554182846-05:00" level=warning msg="cleanup warnings time=\"2025-11-07T18:08:02-05:00\" level=info msg=\"starting signal loop\" namespace=moby pid=20676 runtime=io.containerd.runc.v2\ntime=\"2025-11-07T18:08:02-05:00\" level=warning msg=\"failed to remove runc container\" error=\"runc did not terminate successfully: exit status 255: \" runtime=io.containerd.runc.v2\ntime=\"2025-11-07T18:08:02-05:00\" level=warning msg=\"failed to read init pid file\" error=\"open /run/containerd/io.containerd.runtime.v2.task/moby/b4761538c41513091d5a3fddeace335789c5a6d7c8b9fbd080fc369f3388efb8/init.pid: no such file or directory\" runtime=io.containerd.runc.v2\n"
Nov 07 18:08:02 cyb3r-virtual-machine containerd[11914]: time="2025-11-07T18:08:02.554460418-05:00" level=error msg="copy shim log" error="read /proc/self/fd/23: file already closed"
Nov 07 18:08:02 cyb3r-virtual-machine containerd[11914]: time="2025-11-07T18:08:02.952995178-05:00" level=info msg="loading plugin \"io.containerd.event.v1.publisher\"..." runtime=io.containerd.runc.v2 type=io.containerd.event.v1
Nov 07 18:08:02 cyb3r-virtual-machine containerd[11914]: time="2025-11-07T18:08:02.953047246-05:00" level=info msg="loading plugin \"io.containerd.internal.v1.shutdown\"..." runtime=io.containerd.runc.v2 type=io.containerd.internal.v1
Nov 07 18:08:02 cyb3r-virtual-machine containerd[11914]: time="2025-11-07T18:08:02.953053699-05:00" level=info msg="loading plugin \"io.containerd.ttrpc.v1.task\"..." runtime=io.containerd.runc.v2 type=io.containerd.ttrpc.v1
Nov 07 18:08:02 cyb3r-virtual-machine containerd[11914]: time="2025-11-07T18:08:02.954042619-05:00" level=info msg="starting signal loop" namespace=moby path=/run/containerd/io.containerd.runtime.v2.task/moby/9f68baa8c98d6d498d078a4d0084460f5e3fecb5e2eb9e77fd580b9232425f90 pid=20717 runtime=io.containerd.runc.v2
Nov 07 18:08:03 cyb3r-virtual-machine containerd[11914]: time="2025-11-07T18:08:03.183965705-05:00" level=info msg="shim disconnected" id=9f68baa8c98d6d498d078a4d0084460f5e3fecb5e2eb9e77fd580b9232425f90
Nov 07 18:08:03 cyb3r-virtual-machine containerd[11914]: time="2025-11-07T18:08:03.184826586-05:00" level=warning msg="cleaning up after shim disconnected" id=9f68baa8c98d6d498d078a4d0084460f5e3fecb5e2eb9e77fd580b9232425f90 namespace=moby
Nov 07 18:08:03 cyb3r-virtual-machine containerd[11914]: time="2025-11-07T18:08:03.184833752-05:00" level=info msg="cleaning up dead shim"
Nov 07 18:08:03 cyb3r-virtual-machine containerd[11914]: time="2025-11-07T18:08:03.200996129-05:00" level=warning msg="cleanup warnings time=\"2025-11-07T18:08:03-05:00\" level=info msg=\"starting signal loop\" namespace=moby pid=20751 runtime=io.containerd.runc.v2\ntime=\"2025-11-07T18:08:03-05:00\" level=warning msg=\"failed to read init pid file\" error=\"open /run/containerd/io.containerd.runtime.v2.task/moby/9f68baa8c98d6d498d078a4d0084460f5e3fecb5e2eb9e77fd580b9232425f90/init.pid: no such file or directory\" runtime=io.containerd.runc.v2\n"
Nov 07 18:08:03 cyb3r-virtual-machine containerd[11914]: time="2025-11-07T18:08:03.201642437-05:00" level=error msg="copy shim log" error="read /proc/self/fd/23: file already closed"
Nov 07 18:08:03 cyb3r-virtual-machine containerd[11914]: time="2025-11-07T18:08:03.482314320-05:00" level=info msg="loading plugin \"io.containerd.event.v1.publisher\"..." runtime=io.containerd.runc.v2 type=io.containerd.event.v1
Nov 07 18:08:03 cyb3r-virtual-machine containerd[11914]: time="2025-11-07T18:08:03.482380828-05:00" level=info msg="loading plugin \"io.containerd.internal.v1.shutdown\"..." runtime=io.containerd.runc.v2 type=io.containerd.internal.v1
Nov 07 18:08:03 cyb3r-virtual-machine containerd[11914]: time="2025-11-07T18:08:03.482388457-05:00" level=info msg="loading plugin \"io.containerd.ttrpc.v1.task\"..." runtime=io.containerd.runc.v2 type=io.containerd.ttrpc.v1
Nov 07 18:08:03 cyb3r-virtual-machine containerd[11914]: time="2025-11-07T18:08:03.483246360-05:00" level=info msg="starting signal loop" namespace=moby path=/run/containerd/io.containerd.runtime.v2.task/moby/3b422bff8f4a3730fc352e16bc1c9052699d4ff21405f491685f9b5df415744c pid=20791 runtime=io.containerd.runc.v2
Nov 07 18:08:03 cyb3r-virtual-machine containerd[11914]: time="2025-11-07T18:08:03.677100594-05:00" level=info msg="shim disconnected" id=3b422bff8f4a3730fc352e16bc1c9052699d4ff21405f491685f9b5df415744c
Nov 07 18:08:03 cyb3r-virtual-machine containerd[11914]: time="2025-11-07T18:08:03.677154247-05:00" level=warning msg="cleaning up after shim disconnected" id=3b422bff8f4a3730fc352e16bc1c9052699d4ff21405f491685f9b5df415744c namespace=moby
Nov 07 18:08:03 cyb3r-virtual-machine containerd[11914]: time="2025-11-07T18:08:03.677161757-05:00" level=info msg="cleaning up dead shim"
Nov 07 18:08:03 cyb3r-virtual-machine containerd[11914]: time="2025-11-07T18:08:03.694719761-05:00" level=warning msg="cleanup warnings time=\"2025-11-07T18:08:03-05:00\" level=info msg=\"starting signal loop\" namespace=moby pid=20826 runtime=io.containerd.runc.v2\ntime=\"2025-11-07T18:08:03-05:00\" level=warning msg=\"failed to read init pid file\" error=\"open /run/containerd/io.containerd.runtime.v2.task/moby/3b422bff8f4a3730fc352e16bc1c9052699d4ff21405f491685f9b5df415744c/init.pid: no such file or directory\" runtime=io.containerd.runc.v2\n"
Nov 07 18:08:03 cyb3r-virtual-machine containerd[11914]: time="2025-11-07T18:08:03.694928153-05:00" level=error msg="copy shim log" error="read /proc/self/fd/23: file already closed"
Nov 07 18:08:04 cyb3r-virtual-machine containerd[11914]: time="2025-11-07T18:08:04.080264607-05:00" level=info msg="loading plugin \"io.containerd.event.v1.publisher\"..." runtime=io.containerd.runc.v2 type=io.containerd.event.v1
Nov 07 18:08:04 cyb3r-virtual-machine containerd[11914]: time="2025-11-07T18:08:04.080998930-05:00" level=info msg="loading plugin \"io.containerd.internal.v1.shutdown\"..." runtime=io.containerd.runc.v2 type=io.containerd.internal.v1
Nov 07 18:08:04 cyb3r-virtual-machine containerd[11914]: time="2025-11-07T18:08:04.081015663-05:00" level=info msg="loading plugin \"io.containerd.ttrpc.v1.task\"..." runtime=io.containerd.runc.v2 type=io.containerd.ttrpc.v1
Nov 07 18:08:04 cyb3r-virtual-machine containerd[11914]: time="2025-11-07T18:08:04.081517963-05:00" level=info msg="starting signal loop" namespace=moby path=/run/containerd/io.containerd.runtime.v2.task/moby/dbf8f362a66e9249fce8c97dc826b2c2c995179e93b8f29b996e6118c311a2cc pid=20865 runtime=io.containerd.runc.v2
Nov 07 18:08:04 cyb3r-virtual-machine containerd[11914]: time="2025-11-07T18:08:04.289498619-05:00" level=info msg="shim disconnected" id=dbf8f362a66e9249fce8c97dc826b2c2c995179e93b8f29b996e6118c311a2cc
Nov 07 18:08:04 cyb3r-virtual-machine containerd[11914]: time="2025-11-07T18:08:04.290523046-05:00" level=warning msg="cleaning up after shim disconnected" id=dbf8f362a66e9249fce8c97dc826b2c2c995179e93b8f29b996e6118c311a2cc namespace=moby
Nov 07 18:08:04 cyb3r-virtual-machine containerd[11914]: time="2025-11-07T18:08:04.290558632-05:00" level=info msg="cleaning up dead shim"
Nov 07 18:08:04 cyb3r-virtual-machine containerd[11914]: time="2025-11-07T18:08:04.304975576-05:00" level=warning msg="cleanup warnings time=\"2025-11-07T18:08:04-05:00\" level=info msg=\"starting signal loop\" namespace=moby pid=20902 runtime=io.containerd.runc.v2\ntime=\"2025-11-07T18:08:04-05:00\" level=warning msg=\"failed to read init pid file\" error=\"open /run/containerd/io.containerd.runtime.v2.task/moby/dbf8f362a66e9249fce8c97dc826b2c2c995179e93b8f29b996e6118c311a2cc/init.pid: no such file or directory\" runtime=io.containerd.runc.v2\n"
Nov 07 18:08:04 cyb3r-virtual-machine containerd[11914]: time="2025-11-07T18:08:04.305293781-05:00" level=error msg="copy shim log" error="read /proc/self/fd/23: file already closed"
Nov 07 18:08:04 cyb3r-virtual-machine containerd[11914]: time="2025-11-07T18:08:04.672359257-05:00" level=info msg="loading plugin \"io.containerd.event.v1.publisher\"..." runtime=io.containerd.runc.v2 type=io.containerd.event.v1
Nov 07 18:08:04 cyb3r-virtual-machine containerd[11914]: time="2025-11-07T18:08:04.672642812-05:00" level=info msg="loading plugin \"io.containerd.internal.v1.shutdown\"..." runtime=io.containerd.runc.v2 type=io.containerd.internal.v1
Nov 07 18:08:04 cyb3r-virtual-machine containerd[11914]: time="2025-11-07T18:08:04.672686042-05:00" level=info msg="loading plugin \"io.containerd.ttrpc.v1.task\"..." runtime=io.containerd.runc.v2 type=io.containerd.ttrpc.v1
Nov 07 18:08:04 cyb3r-virtual-machine containerd[11914]: time="2025-11-07T18:08:04.672994373-05:00" level=info msg="starting signal loop" namespace=moby path=/run/containerd/io.containerd.runtime.v2.task/moby/302c39e3adf273b840a0a0fe57daafd76f6095f409d27c01710ff8233038ebd5 pid=20938 runtime=io.containerd.runc.v2
Nov 07 18:08:04 cyb3r-virtual-machine containerd[11914]: time="2025-11-07T18:08:04.906915678-05:00" level=info msg="shim disconnected" id=302c39e3adf273b840a0a0fe57daafd76f6095f409d27c01710ff8233038ebd5
Nov 07 18:08:04 cyb3r-virtual-machine containerd[11914]: time="2025-11-07T18:08:04.906970324-05:00" level=warning msg="cleaning up after shim disconnected" id=302c39e3adf273b840a0a0fe57daafd76f6095f409d27c01710ff8233038ebd5 namespace=moby
Nov 07 18:08:04 cyb3r-virtual-machine containerd[11914]: time="2025-11-07T18:08:04.906976886-05:00" level=info msg="cleaning up dead shim"
Nov 07 18:08:04 cyb3r-virtual-machine containerd[11914]: time="2025-11-07T18:08:04.924972000-05:00" level=warning msg="cleanup warnings time=\"2025-11-07T18:08:04-05:00\" level=info msg=\"starting signal loop\" namespace=moby pid=20973 runtime=io.containerd.runc.v2\ntime=\"2025-11-07T18:08:04-05:00\" level=warning msg=\"failed to read init pid file\" error=\"open /run/containerd/io.containerd.runtime.v2.task/moby/302c39e3adf273b840a0a0fe57daafd76f6095f409d27c01710ff8233038ebd5/init.pid: no such file or directory\" runtime=io.containerd.runc.v2\n"
Nov 07 18:08:04 cyb3r-virtual-machine containerd[11914]: time="2025-11-07T18:08:04.925557296-05:00" level=error msg="copy shim log" error="read /proc/self/fd/23: file already closed"
Nov 07 18:08:05 cyb3r-virtual-machine containerd[11914]: time="2025-11-07T18:08:05.223196606-05:00" level=info msg="loading plugin \"io.containerd.event.v1.publisher\"..." runtime=io.containerd.runc.v2 type=io.containerd.event.v1
Nov 07 18:08:05 cyb3r-virtual-machine containerd[11914]: time="2025-11-07T18:08:05.223300868-05:00" level=info msg="loading plugin \"io.containerd.internal.v1.shutdown\"..." runtime=io.containerd.runc.v2 type=io.containerd.internal.v1
Nov 07 18:08:05 cyb3r-virtual-machine containerd[11914]: time="2025-11-07T18:08:05.223308573-05:00" level=info msg="loading plugin \"io.containerd.ttrpc.v1.task\"..." runtime=io.containerd.runc.v2 type=io.containerd.ttrpc.v1
Nov 07 18:08:05 cyb3r-virtual-machine containerd[11914]: time="2025-11-07T18:08:05.223430659-05:00" level=info msg="starting signal loop" namespace=moby path=/run/containerd/io.containerd.runtime.v2.task/moby/da97670e31e20ee0ca008fa3084820f6ac3635460a6d08a14b16975d82f5d670 pid=21004 runtime=io.containerd.runc.v2
Nov 07 18:08:05 cyb3r-virtual-machine containerd[11914]: time="2025-11-07T18:08:05.445900239-05:00" level=info msg="shim disconnected" id=da97670e31e20ee0ca008fa3084820f6ac3635460a6d08a14b16975d82f5d670
Nov 07 18:08:05 cyb3r-virtual-machine containerd[11914]: time="2025-11-07T18:08:05.445945644-05:00" level=warning msg="cleaning up after shim disconnected" id=da97670e31e20ee0ca008fa3084820f6ac3635460a6d08a14b16975d82f5d670 namespace=moby
Nov 07 18:08:05 cyb3r-virtual-machine containerd[11914]: time="2025-11-07T18:08:05.445952952-05:00" level=info msg="cleaning up dead shim"
Nov 07 18:08:05 cyb3r-virtual-machine containerd[11914]: time="2025-11-07T18:08:05.459810186-05:00" level=warning msg="cleanup warnings time=\"2025-11-07T18:08:05-05:00\" level=info msg=\"starting signal loop\" namespace=moby pid=21047 runtime=io.containerd.runc.v2\ntime=\"2025-11-07T18:08:05-05:00\" level=warning msg=\"failed to read init pid file\" error=\"open /run/containerd/io.containerd.runtime.v2.task/moby/da97670e31e20ee0ca008fa3084820f6ac3635460a6d08a14b16975d82f5d670/init.pid: no such file or directory\" runtime=io.containerd.runc.v2\n"
Nov 07 18:08:05 cyb3r-virtual-machine containerd[11914]: time="2025-11-07T18:08:05.461272542-05:00" level=error msg="copy shim log" error="read /proc/self/fd/23: file already closed"
Nov 07 18:08:05 cyb3r-virtual-machine containerd[11914]: time="2025-11-07T18:08:05.794402707-05:00" level=info msg="loading plugin \"io.containerd.event.v1.publisher\"..." runtime=io.containerd.runc.v2 type=io.containerd.event.v1
Nov 07 18:08:05 cyb3r-virtual-machine containerd[11914]: time="2025-11-07T18:08:05.794534626-05:00" level=info msg="loading plugin \"io.containerd.internal.v1.shutdown\"..." runtime=io.containerd.runc.v2 type=io.containerd.internal.v1
Nov 07 18:08:05 cyb3r-virtual-machine containerd[11914]: time="2025-11-07T18:08:05.794543034-05:00" level=info msg="loading plugin \"io.containerd.ttrpc.v1.task\"..." runtime=io.containerd.runc.v2 type=io.containerd.ttrpc.v1
Nov 07 18:08:05 cyb3r-virtual-machine containerd[11914]: time="2025-11-07T18:08:05.795538859-05:00" level=info msg="starting signal loop" namespace=moby path=/run/containerd/io.containerd.runtime.v2.task/moby/e5aeb6ab9e6b8a5a4f43face87599f255ee9620b0c625c05ab51d1f3f1dee4b5 pid=21081 runtime=io.containerd.runc.v2
Nov 07 18:08:06 cyb3r-virtual-machine containerd[11914]: time="2025-11-07T18:08:06.066009148-05:00" level=info msg="shim disconnected" id=e5aeb6ab9e6b8a5a4f43face87599f255ee9620b0c625c05ab51d1f3f1dee4b5
Nov 07 18:08:06 cyb3r-virtual-machine containerd[11914]: time="2025-11-07T18:08:06.066450432-05:00" level=warning msg="cleaning up after shim disconnected" id=e5aeb6ab9e6b8a5a4f43face87599f255ee9620b0c625c05ab51d1f3f1dee4b5 namespace=moby
Nov 07 18:08:06 cyb3r-virtual-machine containerd[11914]: time="2025-11-07T18:08:06.066577056-05:00" level=info msg="cleaning up dead shim"
Nov 07 18:08:06 cyb3r-virtual-machine containerd[11914]: time="2025-11-07T18:08:06.081530133-05:00" level=warning msg="cleanup warnings time=\"2025-11-07T18:08:06-05:00\" level=info msg=\"starting signal loop\" namespace=moby pid=21124 runtime=io.containerd.runc.v2\ntime=\"2025-11-07T18:08:06-05:00\" level=warning msg=\"failed to read init pid file\" error=\"open /run/containerd/io.containerd.runtime.v2.task/moby/e5aeb6ab9e6b8a5a4f43face87599f255ee9620b0c625c05ab51d1f3f1dee4b5/init.pid: no such file or directory\" runtime=io.containerd.runc.v2\n"
Nov 07 18:08:06 cyb3r-virtual-machine containerd[11914]: time="2025-11-07T18:08:06.081765261-05:00" level=error msg="copy shim log" error="read /proc/self/fd/23: file already closed"
Nov 07 18:08:06 cyb3r-virtual-machine containerd[11914]: time="2025-11-07T18:08:06.377176862-05:00" level=info msg="loading plugin \"io.containerd.event.v1.publisher\"..." runtime=io.containerd.runc.v2 type=io.containerd.event.v1
Nov 07 18:08:06 cyb3r-virtual-machine containerd[11914]: time="2025-11-07T18:08:06.377249897-05:00" level=info msg="loading plugin \"io.containerd.internal.v1.shutdown\"..." runtime=io.containerd.runc.v2 type=io.containerd.internal.v1
Nov 07 18:08:06 cyb3r-virtual-machine containerd[11914]: time="2025-11-07T18:08:06.377261921-05:00" level=info msg="loading plugin \"io.containerd.ttrpc.v1.task\"..." runtime=io.containerd.runc.v2 type=io.containerd.ttrpc.v1
Nov 07 18:08:06 cyb3r-virtual-machine containerd[11914]: time="2025-11-07T18:08:06.378059611-05:00" level=info msg="starting signal loop" namespace=moby path=/run/containerd/io.containerd.runtime.v2.task/moby/4b43356af526c202d448207c97ab8f3bab327373ec3d1c4214b100ceade9cc65 pid=21163 runtime=io.containerd.runc.v2
Nov 07 18:08:06 cyb3r-virtual-machine containerd[11914]: time="2025-11-07T18:08:06.580670540-05:00" level=info msg="shim disconnected" id=4b43356af526c202d448207c97ab8f3bab327373ec3d1c4214b100ceade9cc65
Nov 07 18:08:06 cyb3r-virtual-machine containerd[11914]: time="2025-11-07T18:08:06.580830066-05:00" level=warning msg="cleaning up after shim disconnected" id=4b43356af526c202d448207c97ab8f3bab327373ec3d1c4214b100ceade9cc65 namespace=moby
Nov 07 18:08:06 cyb3r-virtual-machine containerd[11914]: time="2025-11-07T18:08:06.580838621-05:00" level=info msg="cleaning up dead shim"
Nov 07 18:08:06 cyb3r-virtual-machine containerd[11914]: time="2025-11-07T18:08:06.594329634-05:00" level=warning msg="cleanup warnings time=\"2025-11-07T18:08:06-05:00\" level=info msg=\"starting signal loop\" namespace=moby pid=21195 runtime=io.containerd.runc.v2\ntime=\"2025-11-07T18:08:06-05:00\" level=warning msg=\"failed to remove runc container\" error=\"runc did not terminate successfully: exit status 255: \" runtime=io.containerd.runc.v2\ntime=\"2025-11-07T18:08:06-05:00\" level=warning msg=\"failed to read init pid file\" error=\"open /run/containerd/io.containerd.runtime.v2.task/moby/4b43356af526c202d448207c97ab8f3bab327373ec3d1c4214b100ceade9cc65/init.pid: no such file or directory\" runtime=io.containerd.runc.v2\n"
Nov 07 18:08:06 cyb3r-virtual-machine containerd[11914]: time="2025-11-07T18:08:06.594589678-05:00" level=error msg="copy shim log" error="read /proc/self/fd/23: file already closed"
Nov 07 18:08:43 cyb3r-virtual-machine containerd[11914]: time="2025-11-07T18:08:43.408084165-05:00" level=info msg="loading plugin \"io.containerd.event.v1.publisher\"..." runtime=io.containerd.runc.v2 type=io.containerd.event.v1
Nov 07 18:08:43 cyb3r-virtual-machine containerd[11914]: time="2025-11-07T18:08:43.408151699-05:00" level=info msg="loading plugin \"io.containerd.internal.v1.shutdown\"..." runtime=io.containerd.runc.v2 type=io.containerd.internal.v1
Nov 07 18:08:43 cyb3r-virtual-machine containerd[11914]: time="2025-11-07T18:08:43.408158074-05:00" level=info msg="loading plugin \"io.containerd.ttrpc.v1.task\"..." runtime=io.containerd.runc.v2 type=io.containerd.ttrpc.v1
Nov 07 18:08:43 cyb3r-virtual-machine containerd[11914]: time="2025-11-07T18:08:43.408265960-05:00" level=info msg="starting signal loop" namespace=moby path=/run/containerd/io.containerd.runtime.v2.task/moby/f50d5c3b068f7d69f279403cc8e8c6f6f561da8c5b543ebdb6793eb35301efa7 pid=21308 runtime=io.containerd.runc.v2
Nov 07 18:08:43 cyb3r-virtual-machine containerd[11914]: time="2025-11-07T18:08:43.674522563-05:00" level=info msg="shim disconnected" id=f50d5c3b068f7d69f279403cc8e8c6f6f561da8c5b543ebdb6793eb35301efa7
Nov 07 18:08:43 cyb3r-virtual-machine containerd[11914]: time="2025-11-07T18:08:43.675694349-05:00" level=warning msg="cleaning up after shim disconnected" id=f50d5c3b068f7d69f279403cc8e8c6f6f561da8c5b543ebdb6793eb35301efa7 namespace=moby
Nov 07 18:08:43 cyb3r-virtual-machine containerd[11914]: time="2025-11-07T18:08:43.675723308-05:00" level=info msg="cleaning up dead shim"
Nov 07 18:08:43 cyb3r-virtual-machine containerd[11914]: time="2025-11-07T18:08:43.706235082-05:00" level=warning msg="cleanup warnings time=\"2025-11-07T18:08:43-05:00\" level=info msg=\"starting signal loop\" namespace=moby pid=21360 runtime=io.containerd.runc.v2\ntime=\"2025-11-07T18:08:43-05:00\" level=warning msg=\"failed to read init pid file\" error=\"open /run/containerd/io.containerd.runtime.v2.task/moby/f50d5c3b068f7d69f279403cc8e8c6f6f561da8c5b543ebdb6793eb35301efa7/init.pid: no such file or directory\" runtime=io.containerd.runc.v2\n"
Nov 07 18:08:43 cyb3r-virtual-machine containerd[11914]: time="2025-11-07T18:08:43.707075284-05:00" level=error msg="copy shim log" error="read /proc/self/fd/23: file already closed"
Nov 07 22:42:13 cyb3r-virtual-machine containerd[11914]: time="2025-11-07T22:42:13.101334320-05:00" level=info msg="shim disconnected" id=c8f48993b74f9f5d0913f18caacd7340ed6df719ca64fdcf3e2c63d7225fe5b4
Nov 07 22:42:13 cyb3r-virtual-machine containerd[11914]: time="2025-11-07T22:42:13.101700449-05:00" level=warning msg="cleaning up after shim disconnected" id=c8f48993b74f9f5d0913f18caacd7340ed6df719ca64fdcf3e2c63d7225fe5b4 namespace=moby
Nov 07 22:42:13 cyb3r-virtual-machine containerd[11914]: time="2025-11-07T22:42:13.102667670-05:00" level=info msg="cleaning up dead shim"
Nov 07 22:42:13 cyb3r-virtual-machine containerd[11914]: time="2025-11-07T22:42:13.129566760-05:00" level=warning msg="cleanup warnings time=\"2025-11-07T22:42:13-05:00\" level=info msg=\"starting signal loop\" namespace=moby pid=23199 runtime=io.containerd.runc.v2\n"
Nov 07 22:42:15 cyb3r-virtual-machine containerd[11914]: time="2025-11-07T22:42:15.011685840-05:00" level=info msg="shim disconnected" id=fbeebfcce5bad73656fca57510cef52ee748ae837d8f80f4948102779a00fa57
Nov 07 22:42:15 cyb3r-virtual-machine containerd[11914]: time="2025-11-07T22:42:15.011741791-05:00" level=warning msg="cleaning up after shim disconnected" id=fbeebfcce5bad73656fca57510cef52ee748ae837d8f80f4948102779a00fa57 namespace=moby
Nov 07 22:42:15 cyb3r-virtual-machine containerd[11914]: time="2025-11-07T22:42:15.011749242-05:00" level=info msg="cleaning up dead shim"
Nov 07 22:42:15 cyb3r-virtual-machine containerd[11914]: time="2025-11-07T22:42:15.032219413-05:00" level=warning msg="cleanup warnings time=\"2025-11-07T22:42:15-05:00\" level=info msg=\"starting signal loop\" namespace=moby pid=23235 runtime=io.containerd.runc.v2\n"
Nov 07 22:42:19 cyb3r-virtual-machine containerd[11914]: time="2025-11-07T22:42:19.196014494-05:00" level=info msg="shim disconnected" id=09b41ae01077618fe640cc4d9864d1aeea7e9123586840825ee9244f7b75ea6d
Nov 07 22:42:19 cyb3r-virtual-machine containerd[11914]: time="2025-11-07T22:42:19.196909752-05:00" level=warning msg="cleaning up after shim disconnected" id=09b41ae01077618fe640cc4d9864d1aeea7e9123586840825ee9244f7b75ea6d namespace=moby
Nov 07 22:42:19 cyb3r-virtual-machine containerd[11914]: time="2025-11-07T22:42:19.196941241-05:00" level=info msg="cleaning up dead shim"
Nov 07 22:42:19 cyb3r-virtual-machine containerd[11914]: time="2025-11-07T22:42:19.221409775-05:00" level=warning msg="cleanup warnings time=\"2025-11-07T22:42:19-05:00\" level=info msg=\"starting signal loop\" namespace=moby pid=23271 runtime=io.containerd.runc.v2\n"
-- Boot ef9e169e2059486aa3352f47145b709c --
Nov 07 22:54:42 cyb3r-virtual-machine systemd[1]: Starting containerd container runtime...
Nov 07 22:54:44 cyb3r-virtual-machine containerd[915]: time="2025-11-07T22:54:44-05:00" level=warning msg="deprecated version : `1`, please switch to version `2`"
Nov 07 22:54:44 cyb3r-virtual-machine containerd[915]: time="2025-11-07T22:54:44.938196523-05:00" level=info msg="starting containerd" revision=212e8b6fa2f44b9c21b2798135fc6fb7c53efc16 version=1.6.4
Nov 07 22:54:45 cyb3r-virtual-machine containerd[915]: time="2025-11-07T22:54:45.008535712-05:00" level=info msg="loading plugin \"io.containerd.content.v1.content\"..." type=io.containerd.content.v1
Nov 07 22:54:45 cyb3r-virtual-machine containerd[915]: time="2025-11-07T22:54:45.009686161-05:00" level=info msg="loading plugin \"io.containerd.snapshotter.v1.aufs\"..." type=io.containerd.snapshotter.v1
Nov 07 22:54:45 cyb3r-virtual-machine containerd[915]: time="2025-11-07T22:54:45.022712284-05:00" level=info msg="skip loading plugin \"io.containerd.snapshotter.v1.aufs\"..." error="aufs is not supported (modprobe aufs failed: exit status 1 \"modprobe: FATAL: Module aufs not found in directory /lib/modules/6.8.0-87-generic\\n\"): skip plugin" type=io.containerd.snapshotter.v1
Nov 07 22:54:45 cyb3r-virtual-machine containerd[915]: time="2025-11-07T22:54:45.023481327-05:00" level=info msg="loading plugin \"io.containerd.snapshotter.v1.btrfs\"..." type=io.containerd.snapshotter.v1
Nov 07 22:54:45 cyb3r-virtual-machine containerd[915]: time="2025-11-07T22:54:45.023946807-05:00" level=info msg="skip loading plugin \"io.containerd.snapshotter.v1.btrfs\"..." error="path /var/lib/containerd/io.containerd.snapshotter.v1.btrfs (ext4) must be a btrfs filesystem to be used with the btrfs snapshotter: skip plugin" type=io.containerd.snapshotter.v1
Nov 07 22:54:45 cyb3r-virtual-machine containerd[915]: time="2025-11-07T22:54:45.023967375-05:00" level=info msg="loading plugin \"io.containerd.snapshotter.v1.devmapper\"..." type=io.containerd.snapshotter.v1
Nov 07 22:54:45 cyb3r-virtual-machine containerd[915]: time="2025-11-07T22:54:45.023980654-05:00" level=warning msg="failed to load plugin io.containerd.snapshotter.v1.devmapper" error="devmapper not configured"
Nov 07 22:54:45 cyb3r-virtual-machine containerd[915]: time="2025-11-07T22:54:45.023989294-05:00" level=info msg="loading plugin \"io.containerd.snapshotter.v1.native\"..." type=io.containerd.snapshotter.v1
Nov 07 22:54:45 cyb3r-virtual-machine containerd[915]: time="2025-11-07T22:54:45.026960402-05:00" level=info msg="loading plugin \"io.containerd.snapshotter.v1.overlayfs\"..." type=io.containerd.snapshotter.v1
Nov 07 22:54:45 cyb3r-virtual-machine containerd[915]: time="2025-11-07T22:54:45.034888127-05:00" level=info msg="loading plugin \"io.containerd.snapshotter.v1.zfs\"..." type=io.containerd.snapshotter.v1
Nov 07 22:54:45 cyb3r-virtual-machine containerd[915]: time="2025-11-07T22:54:45.036150236-05:00" level=info msg="skip loading plugin \"io.containerd.snapshotter.v1.zfs\"..." error="path /var/lib/containerd/io.containerd.snapshotter.v1.zfs must be a zfs filesystem to be used with the zfs snapshotter: skip plugin" type=io.containerd.snapshotter.v1
Nov 07 22:54:45 cyb3r-virtual-machine containerd[915]: time="2025-11-07T22:54:45.039329846-05:00" level=info msg="loading plugin \"io.containerd.metadata.v1.bolt\"..." type=io.containerd.metadata.v1
Nov 07 22:54:45 cyb3r-virtual-machine containerd[915]: time="2025-11-07T22:54:45.039364575-05:00" level=warning msg="could not use snapshotter devmapper in metadata plugin" error="devmapper not configured"
Nov 07 22:54:45 cyb3r-virtual-machine containerd[915]: time="2025-11-07T22:54:45.039375697-05:00" level=info msg="metadata content store policy set" policy=shared
Nov 07 22:54:45 cyb3r-virtual-machine containerd[915]: time="2025-11-07T22:54:45.048248259-05:00" level=info msg="loading plugin \"io.containerd.differ.v1.walking\"..." type=io.containerd.differ.v1
Nov 07 22:54:45 cyb3r-virtual-machine containerd[915]: time="2025-11-07T22:54:45.048291377-05:00" level=info msg="loading plugin \"io.containerd.event.v1.exchange\"..." type=io.containerd.event.v1
Nov 07 22:54:45 cyb3r-virtual-machine containerd[915]: time="2025-11-07T22:54:45.048302671-05:00" level=info msg="loading plugin \"io.containerd.gc.v1.scheduler\"..." type=io.containerd.gc.v1
Nov 07 22:54:45 cyb3r-virtual-machine containerd[915]: time="2025-11-07T22:54:45.048347713-05:00" level=info msg="loading plugin \"io.containerd.service.v1.introspection-service\"..." type=io.containerd.service.v1
Nov 07 22:54:45 cyb3r-virtual-machine containerd[915]: time="2025-11-07T22:54:45.048358789-05:00" level=info msg="loading plugin \"io.containerd.service.v1.containers-service\"..." type=io.containerd.service.v1
Nov 07 22:54:45 cyb3r-virtual-machine containerd[915]: time="2025-11-07T22:54:45.048367663-05:00" level=info msg="loading plugin \"io.containerd.service.v1.content-service\"..." type=io.containerd.service.v1
Nov 07 22:54:45 cyb3r-virtual-machine containerd[915]: time="2025-11-07T22:54:45.048375995-05:00" level=info msg="loading plugin \"io.containerd.service.v1.diff-service\"..." type=io.containerd.service.v1
Nov 07 22:54:45 cyb3r-virtual-machine containerd[915]: time="2025-11-07T22:54:45.048384217-05:00" level=info msg="loading plugin \"io.containerd.service.v1.images-service\"..." type=io.containerd.service.v1
Nov 07 22:54:45 cyb3r-virtual-machine containerd[915]: time="2025-11-07T22:54:45.048393291-05:00" level=info msg="loading plugin \"io.containerd.service.v1.leases-service\"..." type=io.containerd.service.v1
Nov 07 22:54:45 cyb3r-virtual-machine containerd[915]: time="2025-11-07T22:54:45.048404297-05:00" level=info msg="loading plugin \"io.containerd.service.v1.namespaces-service\"..." type=io.containerd.service.v1
Nov 07 22:54:45 cyb3r-virtual-machine containerd[915]: time="2025-11-07T22:54:45.048414545-05:00" level=info msg="loading plugin \"io.containerd.service.v1.snapshots-service\"..." type=io.containerd.service.v1
Nov 07 22:54:45 cyb3r-virtual-machine containerd[915]: time="2025-11-07T22:54:45.048426631-05:00" level=info msg="loading plugin \"io.containerd.runtime.v1.linux\"..." type=io.containerd.runtime.v1
Nov 07 22:54:45 cyb3r-virtual-machine containerd[915]: time="2025-11-07T22:54:45.048475138-05:00" level=info msg="loading plugin \"io.containerd.runtime.v2.task\"..." type=io.containerd.runtime.v2
Nov 07 22:54:45 cyb3r-virtual-machine containerd[915]: time="2025-11-07T22:54:45.048503380-05:00" level=info msg="loading plugin \"io.containerd.monitor.v1.cgroups\"..." type=io.containerd.monitor.v1
Nov 07 22:54:45 cyb3r-virtual-machine containerd[915]: time="2025-11-07T22:54:45.053161575-05:00" level=info msg="loading plugin \"io.containerd.service.v1.tasks-service\"..." type=io.containerd.service.v1
Nov 07 22:54:45 cyb3r-virtual-machine containerd[915]: time="2025-11-07T22:54:45.053205241-05:00" level=info msg="loading plugin \"io.containerd.grpc.v1.introspection\"..." type=io.containerd.grpc.v1
Nov 07 22:54:45 cyb3r-virtual-machine containerd[915]: time="2025-11-07T22:54:45.053215665-05:00" level=info msg="loading plugin \"io.containerd.internal.v1.restart\"..." type=io.containerd.internal.v1
Nov 07 22:54:45 cyb3r-virtual-machine containerd[915]: time="2025-11-07T22:54:45.053278571-05:00" level=info msg="loading plugin \"io.containerd.grpc.v1.containers\"..." type=io.containerd.grpc.v1
Nov 07 22:54:45 cyb3r-virtual-machine containerd[915]: time="2025-11-07T22:54:45.053291670-05:00" level=info msg="loading plugin \"io.containerd.grpc.v1.content\"..." type=io.containerd.grpc.v1
Nov 07 22:54:45 cyb3r-virtual-machine containerd[915]: time="2025-11-07T22:54:45.053299944-05:00" level=info msg="loading plugin \"io.containerd.grpc.v1.diff\"..." type=io.containerd.grpc.v1
Nov 07 22:54:45 cyb3r-virtual-machine containerd[915]: time="2025-11-07T22:54:45.053306499-05:00" level=info msg="loading plugin \"io.containerd.grpc.v1.events\"..." type=io.containerd.grpc.v1
Nov 07 22:54:45 cyb3r-virtual-machine containerd[915]: time="2025-11-07T22:54:45.053317462-05:00" level=info msg="loading plugin \"io.containerd.grpc.v1.healthcheck\"..." type=io.containerd.grpc.v1
Nov 07 22:54:45 cyb3r-virtual-machine containerd[915]: time="2025-11-07T22:54:45.053325271-05:00" level=info msg="loading plugin \"io.containerd.grpc.v1.images\"..." type=io.containerd.grpc.v1
Nov 07 22:54:45 cyb3r-virtual-machine containerd[915]: time="2025-11-07T22:54:45.053610453-05:00" level=info msg="loading plugin \"io.containerd.grpc.v1.leases\"..." type=io.containerd.grpc.v1
Nov 07 22:54:45 cyb3r-virtual-machine containerd[915]: time="2025-11-07T22:54:45.053624527-05:00" level=info msg="loading plugin \"io.containerd.grpc.v1.namespaces\"..." type=io.containerd.grpc.v1
Nov 07 22:54:45 cyb3r-virtual-machine containerd[915]: time="2025-11-07T22:54:45.053637097-05:00" level=info msg="loading plugin \"io.containerd.internal.v1.opt\"..." type=io.containerd.internal.v1
Nov 07 22:54:45 cyb3r-virtual-machine containerd[915]: time="2025-11-07T22:54:45.055311949-05:00" level=info msg="loading plugin \"io.containerd.grpc.v1.snapshots\"..." type=io.containerd.grpc.v1
Nov 07 22:54:45 cyb3r-virtual-machine containerd[915]: time="2025-11-07T22:54:45.055333835-05:00" level=info msg="loading plugin \"io.containerd.grpc.v1.tasks\"..." type=io.containerd.grpc.v1
Nov 07 22:54:45 cyb3r-virtual-machine containerd[915]: time="2025-11-07T22:54:45.055343452-05:00" level=info msg="loading plugin \"io.containerd.grpc.v1.version\"..." type=io.containerd.grpc.v1
Nov 07 22:54:45 cyb3r-virtual-machine containerd[915]: time="2025-11-07T22:54:45.055351081-05:00" level=info msg="loading plugin \"io.containerd.tracing.processor.v1.otlp\"..." type=io.containerd.tracing.processor.v1
Nov 07 22:54:45 cyb3r-virtual-machine containerd[915]: time="2025-11-07T22:54:45.055368110-05:00" level=info msg="skip loading plugin \"io.containerd.tracing.processor.v1.otlp\"..." error="no OpenTelemetry endpoint: skip plugin" type=io.containerd.tracing.processor.v1
Nov 07 22:54:45 cyb3r-virtual-machine containerd[915]: time="2025-11-07T22:54:45.055374826-05:00" level=info msg="loading plugin \"io.containerd.internal.v1.tracing\"..." type=io.containerd.internal.v1
Nov 07 22:54:45 cyb3r-virtual-machine containerd[915]: time="2025-11-07T22:54:45.055388239-05:00" level=error msg="failed to initialize a tracing processor \"otlp\"" error="no OpenTelemetry endpoint: skip plugin"
Nov 07 22:54:45 cyb3r-virtual-machine containerd[915]: time="2025-11-07T22:54:45.055593573-05:00" level=info msg=serving... address=/run/containerd/containerd.sock.ttrpc
Nov 07 22:54:45 cyb3r-virtual-machine containerd[915]: time="2025-11-07T22:54:45.055618524-05:00" level=info msg=serving... address=/run/containerd/containerd.sock
Nov 07 22:54:45 cyb3r-virtual-machine containerd[915]: time="2025-11-07T22:54:45.055649145-05:00" level=info msg="containerd successfully booted in 0.134121s"
Nov 07 22:54:45 cyb3r-virtual-machine systemd[1]: Started containerd container runtime.
Nov 07 23:26:38 cyb3r-virtual-machine containerd[915]: time="2025-11-07T23:26:38.987477343-05:00" level=info msg="loading plugin \"io.containerd.event.v1.publisher\"..." runtime=io.containerd.runc.v2 type=io.containerd.event.v1
Nov 07 23:26:38 cyb3r-virtual-machine containerd[915]: time="2025-11-07T23:26:38.987850974-05:00" level=info msg="loading plugin \"io.containerd.internal.v1.shutdown\"..." runtime=io.containerd.runc.v2 type=io.containerd.internal.v1
Nov 07 23:26:38 cyb3r-virtual-machine containerd[915]: time="2025-11-07T23:26:38.987901599-05:00" level=info msg="loading plugin \"io.containerd.ttrpc.v1.task\"..." runtime=io.containerd.runc.v2 type=io.containerd.ttrpc.v1
Nov 07 23:26:38 cyb3r-virtual-machine containerd[915]: time="2025-11-07T23:26:38.988612174-05:00" level=info msg="starting signal loop" namespace=moby path=/run/containerd/io.containerd.runtime.v2.task/moby/83bcfcc80265b022531aadda580ecba0d6885b0b67bc3642cc2ff2ce560cd1b1 pid=4687 runtime=io.containerd.runc.v2
Nov 07 23:27:32 cyb3r-virtual-machine containerd[915]: time="2025-11-07T23:27:32.037452596-05:00" level=info msg="shim disconnected" id=83bcfcc80265b022531aadda580ecba0d6885b0b67bc3642cc2ff2ce560cd1b1
Nov 07 23:27:32 cyb3r-virtual-machine containerd[915]: time="2025-11-07T23:27:32.039783613-05:00" level=warning msg="cleaning up after shim disconnected" id=83bcfcc80265b022531aadda580ecba0d6885b0b67bc3642cc2ff2ce560cd1b1 namespace=moby
Nov 07 23:27:32 cyb3r-virtual-machine containerd[915]: time="2025-11-07T23:27:32.039986061-05:00" level=info msg="cleaning up dead shim"
Nov 07 23:27:32 cyb3r-virtual-machine containerd[915]: time="2025-11-07T23:27:32.051742574-05:00" level=warning msg="cleanup warnings time=\"2025-11-07T23:27:32-05:00\" level=info msg=\"starting signal loop\" namespace=moby pid=4740 runtime=io.containerd.runc.v2\n"
Nov 07 23:27:53 cyb3r-virtual-machine containerd[915]: time="2025-11-07T23:27:53.176770051-05:00" level=info msg="loading plugin \"io.containerd.event.v1.publisher\"..." runtime=io.containerd.runc.v2 type=io.containerd.event.v1
Nov 07 23:27:53 cyb3r-virtual-machine containerd[915]: time="2025-11-07T23:27:53.178228161-05:00" level=info msg="loading plugin \"io.containerd.internal.v1.shutdown\"..." runtime=io.containerd.runc.v2 type=io.containerd.internal.v1
Nov 07 23:27:53 cyb3r-virtual-machine containerd[915]: time="2025-11-07T23:27:53.178254014-05:00" level=info msg="loading plugin \"io.containerd.ttrpc.v1.task\"..." runtime=io.containerd.runc.v2 type=io.containerd.ttrpc.v1
Nov 07 23:27:53 cyb3r-virtual-machine containerd[915]: time="2025-11-07T23:27:53.178612944-05:00" level=info msg="starting signal loop" namespace=moby path=/run/containerd/io.containerd.runtime.v2.task/moby/64c951095b7f64d6bf2e3f9825236a39ea306154b014467dc7b94fd52c4efd74 pid=4810 runtime=io.containerd.runc.v2
Nov 07 23:43:01 cyb3r-virtual-machine containerd[915]: time="2025-11-07T23:43:01.034180194-05:00" level=info msg="shim disconnected" id=64c951095b7f64d6bf2e3f9825236a39ea306154b014467dc7b94fd52c4efd74
Nov 07 23:43:01 cyb3r-virtual-machine containerd[915]: time="2025-11-07T23:43:01.035629529-05:00" level=warning msg="cleaning up after shim disconnected" id=64c951095b7f64d6bf2e3f9825236a39ea306154b014467dc7b94fd52c4efd74 namespace=moby
Nov 07 23:43:01 cyb3r-virtual-machine containerd[915]: time="2025-11-07T23:43:01.035656684-05:00" level=info msg="cleaning up dead shim"
Nov 07 23:43:01 cyb3r-virtual-machine containerd[915]: time="2025-11-07T23:43:01.049854243-05:00" level=warning msg="cleanup warnings time=\"2025-11-07T23:43:01-05:00\" level=info msg=\"starting signal loop\" namespace=moby pid=5027 runtime=io.containerd.runc.v2\ntime=\"2025-11-07T23:43:01-05:00\" level=warning msg=\"failed to remove runc container\" error=\"runc did not terminate successfully: exit status 255: \" runtime=io.containerd.runc.v2\n"
Nov 07 23:43:05 cyb3r-virtual-machine containerd[915]: time="2025-11-07T23:43:05.845937166-05:00" level=info msg="loading plugin \"io.containerd.event.v1.publisher\"..." runtime=io.containerd.runc.v2 type=io.containerd.event.v1
Nov 07 23:43:05 cyb3r-virtual-machine containerd[915]: time="2025-11-07T23:43:05.846002227-05:00" level=info msg="loading plugin \"io.containerd.internal.v1.shutdown\"..." runtime=io.containerd.runc.v2 type=io.containerd.internal.v1
Nov 07 23:43:05 cyb3r-virtual-machine containerd[915]: time="2025-11-07T23:43:05.846008608-05:00" level=info msg="loading plugin \"io.containerd.ttrpc.v1.task\"..." runtime=io.containerd.runc.v2 type=io.containerd.ttrpc.v1
Nov 07 23:43:05 cyb3r-virtual-machine containerd[915]: time="2025-11-07T23:43:05.846905693-05:00" level=info msg="starting signal loop" namespace=moby path=/run/containerd/io.containerd.runtime.v2.task/moby/2077d025a2f44b8b9d51bcd26e4f23ee86aeca2cafcb7cab0c5f4427967dc41a pid=5079 runtime=io.containerd.runc.v2
Nov 07 23:51:27 cyb3r-virtual-machine containerd[915]: time="2025-11-07T23:51:27.311579371-05:00" level=info msg="shim disconnected" id=2077d025a2f44b8b9d51bcd26e4f23ee86aeca2cafcb7cab0c5f4427967dc41a
Nov 07 23:51:27 cyb3r-virtual-machine containerd[915]: time="2025-11-07T23:51:27.311673457-05:00" level=warning msg="cleaning up after shim disconnected" id=2077d025a2f44b8b9d51bcd26e4f23ee86aeca2cafcb7cab0c5f4427967dc41a namespace=moby
Nov 07 23:51:27 cyb3r-virtual-machine containerd[915]: time="2025-11-07T23:51:27.311687070-05:00" level=info msg="cleaning up dead shim"
Nov 07 23:51:27 cyb3r-virtual-machine containerd[915]: time="2025-11-07T23:51:27.327465064-05:00" level=warning msg="cleanup warnings time=\"2025-11-07T23:51:27-05:00\" level=info msg=\"starting signal loop\" namespace=moby pid=5261 runtime=io.containerd.runc.v2\n"
Nov 07 23:51:33 cyb3r-virtual-machine containerd[915]: time="2025-11-07T23:51:33.588520259-05:00" level=info msg="loading plugin \"io.containerd.event.v1.publisher\"..." runtime=io.containerd.runc.v2 type=io.containerd.event.v1
Nov 07 23:51:33 cyb3r-virtual-machine containerd[915]: time="2025-11-07T23:51:33.588577980-05:00" level=info msg="loading plugin \"io.containerd.internal.v1.shutdown\"..." runtime=io.containerd.runc.v2 type=io.containerd.internal.v1
Nov 07 23:51:33 cyb3r-virtual-machine containerd[915]: time="2025-11-07T23:51:33.588584363-05:00" level=info msg="loading plugin \"io.containerd.ttrpc.v1.task\"..." runtime=io.containerd.runc.v2 type=io.containerd.ttrpc.v1
Nov 07 23:51:33 cyb3r-virtual-machine containerd[915]: time="2025-11-07T23:51:33.588757606-05:00" level=info msg="starting signal loop" namespace=moby path=/run/containerd/io.containerd.runtime.v2.task/moby/36420d1064dd095fe55a1c76f5345931cd12da2c86e3167e5ab965a492a01f40 pid=5319 runtime=io.containerd.runc.v2
