-- Logs begin at Sun 2025-11-16 06:26:02 PST, end at Sun 2025-11-16 12:23:16 PST. --
Nov 16 11:52:31 ubuntu systemd[1]: Starting Docker Application Container Engine...
Nov 16 11:52:31 ubuntu dockerd[28657]: time="2025-11-16T11:52:31.961145736-08:00" level=info msg="systemd-resolved is running, so using resolvconf: /run/systemd/resolve/resolv.conf"
Nov 16 11:52:31 ubuntu dockerd[28657]: time="2025-11-16T11:52:31.992942367-08:00" level=info msg="parsed scheme: \"unix\"" module=grpc
Nov 16 11:52:31 ubuntu dockerd[28657]: time="2025-11-16T11:52:31.992981243-08:00" level=info msg="scheme \"unix\" not registered, fallback to default scheme" module=grpc
Nov 16 11:52:31 ubuntu dockerd[28657]: time="2025-11-16T11:52:31.993038343-08:00" level=info msg="parsed scheme: \"unix\"" module=grpc
Nov 16 11:52:31 ubuntu dockerd[28657]: time="2025-11-16T11:52:31.993041778-08:00" level=info msg="scheme \"unix\" not registered, fallback to default scheme" module=grpc
Nov 16 11:52:31 ubuntu dockerd[28657]: time="2025-11-16T11:52:31.993170835-08:00" level=info msg="ccResolverWrapper: sending new addresses to cc: [{unix:///run/containerd/containerd.sock 0  <nil>}]" module=grpc
Nov 16 11:52:31 ubuntu dockerd[28657]: time="2025-11-16T11:52:31.993221986-08:00" level=info msg="ClientConn switching balancer to \"pick_first\"" module=grpc
Nov 16 11:52:31 ubuntu dockerd[28657]: time="2025-11-16T11:52:31.993421880-08:00" level=info msg="pickfirstBalancer: HandleSubConnStateChange: 0xc42412e390, CONNECTING" module=grpc
Nov 16 11:52:31 ubuntu dockerd[28657]: time="2025-11-16T11:52:31.994806869-08:00" level=info msg="pickfirstBalancer: HandleSubConnStateChange: 0xc42412e390, READY" module=grpc
Nov 16 11:52:31 ubuntu dockerd[28657]: time="2025-11-16T11:52:31.994938471-08:00" level=info msg="ccResolverWrapper: sending new addresses to cc: [{unix:///run/containerd/containerd.sock 0  <nil>}]" module=grpc
Nov 16 11:52:31 ubuntu dockerd[28657]: time="2025-11-16T11:52:31.994950286-08:00" level=info msg="ClientConn switching balancer to \"pick_first\"" module=grpc
Nov 16 11:52:31 ubuntu dockerd[28657]: time="2025-11-16T11:52:31.994984091-08:00" level=info msg="pickfirstBalancer: HandleSubConnStateChange: 0xc42412e6a0, CONNECTING" module=grpc
Nov 16 11:52:31 ubuntu dockerd[28657]: time="2025-11-16T11:52:31.995232021-08:00" level=info msg="pickfirstBalancer: HandleSubConnStateChange: 0xc42412e6a0, READY" module=grpc
Nov 16 11:52:32 ubuntu dockerd[28657]: time="2025-11-16T11:52:32.010906535-08:00" level=info msg="Graph migration to content-addressability took 0.00 seconds"
Nov 16 11:52:32 ubuntu dockerd[28657]: time="2025-11-16T11:52:32.011358089-08:00" level=warning msg="Your kernel does not support swap memory limit"
Nov 16 11:52:32 ubuntu dockerd[28657]: time="2025-11-16T11:52:32.011461362-08:00" level=warning msg="Your kernel does not support cgroup rt period"
Nov 16 11:52:32 ubuntu dockerd[28657]: time="2025-11-16T11:52:32.011499428-08:00" level=warning msg="Your kernel does not support cgroup rt runtime"
Nov 16 11:52:32 ubuntu dockerd[28657]: time="2025-11-16T11:52:32.011535660-08:00" level=warning msg="Your kernel does not support cgroup blkio weight"
Nov 16 11:52:32 ubuntu dockerd[28657]: time="2025-11-16T11:52:32.011577734-08:00" level=warning msg="Your kernel does not support cgroup blkio weight_device"
Nov 16 11:52:32 ubuntu dockerd[28657]: time="2025-11-16T11:52:32.012403225-08:00" level=info msg="Loading containers: start."
Nov 16 11:52:32 ubuntu dockerd[28657]: time="2025-11-16T11:52:32.118254682-08:00" level=info msg="Default bridge (docker0) is assigned with an IP address 172.17.0.0/16. Daemon option --bip can be used to set a preferred IP address"
Nov 16 11:52:32 ubuntu dockerd[28657]: time="2025-11-16T11:52:32.237813954-08:00" level=info msg="Loading containers: done."
Nov 16 11:52:32 ubuntu dockerd[28657]: time="2025-11-16T11:52:32.337259075-08:00" level=info msg="Docker daemon" commit=4d60db4 graphdriver(s)=overlay2 version=18.09.0
Nov 16 11:52:32 ubuntu dockerd[28657]: time="2025-11-16T11:52:32.337820533-08:00" level=info msg="Daemon has completed initialization"
Nov 16 11:52:32 ubuntu dockerd[28657]: time="2025-11-16T11:52:32.343563283-08:00" level=warning msg="Could not register builder git source: failed to find git binary: exec: \"git\": executable file not found in $PATH"
Nov 16 11:52:32 ubuntu dockerd[28657]: time="2025-11-16T11:52:32.350781032-08:00" level=info msg="API listen on /var/run/docker.sock"
Nov 16 11:52:32 ubuntu systemd[1]: Started Docker Application Container Engine.
Nov 16 11:52:53 ubuntu systemd[1]: Stopping Docker Application Container Engine...
Nov 16 11:52:53 ubuntu dockerd[28657]: time="2025-11-16T11:52:53.497880631-08:00" level=error msg="failed to get event" error="rpc error: code = Unavailable desc = transport is closing" module=libcontainerd namespace=moby
Nov 16 11:52:53 ubuntu dockerd[28657]: time="2025-11-16T11:52:53.498103795-08:00" level=error msg="failed to get event" error="rpc error: code = Unavailable desc = transport is closing" module=libcontainerd namespace=moby
Nov 16 11:52:53 ubuntu dockerd[28657]: time="2025-11-16T11:52:53.498121237-08:00" level=error msg="failed to get event" error="rpc error: code = Unavailable desc = transport is closing" module=libcontainerd namespace=moby
Nov 16 11:52:53 ubuntu dockerd[28657]: time="2025-11-16T11:52:53.498136844-08:00" level=error msg="failed to get event" error="rpc error: code = Unavailable desc = transport is closing" module=libcontainerd namespace=moby
Nov 16 11:52:53 ubuntu dockerd[28657]: time="2025-11-16T11:52:53.498146961-08:00" level=error msg="failed to get event" error="rpc error: code = Unavailable desc = transport is closing" module=libcontainerd namespace=moby
Nov 16 11:52:53 ubuntu dockerd[28657]: time="2025-11-16T11:52:53.498156800-08:00" level=error msg="failed to get event" error="rpc error: code = Unavailable desc = transport is closing" module=libcontainerd namespace=moby
Nov 16 11:52:53 ubuntu dockerd[28657]: time="2025-11-16T11:52:53.498166112-08:00" level=error msg="failed to get event" error="rpc error: code = Unavailable desc = transport is closing" module=libcontainerd namespace=moby
Nov 16 11:52:53 ubuntu dockerd[28657]: time="2025-11-16T11:52:53.498185693-08:00" level=error msg="failed to get event" error="rpc error: code = Unavailable desc = transport is closing" module=libcontainerd namespace=moby
Nov 16 11:52:53 ubuntu dockerd[28657]: time="2025-11-16T11:52:53.498202675-08:00" level=error msg="failed to get event" error="rpc error: code = Unavailable desc = transport is closing" module=libcontainerd namespace=moby
Nov 16 11:52:53 ubuntu dockerd[28657]: time="2025-11-16T11:52:53.498211482-08:00" level=error msg="failed to get event" error="rpc error: code = Unavailable desc = transport is closing" module=libcontainerd namespace=moby
Nov 16 11:52:53 ubuntu dockerd[28657]: time="2025-11-16T11:52:53.498221638-08:00" level=error msg="failed to get event" error="rpc error: code = Unavailable desc = transport is closing" module=libcontainerd namespace=moby
Nov 16 11:52:53 ubuntu dockerd[28657]: time="2025-11-16T11:52:53.498230696-08:00" level=error msg="failed to get event" error="rpc error: code = Unavailable desc = transport is closing" module=libcontainerd namespace=moby
Nov 16 11:52:53 ubuntu dockerd[28657]: time="2025-11-16T11:52:53.498240013-08:00" level=error msg="failed to get event" error="rpc error: code = Unavailable desc = transport is closing" module=libcontainerd namespace=moby
Nov 16 11:52:53 ubuntu dockerd[28657]: time="2025-11-16T11:52:53.498250801-08:00" level=error msg="failed to get event" error="rpc error: code = Unavailable desc = transport is closing" module=libcontainerd namespace=moby
Nov 16 11:52:53 ubuntu dockerd[28657]: time="2025-11-16T11:52:53.498260068-08:00" level=error msg="failed to get event" error="rpc error: code = Unavailable desc = transport is closing" module=libcontainerd namespace=moby
Nov 16 11:52:53 ubuntu dockerd[28657]: time="2025-11-16T11:52:53.498269119-08:00" level=error msg="failed to get event" error="rpc error: code = Unavailable desc = transport is closing" module=libcontainerd namespace=moby
Nov 16 11:52:53 ubuntu dockerd[28657]: time="2025-11-16T11:52:53.498277979-08:00" level=error msg="failed to get event" error="rpc error: code = Unavailable desc = transport is closing" module=libcontainerd namespace=moby
Nov 16 11:52:53 ubuntu dockerd[28657]: time="2025-11-16T11:52:53.498286323-08:00" level=error msg="failed to get event" error="rpc error: code = Unavailable desc = transport is closing" module=libcontainerd namespace=moby
Nov 16 11:52:53 ubuntu dockerd[28657]: time="2025-11-16T11:52:53.498294951-08:00" level=error msg="failed to get event" error="rpc error: code = Unavailable desc = transport is closing" module=libcontainerd namespace=moby
Nov 16 11:52:53 ubuntu dockerd[28657]: time="2025-11-16T11:52:53.498304988-08:00" level=error msg="failed to get event" error="rpc error: code = Unavailable desc = transport is closing" module=libcontainerd namespace=moby
Nov 16 11:52:53 ubuntu dockerd[28657]: time="2025-11-16T11:52:53.498315687-08:00" level=error msg="failed to get event" error="rpc error: code = Unavailable desc = transport is closing" module=libcontainerd namespace=moby
Nov 16 11:52:53 ubuntu dockerd[28657]: time="2025-11-16T11:52:53.498325620-08:00" level=error msg="failed to get event" error="rpc error: code = Unavailable desc = transport is closing" module=libcontainerd namespace=moby
Nov 16 11:52:53 ubuntu dockerd[28657]: time="2025-11-16T11:52:53.498338114-08:00" level=error msg="failed to get event" error="rpc error: code = Unavailable desc = transport is closing" module=libcontainerd namespace=moby
Nov 16 11:52:53 ubuntu dockerd[28657]: time="2025-11-16T11:52:53.498346765-08:00" level=error msg="failed to get event" error="rpc error: code = Unavailable desc = transport is closing" module=libcontainerd namespace=moby
Nov 16 11:52:53 ubuntu dockerd[28657]: time="2025-11-16T11:52:53.498356933-08:00" level=error msg="failed to get event" error="rpc error: code = Unavailable desc = transport is closing" module=libcontainerd namespace=moby
Nov 16 11:52:53 ubuntu dockerd[28657]: time="2025-11-16T11:52:53.498367506-08:00" level=error msg="failed to get event" error="rpc error: code = Unavailable desc = transport is closing" module=libcontainerd namespace=moby
Nov 16 11:52:53 ubuntu dockerd[28657]: time="2025-11-16T11:52:53.498376433-08:00" level=error msg="failed to get event" error="rpc error: code = Unavailable desc = transport is closing" module=libcontainerd namespace=moby
Nov 16 11:52:53 ubuntu dockerd[28657]: time="2025-11-16T11:52:53.498384933-08:00" level=error msg="failed to get event" error="rpc error: code = Unavailable desc = transport is closing" module=libcontainerd namespace=moby
Nov 16 11:52:53 ubuntu dockerd[28657]: time="2025-11-16T11:52:53.498393416-08:00" level=error msg="failed to get event" error="rpc error: code = Unavailable desc = transport is closing" module=libcontainerd namespace=moby
Nov 16 11:52:53 ubuntu dockerd[28657]: time="2025-11-16T11:52:53.498403185-08:00" level=error msg="failed to get event" error="rpc error: code = Unavailable desc = transport is closing" module=libcontainerd namespace=moby
Nov 16 11:52:53 ubuntu dockerd[28657]: time="2025-11-16T11:52:53.498414141-08:00" level=error msg="failed to get event" error="rpc error: code = Unavailable desc = transport is closing" module=libcontainerd namespace=moby
Nov 16 11:52:53 ubuntu dockerd[28657]: time="2025-11-16T11:52:53.498422737-08:00" level=error msg="failed to get event" error="rpc error: code = Unavailable desc = transport is closing" module=libcontainerd namespace=moby
Nov 16 11:52:53 ubuntu dockerd[28657]: time="2025-11-16T11:52:53.498432008-08:00" level=error msg="failed to get event" error="rpc error: code = Unavailable desc = transport is closing" module=libcontainerd namespace=moby
Nov 16 11:52:53 ubuntu dockerd[28657]: time="2025-11-16T11:52:53.498441700-08:00" level=error msg="failed to get event" error="rpc error: code = Unavailable desc = transport is closing" module=libcontainerd namespace=moby
Nov 16 11:52:53 ubuntu dockerd[28657]: time="2025-11-16T11:52:53.498450088-08:00" level=error msg="failed to get event" error="rpc error: code = Unavailable desc = transport is closing" module=libcontainerd namespace=moby
Nov 16 11:52:53 ubuntu dockerd[28657]: time="2025-11-16T11:52:53.498459738-08:00" level=error msg="failed to get event" error="rpc error: code = Unavailable desc = transport is closing" module=libcontainerd namespace=moby
Nov 16 11:52:53 ubuntu dockerd[28657]: time="2025-11-16T11:52:53.498471044-08:00" level=error msg="failed to get event" error="rpc error: code = Unavailable desc = transport is closing" module=libcontainerd namespace=moby
Nov 16 11:52:53 ubuntu dockerd[28657]: time="2025-11-16T11:52:53.498481212-08:00" level=error msg="failed to get event" error="rpc error: code = Unavailable desc = transport is closing" module=libcontainerd namespace=moby
Nov 16 11:52:53 ubuntu dockerd[28657]: time="2025-11-16T11:52:53.498489474-08:00" level=error msg="failed to get event" error="rpc error: code = Unavailable desc = transport is closing" module=libcontainerd namespace=moby
Nov 16 11:52:53 ubuntu dockerd[28657]: time="2025-11-16T11:52:53.498506899-08:00" level=error msg="failed to get event" error="rpc error: code = Unavailable desc = transport is closing" module=libcontainerd namespace=moby
Nov 16 11:52:53 ubuntu dockerd[28657]: time="2025-11-16T11:52:53.498515527-08:00" level=error msg="failed to get event" error="rpc error: code = Unavailable desc = transport is closing" module=libcontainerd namespace=moby
Nov 16 11:52:53 ubuntu dockerd[28657]: time="2025-11-16T11:52:53.498527658-08:00" level=error msg="failed to get event" error="rpc error: code = Unavailable desc = transport is closing" module=libcontainerd namespace=moby
Nov 16 11:52:53 ubuntu dockerd[28657]: time="2025-11-16T11:52:53.498536786-08:00" level=error msg="failed to get event" error="rpc error: code = Unavailable desc = transport is closing" module=libcontainerd namespace=moby
Nov 16 11:52:53 ubuntu dockerd[28657]: time="2025-11-16T11:52:53.498557572-08:00" level=error msg="failed to get event" error="rpc error: code = Unavailable desc = transport is closing" module=libcontainerd namespace=moby
Nov 16 11:52:53 ubuntu dockerd[28657]: time="2025-11-16T11:52:53.498567959-08:00" level=error msg="failed to get event" error="rpc error: code = Unavailable desc = transport is closing" module=libcontainerd namespace=moby
Nov 16 11:52:53 ubuntu dockerd[28657]: time="2025-11-16T11:52:53.498576601-08:00" level=error msg="failed to get event" error="rpc error: code = Unavailable desc = transport is closing" module=libcontainerd namespace=moby
Nov 16 11:52:53 ubuntu dockerd[28657]: time="2025-11-16T11:52:53.498584999-08:00" level=error msg="failed to get event" error="rpc error: code = Unavailable desc = transport is closing" module=libcontainerd namespace=moby
Nov 16 11:52:53 ubuntu dockerd[28657]: time="2025-11-16T11:52:53.498593229-08:00" level=error msg="failed to get event" error="rpc error: code = Unavailable desc = transport is closing" module=libcontainerd namespace=moby
Nov 16 11:52:53 ubuntu dockerd[28657]: time="2025-11-16T11:52:53.498601341-08:00" level=error msg="failed to get event" error="rpc error: code = Unavailable desc = transport is closing" module=libcontainerd namespace=moby
Nov 16 11:52:53 ubuntu dockerd[28657]: time="2025-11-16T11:52:53.498609481-08:00" level=error msg="failed to get event" error="rpc error: code = Unavailable desc = transport is closing" module=libcontainerd namespace=moby
Nov 16 11:52:53 ubuntu dockerd[28657]: time="2025-11-16T11:52:53.498621164-08:00" level=error msg="failed to get event" error="rpc error: code = Unavailable desc = transport is closing" module=libcontainerd namespace=moby
Nov 16 11:52:53 ubuntu dockerd[28657]: time="2025-11-16T11:52:53.498629455-08:00" level=error msg="failed to get event" error="rpc error: code = Unavailable desc = transport is closing" module=libcontainerd namespace=moby
Nov 16 11:52:53 ubuntu dockerd[28657]: time="2025-11-16T11:52:53.498637969-08:00" level=error msg="failed to get event" error="rpc error: code = Unavailable desc = transport is closing" module=libcontainerd namespace=moby
Nov 16 11:52:53 ubuntu dockerd[28657]: time="2025-11-16T11:52:53.498650932-08:00" level=error msg="failed to get event" error="rpc error: code = Unavailable desc = transport is closing" module=libcontainerd namespace=moby
Nov 16 11:52:53 ubuntu dockerd[28657]: time="2025-11-16T11:52:53.498661355-08:00" level=error msg="failed to get event" error="rpc error: code = Unavailable desc = transport is closing" module=libcontainerd namespace=moby
Nov 16 11:52:53 ubuntu dockerd[28657]: time="2025-11-16T11:52:53.498670664-08:00" level=error msg="failed to get event" error="rpc error: code = Unavailable desc = transport is closing" module=libcontainerd namespace=moby
Nov 16 11:52:53 ubuntu dockerd[28657]: time="2025-11-16T11:52:53.498679630-08:00" level=error msg="failed to get event" error="rpc error: code = Unavailable desc = transport is closing" module=libcontainerd namespace=moby
Nov 16 11:52:53 ubuntu dockerd[28657]: time="2025-11-16T11:52:53.498687775-08:00" level=error msg="failed to get event" error="rpc error: code = Unavailable desc = transport is closing" module=libcontainerd namespace=moby
Nov 16 11:52:53 ubuntu dockerd[28657]: time="2025-11-16T11:52:53.498698896-08:00" level=error msg="failed to get event" error="rpc error: code = Unavailable desc = transport is closing" module=libcontainerd namespace=moby
Nov 16 11:52:53 ubuntu dockerd[28657]: time="2025-11-16T11:52:53.498707546-08:00" level=error msg="failed to get event" error="rpc error: code = Unavailable desc = transport is closing" module=libcontainerd namespace=moby
Nov 16 11:52:53 ubuntu dockerd[28657]: time="2025-11-16T11:52:53.498715830-08:00" level=error msg="failed to get event" error="rpc error: code = Unavailable desc = transport is closing" module=libcontainerd namespace=moby
Nov 16 11:52:53 ubuntu dockerd[28657]: time="2025-11-16T11:52:53.498724324-08:00" level=error msg="failed to get event" error="rpc error: code = Unavailable desc = transport is closing" module=libcontainerd namespace=moby
Nov 16 11:52:53 ubuntu dockerd[28657]: time="2025-11-16T11:52:53.498732593-08:00" level=error msg="failed to get event" error="rpc error: code = Unavailable desc = transport is closing" module=libcontainerd namespace=moby
Nov 16 11:52:53 ubuntu dockerd[28657]: time="2025-11-16T11:52:53.498741088-08:00" level=error msg="failed to get event" error="rpc error: code = Unavailable desc = transport is closing" module=libcontainerd namespace=moby
Nov 16 11:52:53 ubuntu dockerd[28657]: time="2025-11-16T11:52:53.498753901-08:00" level=error msg="failed to get event" error="rpc error: code = Unavailable desc = transport is closing" module=libcontainerd namespace=moby
Nov 16 11:52:53 ubuntu dockerd[28657]: time="2025-11-16T11:52:53.498763990-08:00" level=error msg="failed to get event" error="rpc error: code = Unavailable desc = transport is closing" module=libcontainerd namespace=moby
Nov 16 11:52:53 ubuntu dockerd[28657]: time="2025-11-16T11:52:53.498772198-08:00" level=error msg="failed to get event" error="rpc error: code = Unavailable desc = transport is closing" module=libcontainerd namespace=moby
Nov 16 11:52:53 ubuntu dockerd[28657]: time="2025-11-16T11:52:53.498781538-08:00" level=error msg="failed to get event" error="rpc error: code = Unavailable desc = transport is closing" module=libcontainerd namespace=moby
Nov 16 11:52:53 ubuntu dockerd[28657]: time="2025-11-16T11:52:53.498789594-08:00" level=error msg="failed to get event" error="rpc error: code = Unavailable desc = transport is closing" module=libcontainerd namespace=moby
Nov 16 11:52:53 ubuntu dockerd[28657]: time="2025-11-16T11:52:53.498797736-08:00" level=error msg="failed to get event" error="rpc error: code = Unavailable desc = transport is closing" module=libcontainerd namespace=moby
Nov 16 11:52:53 ubuntu dockerd[28657]: time="2025-11-16T11:52:53.498807292-08:00" level=error msg="failed to get event" error="rpc error: code = Unavailable desc = transport is closing" module=libcontainerd namespace=moby
Nov 16 11:52:53 ubuntu dockerd[28657]: time="2025-11-16T11:52:53.498816918-08:00" level=error msg="failed to get event" error="rpc error: code = Unavailable desc = transport is closing" module=libcontainerd namespace=moby
Nov 16 11:52:53 ubuntu dockerd[28657]: time="2025-11-16T11:52:53.498825148-08:00" level=error msg="failed to get event" error="rpc error: code = Unavailable desc = transport is closing" module=libcontainerd namespace=moby
Nov 16 11:52:53 ubuntu dockerd[28657]: time="2025-11-16T11:52:53.498832962-08:00" level=error msg="failed to get event" error="rpc error: code = Unavailable desc = transport is closing" module=libcontainerd namespace=moby
Nov 16 11:52:53 ubuntu dockerd[28657]: time="2025-11-16T11:52:53.498840855-08:00" level=error msg="failed to get event" error="rpc error: code = Unavailable desc = transport is closing" module=libcontainerd namespace=moby
Nov 16 11:52:53 ubuntu dockerd[28657]: time="2025-11-16T11:52:53.498848978-08:00" level=error msg="failed to get event" error="rpc error: code = Unavailable desc = transport is closing" module=libcontainerd namespace=moby
Nov 16 11:52:53 ubuntu dockerd[28657]: time="2025-11-16T11:52:53.498864676-08:00" level=error msg="failed to get event" error="rpc error: code = Unavailable desc = transport is closing" module=libcontainerd namespace=moby
Nov 16 11:52:53 ubuntu dockerd[28657]: time="2025-11-16T11:52:53.498872981-08:00" level=error msg="failed to get event" error="rpc error: code = Unavailable desc = transport is closing" module=libcontainerd namespace=moby
Nov 16 11:52:53 ubuntu dockerd[28657]: time="2025-11-16T11:52:53.498885716-08:00" level=error msg="failed to get event" error="rpc error: code = Unavailable desc = transport is closing" module=libcontainerd namespace=moby
Nov 16 11:52:53 ubuntu dockerd[28657]: time="2025-11-16T11:52:53.498894890-08:00" level=error msg="failed to get event" error="rpc error: code = Unavailable desc = transport is closing" module=libcontainerd namespace=moby
Nov 16 11:52:53 ubuntu dockerd[28657]: time="2025-11-16T11:52:53.498913739-08:00" level=error msg="failed to get event" error="rpc error: code = Unavailable desc = transport is closing" module=libcontainerd namespace=moby
Nov 16 11:52:53 ubuntu dockerd[28657]: time="2025-11-16T11:52:53.498926136-08:00" level=error msg="failed to get event" error="rpc error: code = Unavailable desc = transport is closing" module=libcontainerd namespace=moby
Nov 16 11:52:53 ubuntu dockerd[28657]: time="2025-11-16T11:52:53.498942999-08:00" level=error msg="failed to get event" error="rpc error: code = Unavailable desc = transport is closing" module=libcontainerd namespace=moby
Nov 16 11:52:53 ubuntu dockerd[28657]: time="2025-11-16T11:52:53.498951510-08:00" level=error msg="failed to get event" error="rpc error: code = Unavailable desc = transport is closing" module=libcontainerd namespace=moby
Nov 16 11:52:53 ubuntu dockerd[28657]: time="2025-11-16T11:52:53.498961698-08:00" level=error msg="failed to get event" error="rpc error: code = Unavailable desc = transport is closing" module=libcontainerd namespace=moby
Nov 16 11:52:53 ubuntu dockerd[28657]: time="2025-11-16T11:52:53.498989712-08:00" level=error msg="failed to get event" error="rpc error: code = Unavailable desc = transport is closing" module=libcontainerd namespace=moby
Nov 16 11:52:53 ubuntu dockerd[28657]: time="2025-11-16T11:52:53.499001812-08:00" level=error msg="failed to get event" error="rpc error: code = Unavailable desc = transport is closing" module=libcontainerd namespace=moby
Nov 16 11:52:53 ubuntu dockerd[28657]: time="2025-11-16T11:52:53.499012383-08:00" level=error msg="failed to get event" error="rpc error: code = Unavailable desc = transport is closing" module=libcontainerd namespace=moby
Nov 16 11:52:53 ubuntu dockerd[28657]: time="2025-11-16T11:52:53.499022867-08:00" level=error msg="failed to get event" error="rpc error: code = Unavailable desc = transport is closing" module=libcontainerd namespace=moby
Nov 16 11:52:53 ubuntu dockerd[28657]: time="2025-11-16T11:52:53.499031018-08:00" level=error msg="failed to get event" error="rpc error: code = Unavailable desc = transport is closing" module=libcontainerd namespace=moby
Nov 16 11:52:53 ubuntu dockerd[28657]: time="2025-11-16T11:52:53.499051535-08:00" level=error msg="failed to get event" error="rpc error: code = Unavailable desc = transport is closing" module=libcontainerd namespace=moby
Nov 16 11:52:53 ubuntu dockerd[28657]: time="2025-11-16T11:52:53.499062538-08:00" level=error msg="failed to get event" error="rpc error: code = Unavailable desc = transport is closing" module=libcontainerd namespace=moby
Nov 16 11:52:53 ubuntu dockerd[28657]: time="2025-11-16T11:52:53.499076397-08:00" level=error msg="failed to get event" error="rpc error: code = Unavailable desc = transport is closing" module=libcontainerd namespace=moby
Nov 16 11:52:53 ubuntu dockerd[28657]: time="2025-11-16T11:52:53.499086805-08:00" level=error msg="failed to get event" error="rpc error: code = Unavailable desc = transport is closing" module=libcontainerd namespace=moby
Nov 16 11:52:53 ubuntu dockerd[28657]: time="2025-11-16T11:52:53.499095031-08:00" level=error msg="failed to get event" error="rpc error: code = Unavailable desc = transport is closing" module=libcontainerd namespace=moby
Nov 16 11:52:53 ubuntu dockerd[28657]: time="2025-11-16T11:52:53.499104534-08:00" level=error msg="failed to get event" error="rpc error: code = Unavailable desc = transport is closing" module=libcontainerd namespace=moby
Nov 16 11:52:53 ubuntu dockerd[28657]: time="2025-11-16T11:52:53.499113302-08:00" level=error msg="failed to get event" error="rpc error: code = Unavailable desc = transport is closing" module=libcontainerd namespace=moby
Nov 16 11:52:53 ubuntu dockerd[28657]: time="2025-11-16T11:52:53.499127013-08:00" level=error msg="failed to get event" error="rpc error: code = Unavailable desc = transport is closing" module=libcontainerd namespace=moby
Nov 16 11:52:53 ubuntu dockerd[28657]: time="2025-11-16T11:52:53.499137257-08:00" level=error msg="failed to get event" error="rpc error: code = Unavailable desc = transport is closing" module=libcontainerd namespace=moby
Nov 16 11:52:53 ubuntu dockerd[28657]: time="2025-11-16T11:52:53.499147103-08:00" level=error msg="failed to get event" error="rpc error: code = Unavailable desc = transport is closing" module=libcontainerd namespace=moby
Nov 16 11:52:53 ubuntu dockerd[28657]: time="2025-11-16T11:52:53.499155279-08:00" level=error msg="failed to get event" error="rpc error: code = Unavailable desc = transport is closing" module=libcontainerd namespace=moby
Nov 16 11:52:53 ubuntu dockerd[28657]: time="2025-11-16T11:52:53.499163556-08:00" level=error msg="failed to get event" error="rpc error: code = Unavailable desc = transport is closing" module=libcontainerd namespace=moby
Nov 16 11:52:53 ubuntu dockerd[28657]: time="2025-11-16T11:52:53.499171810-08:00" level=error msg="failed to get event" error="rpc error: code = Unavailable desc = transport is closing" module=libcontainerd namespace=moby
Nov 16 11:52:53 ubuntu dockerd[28657]: time="2025-11-16T11:52:53.499180163-08:00" level=error msg="failed to get event" error="rpc error: code = Unavailable desc = transport is closing" module=libcontainerd namespace=moby
Nov 16 11:52:53 ubuntu dockerd[28657]: time="2025-11-16T11:52:53.499189767-08:00" level=error msg="failed to get event" error="rpc error: code = Unavailable desc = transport is closing" module=libcontainerd namespace=moby
Nov 16 11:52:53 ubuntu dockerd[28657]: time="2025-11-16T11:52:53.499199598-08:00" level=error msg="failed to get event" error="rpc error: code = Unavailable desc = transport is closing" module=libcontainerd namespace=moby
Nov 16 11:52:53 ubuntu dockerd[28657]: time="2025-11-16T11:52:53.499210446-08:00" level=error msg="failed to get event" error="rpc error: code = Unavailable desc = transport is closing" module=libcontainerd namespace=moby
Nov 16 11:52:53 ubuntu dockerd[28657]: time="2025-11-16T11:52:53.499218663-08:00" level=error msg="failed to get event" error="rpc error: code = Unavailable desc = transport is closing" module=libcontainerd namespace=moby
Nov 16 11:52:53 ubuntu dockerd[28657]: time="2025-11-16T11:52:53.499226979-08:00" level=error msg="failed to get event" error="rpc error: code = Unavailable desc = transport is closing" module=libcontainerd namespace=moby
Nov 16 11:52:53 ubuntu dockerd[28657]: time="2025-11-16T11:52:53.499250243-08:00" level=error msg="failed to get event" error="rpc error: code = Unavailable desc = transport is closing" module=libcontainerd namespace=moby
Nov 16 11:52:53 ubuntu dockerd[28657]: time="2025-11-16T11:52:53.499258699-08:00" level=error msg="failed to get event" error="rpc error: code = Unavailable desc = transport is closing" module=libcontainerd namespace=moby
Nov 16 11:52:53 ubuntu dockerd[28657]: time="2025-11-16T11:52:53.499266704-08:00" level=error msg="failed to get event" error="rpc error: code = Unavailable desc = transport is closing" module=libcontainerd namespace=moby
Nov 16 11:52:53 ubuntu dockerd[28657]: time="2025-11-16T11:52:53.499274859-08:00" level=error msg="failed to get event" error="rpc error: code = Unavailable desc = transport is closing" module=libcontainerd namespace=moby
Nov 16 11:52:53 ubuntu dockerd[28657]: time="2025-11-16T11:52:53.499282717-08:00" level=error msg="failed to get event" error="rpc error: code = Unavailable desc = transport is closing" module=libcontainerd namespace=moby
Nov 16 11:52:53 ubuntu dockerd[28657]: time="2025-11-16T11:52:53.499292388-08:00" level=error msg="failed to get event" error="rpc error: code = Unavailable desc = transport is closing" module=libcontainerd namespace=moby
Nov 16 11:52:53 ubuntu dockerd[28657]: time="2025-11-16T11:52:53.499300506-08:00" level=error msg="failed to get event" error="rpc error: code = Unavailable desc = transport is closing" module=libcontainerd namespace=moby
Nov 16 11:52:53 ubuntu dockerd[28657]: time="2025-11-16T11:52:53.499308606-08:00" level=error msg="failed to get event" error="rpc error: code = Unavailable desc = transport is closing" module=libcontainerd namespace=moby
Nov 16 11:52:53 ubuntu dockerd[28657]: time="2025-11-16T11:52:53.499316712-08:00" level=error msg="failed to get event" error="rpc error: code = Unavailable desc = transport is closing" module=libcontainerd namespace=moby
Nov 16 11:52:53 ubuntu dockerd[28657]: time="2025-11-16T11:52:53.499324726-08:00" level=error msg="failed to get event" error="rpc error: code = Unavailable desc = transport is closing" module=libcontainerd namespace=moby
Nov 16 11:52:53 ubuntu dockerd[28657]: time="2025-11-16T11:52:53.499333257-08:00" level=error msg="failed to get event" error="rpc error: code = Unavailable desc = transport is closing" module=libcontainerd namespace=moby
Nov 16 11:52:53 ubuntu dockerd[28657]: time="2025-11-16T11:52:53.499351760-08:00" level=error msg="failed to get event" error="rpc error: code = Unavailable desc = transport is closing" module=libcontainerd namespace=moby
Nov 16 11:52:53 ubuntu dockerd[28657]: time="2025-11-16T11:52:53.499363887-08:00" level=error msg="failed to get event" error="rpc error: code = Unavailable desc = transport is closing" module=libcontainerd namespace=moby
Nov 16 11:52:53 ubuntu dockerd[28657]: time="2025-11-16T11:52:53.500060845-08:00" level=error msg="failed to get event" error="rpc error: code = Unavailable desc = transport is closing" module=libcontainerd namespace=moby
Nov 16 11:52:53 ubuntu dockerd[28657]: time="2025-11-16T11:52:53.500093743-08:00" level=error msg="failed to get event" error="rpc error: code = Unavailable desc = transport is closing" module=libcontainerd namespace=moby
Nov 16 11:52:53 ubuntu dockerd[28657]: time="2025-11-16T11:52:53.500103235-08:00" level=error msg="failed to get event" error="rpc error: code = Unavailable desc = transport is closing" module=libcontainerd namespace=moby
Nov 16 11:52:53 ubuntu dockerd[28657]: time="2025-11-16T11:52:53.500125507-08:00" level=error msg="failed to get event" error="rpc error: code = Unavailable desc = transport is closing" module=libcontainerd namespace=moby
Nov 16 11:52:53 ubuntu dockerd[28657]: time="2025-11-16T11:52:53.500138279-08:00" level=error msg="failed to get event" error="rpc error: code = Unavailable desc = transport is closing" module=libcontainerd namespace=moby
Nov 16 11:52:53 ubuntu dockerd[28657]: time="2025-11-16T11:52:53.500149389-08:00" level=error msg="failed to get event" error="rpc error: code = Unavailable desc = transport is closing" module=libcontainerd namespace=moby
Nov 16 11:52:53 ubuntu dockerd[28657]: time="2025-11-16T11:52:53.500158160-08:00" level=error msg="failed to get event" error="rpc error: code = Unavailable desc = transport is closing" module=libcontainerd namespace=moby
Nov 16 11:52:53 ubuntu dockerd[28657]: time="2025-11-16T11:52:53.500168425-08:00" level=error msg="failed to get event" error="rpc error: code = Unavailable desc = transport is closing" module=libcontainerd namespace=moby
Nov 16 11:52:53 ubuntu dockerd[28657]: time="2025-11-16T11:52:53.500177149-08:00" level=error msg="failed to get event" error="rpc error: code = Unavailable desc = transport is closing" module=libcontainerd namespace=moby
Nov 16 11:52:53 ubuntu dockerd[28657]: time="2025-11-16T11:52:53.500185854-08:00" level=error msg="failed to get event" error="rpc error: code = Unavailable desc = transport is closing" module=libcontainerd namespace=moby
Nov 16 11:52:53 ubuntu dockerd[28657]: time="2025-11-16T11:52:53.500195727-08:00" level=error msg="failed to get event" error="rpc error: code = Unavailable desc = transport is closing" module=libcontainerd namespace=moby
Nov 16 11:52:53 ubuntu dockerd[28657]: time="2025-11-16T11:52:53.500204057-08:00" level=error msg="failed to get event" error="rpc error: code = Unavailable desc = transport is closing" module=libcontainerd namespace=moby
Nov 16 11:52:53 ubuntu dockerd[28657]: time="2025-11-16T11:52:53.500215750-08:00" level=error msg="failed to get event" error="rpc error: code = Unavailable desc = transport is closing" module=libcontainerd namespace=moby
Nov 16 11:52:53 ubuntu dockerd[28657]: time="2025-11-16T11:52:53.500225347-08:00" level=error msg="failed to get event" error="rpc error: code = Unavailable desc = transport is closing" module=libcontainerd namespace=moby
Nov 16 11:52:53 ubuntu dockerd[28657]: time="2025-11-16T11:52:53.500233525-08:00" level=error msg="failed to get event" error="rpc error: code = Unavailable desc = transport is closing" module=libcontainerd namespace=moby
Nov 16 11:52:53 ubuntu dockerd[28657]: time="2025-11-16T11:52:53.500267701-08:00" level=error msg="failed to get event" error="rpc error: code = Unavailable desc = transport is closing" module=libcontainerd namespace=moby
Nov 16 11:52:53 ubuntu dockerd[28657]: time="2025-11-16T11:52:53.500284984-08:00" level=error msg="failed to get event" error="rpc error: code = Unavailable desc = transport is closing" module=libcontainerd namespace=moby
Nov 16 11:52:53 ubuntu dockerd[28657]: time="2025-11-16T11:52:53.500300338-08:00" level=error msg="failed to get event" error="rpc error: code = Unavailable desc = transport is closing" module=libcontainerd namespace=moby
Nov 16 11:52:53 ubuntu dockerd[28657]: time="2025-11-16T11:52:53.500339879-08:00" level=error msg="failed to get event" error="rpc error: code = Unavailable desc = transport is closing" module=libcontainerd namespace=moby
Nov 16 11:52:53 ubuntu dockerd[28657]: time="2025-11-16T11:52:53.500366137-08:00" level=error msg="failed to get event" error="rpc error: code = Unavailable desc = transport is closing" module=libcontainerd namespace=moby
Nov 16 11:52:53 ubuntu dockerd[28657]: time="2025-11-16T11:52:53.500377702-08:00" level=error msg="failed to get event" error="rpc error: code = Unavailable desc = transport is closing" module=libcontainerd namespace=moby
Nov 16 11:52:53 ubuntu dockerd[28657]: time="2025-11-16T11:52:53.500388826-08:00" level=error msg="failed to get event" error="rpc error: code = Unavailable desc = transport is closing" module=libcontainerd namespace=moby
Nov 16 11:52:53 ubuntu dockerd[28657]: time="2025-11-16T11:52:53.500397484-08:00" level=error msg="failed to get event" error="rpc error: code = Unavailable desc = transport is closing" module=libcontainerd namespace=moby
Nov 16 11:52:53 ubuntu dockerd[28657]: time="2025-11-16T11:52:53.500408489-08:00" level=error msg="failed to get event" error="rpc error: code = Unavailable desc = transport is closing" module=libcontainerd namespace=moby
Nov 16 11:52:53 ubuntu dockerd[28657]: time="2025-11-16T11:52:53.500420944-08:00" level=error msg="failed to get event" error="rpc error: code = Unavailable desc = transport is closing" module=libcontainerd namespace=moby
Nov 16 11:52:53 ubuntu dockerd[28657]: time="2025-11-16T11:52:53.500433141-08:00" level=error msg="failed to get event" error="rpc error: code = Unavailable desc = transport is closing" module=libcontainerd namespace=moby
Nov 16 11:52:53 ubuntu dockerd[28657]: time="2025-11-16T11:52:53.500447916-08:00" level=error msg="failed to get event" error="rpc error: code = Unavailable desc = transport is closing" module=libcontainerd namespace=moby
Nov 16 11:52:53 ubuntu dockerd[28657]: time="2025-11-16T11:52:53.500462250-08:00" level=error msg="failed to get event" error="rpc error: code = Unavailable desc = transport is closing" module=libcontainerd namespace=moby
Nov 16 11:52:53 ubuntu dockerd[28657]: time="2025-11-16T11:52:53.500474625-08:00" level=error msg="failed to get event" error="rpc error: code = Unavailable desc = transport is closing" module=libcontainerd namespace=moby
Nov 16 11:52:53 ubuntu dockerd[28657]: time="2025-11-16T11:52:53.500488246-08:00" level=error msg="failed to get event" error="rpc error: code = Unavailable desc = transport is closing" module=libcontainerd namespace=moby
Nov 16 11:52:53 ubuntu dockerd[28657]: time="2025-11-16T11:52:53.500500339-08:00" level=error msg="failed to get event" error="rpc error: code = Unavailable desc = transport is closing" module=libcontainerd namespace=moby
Nov 16 11:52:53 ubuntu dockerd[28657]: time="2025-11-16T11:52:53.500513038-08:00" level=error msg="failed to get event" error="rpc error: code = Unavailable desc = transport is closing" module=libcontainerd namespace=moby
Nov 16 11:52:53 ubuntu dockerd[28657]: time="2025-11-16T11:52:53.500551392-08:00" level=error msg="failed to get event" error="rpc error: code = Unavailable desc = transport is closing" module=libcontainerd namespace=moby
Nov 16 11:52:53 ubuntu dockerd[28657]: time="2025-11-16T11:52:53.500573343-08:00" level=error msg="failed to get event" error="rpc error: code = Unavailable desc = transport is closing" module=libcontainerd namespace=moby
Nov 16 11:52:53 ubuntu dockerd[28657]: time="2025-11-16T11:52:53.500588101-08:00" level=error msg="failed to get event" error="rpc error: code = Unavailable desc = transport is closing" module=libcontainerd namespace=moby
Nov 16 11:52:53 ubuntu dockerd[28657]: time="2025-11-16T11:52:53.500602764-08:00" level=error msg="failed to get event" error="rpc error: code = Unavailable desc = transport is closing" module=libcontainerd namespace=moby
Nov 16 11:52:53 ubuntu dockerd[28657]: time="2025-11-16T11:52:53.500618688-08:00" level=error msg="failed to get event" error="rpc error: code = Unavailable desc = transport is closing" module=libcontainerd namespace=moby
Nov 16 11:52:53 ubuntu dockerd[28657]: time="2025-11-16T11:52:53.500627598-08:00" level=error msg="failed to get event" error="rpc error: code = Unavailable desc = transport is closing" module=libcontainerd namespace=moby
Nov 16 11:52:53 ubuntu dockerd[28657]: time="2025-11-16T11:52:53.500638028-08:00" level=error msg="failed to get event" error="rpc error: code = Unavailable desc = transport is closing" module=libcontainerd namespace=moby
Nov 16 11:52:53 ubuntu dockerd[28657]: time="2025-11-16T11:52:53.500648292-08:00" level=error msg="failed to get event" error="rpc error: code = Unavailable desc = transport is closing" module=libcontainerd namespace=moby
Nov 16 11:52:53 ubuntu dockerd[28657]: time="2025-11-16T11:52:53.500669305-08:00" level=error msg="failed to get event" error="rpc error: code = Unavailable desc = transport is closing" module=libcontainerd namespace=moby
Nov 16 11:52:53 ubuntu dockerd[28657]: time="2025-11-16T11:52:53.500688923-08:00" level=error msg="failed to get event" error="rpc error: code = Unavailable desc = transport is closing" module=libcontainerd namespace=moby
Nov 16 11:52:53 ubuntu dockerd[28657]: time="2025-11-16T11:52:53.500717411-08:00" level=error msg="failed to get event" error="rpc error: code = Unavailable desc = transport is closing" module=libcontainerd namespace=moby
Nov 16 11:52:53 ubuntu dockerd[28657]: time="2025-11-16T11:52:53.500733446-08:00" level=error msg="failed to get event" error="rpc error: code = Unavailable desc = transport is closing" module=libcontainerd namespace=moby
Nov 16 11:52:53 ubuntu dockerd[28657]: time="2025-11-16T11:52:53.500744057-08:00" level=error msg="failed to get event" error="rpc error: code = Unavailable desc = transport is closing" module=libcontainerd namespace=moby
Nov 16 11:52:53 ubuntu dockerd[28657]: time="2025-11-16T11:52:53.500752789-08:00" level=error msg="failed to get event" error="rpc error: code = Unavailable desc = transport is closing" module=libcontainerd namespace=moby
Nov 16 11:52:53 ubuntu dockerd[28657]: time="2025-11-16T11:52:53.500762724-08:00" level=error msg="failed to get event" error="rpc error: code = Unavailable desc = transport is closing" module=libcontainerd namespace=moby
Nov 16 11:52:53 ubuntu dockerd[28657]: time="2025-11-16T11:52:53.500772663-08:00" level=error msg="failed to get event" error="rpc error: code = Unavailable desc = transport is closing" module=libcontainerd namespace=moby
Nov 16 11:52:53 ubuntu dockerd[28657]: time="2025-11-16T11:52:53.500780891-08:00" level=error msg="failed to get event" error="rpc error: code = Unavailable desc = transport is closing" module=libcontainerd namespace=moby
Nov 16 11:52:53 ubuntu dockerd[28657]: time="2025-11-16T11:52:53.500790519-08:00" level=error msg="failed to get event" error="rpc error: code = Unavailable desc = transport is closing" module=libcontainerd namespace=moby
Nov 16 11:52:53 ubuntu dockerd[28657]: time="2025-11-16T11:52:53.500800477-08:00" level=error msg="failed to get event" error="rpc error: code = Unavailable desc = transport is closing" module=libcontainerd namespace=moby
Nov 16 11:52:53 ubuntu dockerd[28657]: time="2025-11-16T11:52:53.500811573-08:00" level=error msg="failed to get event" error="rpc error: code = Unavailable desc = transport is closing" module=libcontainerd namespace=moby
Nov 16 11:52:53 ubuntu dockerd[28657]: time="2025-11-16T11:52:53.500819934-08:00" level=error msg="failed to get event" error="rpc error: code = Unavailable desc = transport is closing" module=libcontainerd namespace=moby
Nov 16 11:52:53 ubuntu dockerd[28657]: time="2025-11-16T11:52:53.500840359-08:00" level=error msg="failed to get event" error="rpc error: code = Unavailable desc = transport is closing" module=libcontainerd namespace=moby
Nov 16 11:52:53 ubuntu dockerd[28657]: time="2025-11-16T11:52:53.500852054-08:00" level=error msg="failed to get event" error="rpc error: code = Unavailable desc = transport is closing" module=libcontainerd namespace=moby
Nov 16 11:52:53 ubuntu dockerd[28657]: time="2025-11-16T11:52:53.500866745-08:00" level=error msg="failed to get event" error="rpc error: code = Unavailable desc = transport is closing" module=libcontainerd namespace=moby
Nov 16 11:52:53 ubuntu dockerd[28657]: time="2025-11-16T11:52:53.500875125-08:00" level=error msg="failed to get event" error="rpc error: code = Unavailable desc = transport is closing" module=libcontainerd namespace=moby
Nov 16 11:52:53 ubuntu dockerd[28657]: time="2025-11-16T11:52:53.500884763-08:00" level=error msg="failed to get event" error="rpc error: code = Unavailable desc = transport is closing" module=libcontainerd namespace=moby
Nov 16 11:52:53 ubuntu dockerd[28657]: time="2025-11-16T11:52:53.500893277-08:00" level=error msg="failed to get event" error="rpc error: code = Unavailable desc = transport is closing" module=libcontainerd namespace=moby
Nov 16 11:52:53 ubuntu dockerd[28657]: time="2025-11-16T11:52:53.500901365-08:00" level=error msg="failed to get event" error="rpc error: code = Unavailable desc = transport is closing" module=libcontainerd namespace=moby
Nov 16 11:52:53 ubuntu dockerd[28657]: time="2025-11-16T11:52:53.500909740-08:00" level=error msg="failed to get event" error="rpc error: code = Unavailable desc = transport is closing" module=libcontainerd namespace=moby
Nov 16 11:52:53 ubuntu dockerd[28657]: time="2025-11-16T11:52:53.500924488-08:00" level=error msg="failed to get event" error="rpc error: code = Unavailable desc = transport is closing" module=libcontainerd namespace=moby
Nov 16 11:52:53 ubuntu dockerd[28657]: time="2025-11-16T11:52:53.500935451-08:00" level=error msg="failed to get event" error="rpc error: code = Unavailable desc = transport is closing" module=libcontainerd namespace=moby
Nov 16 11:52:53 ubuntu dockerd[28657]: time="2025-11-16T11:52:53.500943826-08:00" level=error msg="failed to get event" error="rpc error: code = Unavailable desc = transport is closing" module=libcontainerd namespace=moby
Nov 16 11:52:53 ubuntu dockerd[28657]: time="2025-11-16T11:52:53.500952458-08:00" level=error msg="failed to get event" error="rpc error: code = Unavailable desc = transport is closing" module=libcontainerd namespace=moby
Nov 16 11:52:53 ubuntu dockerd[28657]: time="2025-11-16T11:52:53.500961015-08:00" level=error msg="failed to get event" error="rpc error: code = Unavailable desc = transport is closing" module=libcontainerd namespace=moby
Nov 16 11:52:53 ubuntu dockerd[28657]: time="2025-11-16T11:52:53.500969254-08:00" level=error msg="failed to get event" error="rpc error: code = Unavailable desc = transport is closing" module=libcontainerd namespace=moby
Nov 16 11:52:53 ubuntu dockerd[28657]: time="2025-11-16T11:52:53.500979285-08:00" level=error msg="failed to get event" error="rpc error: code = Unavailable desc = transport is closing" module=libcontainerd namespace=moby
Nov 16 11:52:53 ubuntu dockerd[28657]: time="2025-11-16T11:52:53.500992118-08:00" level=error msg="failed to get event" error="rpc error: code = Unavailable desc = transport is closing" module=libcontainerd namespace=moby
Nov 16 11:52:53 ubuntu dockerd[28657]: time="2025-11-16T11:52:53.501003283-08:00" level=error msg="failed to get event" error="rpc error: code = Unavailable desc = transport is closing" module=libcontainerd namespace=moby
Nov 16 11:52:53 ubuntu dockerd[28657]: time="2025-11-16T11:52:53.501011577-08:00" level=error msg="failed to get event" error="rpc error: code = Unavailable desc = transport is closing" module=libcontainerd namespace=moby
Nov 16 11:52:53 ubuntu dockerd[28657]: time="2025-11-16T11:52:53.501022767-08:00" level=error msg="failed to get event" error="rpc error: code = Unavailable desc = transport is closing" module=libcontainerd namespace=moby
Nov 16 11:52:53 ubuntu dockerd[28657]: time="2025-11-16T11:52:53.501030963-08:00" level=error msg="failed to get event" error="rpc error: code = Unavailable desc = transport is closing" module=libcontainerd namespace=moby
Nov 16 11:52:53 ubuntu dockerd[28657]: time="2025-11-16T11:52:53.501040713-08:00" level=error msg="failed to get event" error="rpc error: code = Unavailable desc = transport is closing" module=libcontainerd namespace=moby
Nov 16 11:52:53 ubuntu dockerd[28657]: time="2025-11-16T11:52:53.501048895-08:00" level=error msg="failed to get event" error="rpc error: code = Unavailable desc = transport is closing" module=libcontainerd namespace=moby
Nov 16 11:52:53 ubuntu dockerd[28657]: time="2025-11-16T11:52:53.501057112-08:00" level=error msg="failed to get event" error="rpc error: code = Unavailable desc = transport is closing" module=libcontainerd namespace=moby
Nov 16 11:52:53 ubuntu dockerd[28657]: time="2025-11-16T11:52:53.501065406-08:00" level=error msg="failed to get event" error="rpc error: code = Unavailable desc = transport is closing" module=libcontainerd namespace=moby
Nov 16 11:52:53 ubuntu dockerd[28657]: time="2025-11-16T11:52:53.501074977-08:00" level=error msg="failed to get event" error="rpc error: code = Unavailable desc = transport is closing" module=libcontainerd namespace=moby
Nov 16 11:52:53 ubuntu dockerd[28657]: time="2025-11-16T11:52:53.501084541-08:00" level=error msg="failed to get event" error="rpc error: code = Unavailable desc = transport is closing" module=libcontainerd namespace=moby
Nov 16 11:52:53 ubuntu dockerd[28657]: time="2025-11-16T11:52:53.501093235-08:00" level=error msg="failed to get event" error="rpc error: code = Unavailable desc = transport is closing" module=libcontainerd namespace=moby
Nov 16 11:52:53 ubuntu dockerd[28657]: time="2025-11-16T11:52:53.501101537-08:00" level=error msg="failed to get event" error="rpc error: code = Unavailable desc = transport is closing" module=libcontainerd namespace=moby
Nov 16 11:52:53 ubuntu dockerd[28657]: time="2025-11-16T11:52:53.501109743-08:00" level=error msg="failed to get event" error="rpc error: code = Unavailable desc = transport is closing" module=libcontainerd namespace=moby
Nov 16 11:52:53 ubuntu dockerd[28657]: time="2025-11-16T11:52:53.501119248-08:00" level=error msg="failed to get event" error="rpc error: code = Unavailable desc = transport is closing" module=libcontainerd namespace=moby
Nov 16 11:52:53 ubuntu dockerd[28657]: time="2025-11-16T11:52:53.501129279-08:00" level=error msg="failed to get event" error="rpc error: code = Unavailable desc = transport is closing" module=libcontainerd namespace=moby
Nov 16 11:52:53 ubuntu dockerd[28657]: time="2025-11-16T11:52:53.501144374-08:00" level=error msg="failed to get event" error="rpc error: code = Unavailable desc = transport is closing" module=libcontainerd namespace=moby
Nov 16 11:52:53 ubuntu dockerd[28657]: time="2025-11-16T11:52:53.501155624-08:00" level=error msg="failed to get event" error="rpc error: code = Unavailable desc = transport is closing" module=libcontainerd namespace=moby
Nov 16 11:52:53 ubuntu dockerd[28657]: time="2025-11-16T11:52:53.501165214-08:00" level=error msg="failed to get event" error="rpc error: code = Unavailable desc = transport is closing" module=libcontainerd namespace=moby
Nov 16 11:52:53 ubuntu dockerd[28657]: time="2025-11-16T11:52:53.501173466-08:00" level=error msg="failed to get event" error="rpc error: code = Unavailable desc = transport is closing" module=libcontainerd namespace=moby
Nov 16 11:52:53 ubuntu dockerd[28657]: time="2025-11-16T11:52:53.501182817-08:00" level=error msg="failed to get event" error="rpc error: code = Unavailable desc = transport is closing" module=libcontainerd namespace=moby
Nov 16 11:52:53 ubuntu dockerd[28657]: time="2025-11-16T11:52:53.501196423-08:00" level=error msg="failed to get event" error="rpc error: code = Unavailable desc = transport is closing" module=libcontainerd namespace=moby
Nov 16 11:52:53 ubuntu dockerd[28657]: time="2025-11-16T11:52:53.501211199-08:00" level=error msg="failed to get event" error="rpc error: code = Unavailable desc = transport is closing" module=libcontainerd namespace=moby
Nov 16 11:52:53 ubuntu dockerd[28657]: time="2025-11-16T11:52:53.501223424-08:00" level=error msg="failed to get event" error="rpc error: code = Unavailable desc = transport is closing" module=libcontainerd namespace=moby
Nov 16 11:52:53 ubuntu dockerd[28657]: time="2025-11-16T11:52:53.501237918-08:00" level=error msg="failed to get event" error="rpc error: code = Unavailable desc = transport is closing" module=libcontainerd namespace=moby
Nov 16 11:52:53 ubuntu dockerd[28657]: time="2025-11-16T11:52:53.501249928-08:00" level=error msg="failed to get event" error="rpc error: code = Unavailable desc = transport is closing" module=libcontainerd namespace=moby
Nov 16 11:52:53 ubuntu dockerd[28657]: time="2025-11-16T11:52:53.501261829-08:00" level=error msg="failed to get event" error="rpc error: code = Unavailable desc = transport is closing" module=libcontainerd namespace=moby
Nov 16 11:52:53 ubuntu dockerd[28657]: time="2025-11-16T11:52:53.501274988-08:00" level=error msg="failed to get event" error="rpc error: code = Unavailable desc = transport is closing" module=libcontainerd namespace=moby
Nov 16 11:52:53 ubuntu dockerd[28657]: time="2025-11-16T11:52:53.501290277-08:00" level=error msg="failed to get event" error="rpc error: code = Unavailable desc = transport is closing" module=libcontainerd namespace=moby
Nov 16 11:52:53 ubuntu dockerd[28657]: time="2025-11-16T11:52:53.501303933-08:00" level=error msg="failed to get event" error="rpc error: code = Unavailable desc = transport is closing" module=libcontainerd namespace=moby
Nov 16 11:52:53 ubuntu dockerd[28657]: time="2025-11-16T11:52:53.501315744-08:00" level=error msg="failed to get event" error="rpc error: code = Unavailable desc = transport is closing" module=libcontainerd namespace=moby
Nov 16 11:52:53 ubuntu dockerd[28657]: time="2025-11-16T11:52:53.501328982-08:00" level=error msg="failed to get event" error="rpc error: code = Unavailable desc = transport is closing" module=libcontainerd namespace=moby
Nov 16 11:52:53 ubuntu dockerd[28657]: time="2025-11-16T11:52:53.501338910-08:00" level=error msg="failed to get event" error="rpc error: code = Unavailable desc = transport is closing" module=libcontainerd namespace=moby
Nov 16 11:52:53 ubuntu dockerd[28657]: time="2025-11-16T11:52:53.501350246-08:00" level=error msg="failed to get event" error="rpc error: code = Unavailable desc = transport is closing" module=libcontainerd namespace=moby
Nov 16 11:52:53 ubuntu dockerd[28657]: time="2025-11-16T11:52:53.501361286-08:00" level=error msg="failed to get event" error="rpc error: code = Unavailable desc = transport is closing" module=libcontainerd namespace=moby
Nov 16 11:52:53 ubuntu dockerd[28657]: time="2025-11-16T11:52:53.501373157-08:00" level=error msg="failed to get event" error="rpc error: code = Unavailable desc = transport is closing" module=libcontainerd namespace=moby
Nov 16 11:52:53 ubuntu dockerd[28657]: time="2025-11-16T11:52:53.501382748-08:00" level=error msg="failed to get event" error="rpc error: code = Unavailable desc = transport is closing" module=libcontainerd namespace=moby
Nov 16 11:52:53 ubuntu dockerd[28657]: time="2025-11-16T11:52:53.501393240-08:00" level=error msg="failed to get event" error="rpc error: code = Unavailable desc = transport is closing" module=libcontainerd namespace=moby
Nov 16 11:52:53 ubuntu dockerd[28657]: time="2025-11-16T11:52:53.501403174-08:00" level=error msg="failed to get event" error="rpc error: code = Unavailable desc = transport is closing" module=libcontainerd namespace=moby
Nov 16 11:52:53 ubuntu dockerd[28657]: time="2025-11-16T11:52:53.501413371-08:00" level=error msg="failed to get event" error="rpc error: code = Unavailable desc = transport is closing" module=libcontainerd namespace=moby
Nov 16 11:52:53 ubuntu dockerd[28657]: time="2025-11-16T11:52:53.501421693-08:00" level=error msg="failed to get event" error="rpc error: code = Unavailable desc = transport is closing" module=libcontainerd namespace=moby
Nov 16 11:52:53 ubuntu dockerd[28657]: time="2025-11-16T11:52:53.501430060-08:00" level=error msg="failed to get event" error="rpc error: code = Unavailable desc = transport is closing" module=libcontainerd namespace=moby
Nov 16 11:52:53 ubuntu dockerd[28657]: time="2025-11-16T11:52:53.501440083-08:00" level=error msg="failed to get event" error="rpc error: code = Unavailable desc = transport is closing" module=libcontainerd namespace=moby
Nov 16 11:52:53 ubuntu dockerd[28657]: time="2025-11-16T11:52:53.501449169-08:00" level=error msg="failed to get event" error="rpc error: code = Unavailable desc = transport is closing" module=libcontainerd namespace=moby
Nov 16 11:52:53 ubuntu dockerd[28657]: time="2025-11-16T11:52:53.501463327-08:00" level=error msg="failed to get event" error="rpc error: code = Unavailable desc = transport is closing" module=libcontainerd namespace=moby
Nov 16 11:52:53 ubuntu dockerd[28657]: time="2025-11-16T11:52:53.501473311-08:00" level=error msg="failed to get event" error="rpc error: code = Unavailable desc = transport is closing" module=libcontainerd namespace=moby
Nov 16 11:52:53 ubuntu dockerd[28657]: time="2025-11-16T11:52:53.501481661-08:00" level=error msg="failed to get event" error="rpc error: code = Unavailable desc = transport is closing" module=libcontainerd namespace=moby
Nov 16 11:52:53 ubuntu dockerd[28657]: time="2025-11-16T11:52:53.501491672-08:00" level=error msg="failed to get event" error="rpc error: code = Unavailable desc = transport is closing" module=libcontainerd namespace=moby
Nov 16 11:52:53 ubuntu dockerd[28657]: time="2025-11-16T11:52:53.501500287-08:00" level=error msg="failed to get event" error="rpc error: code = Unavailable desc = transport is closing" module=libcontainerd namespace=moby
Nov 16 11:52:53 ubuntu dockerd[28657]: time="2025-11-16T11:52:53.501518422-08:00" level=error msg="failed to get event" error="rpc error: code = Unavailable desc = transport is closing" module=libcontainerd namespace=moby
Nov 16 11:52:53 ubuntu dockerd[28657]: time="2025-11-16T11:52:53.501528347-08:00" level=error msg="failed to get event" error="rpc error: code = Unavailable desc = transport is closing" module=libcontainerd namespace=moby
Nov 16 11:52:53 ubuntu dockerd[28657]: time="2025-11-16T11:52:53.501538162-08:00" level=error msg="failed to get event" error="rpc error: code = Unavailable desc = transport is closing" module=libcontainerd namespace=moby
Nov 16 11:52:53 ubuntu dockerd[28657]: time="2025-11-16T11:52:53.501546406-08:00" level=error msg="failed to get event" error="rpc error: code = Unavailable desc = transport is closing" module=libcontainerd namespace=moby
Nov 16 11:52:53 ubuntu dockerd[28657]: time="2025-11-16T11:52:53.501554793-08:00" level=error msg="failed to get event" error="rpc error: code = Unavailable desc = transport is closing" module=libcontainerd namespace=moby
Nov 16 11:52:53 ubuntu dockerd[28657]: time="2025-11-16T11:52:53.501563027-08:00" level=error msg="failed to get event" error="rpc error: code = Unavailable desc = transport is closing" module=libcontainerd namespace=moby
Nov 16 11:52:53 ubuntu dockerd[28657]: time="2025-11-16T11:52:53.501571302-08:00" level=error msg="failed to get event" error="rpc error: code = Unavailable desc = transport is closing" module=libcontainerd namespace=moby
Nov 16 11:52:53 ubuntu dockerd[28657]: time="2025-11-16T11:52:53.501582537-08:00" level=error msg="failed to get event" error="rpc error: code = Unavailable desc = transport is closing" module=libcontainerd namespace=moby
Nov 16 11:52:53 ubuntu dockerd[28657]: time="2025-11-16T11:52:53.501590864-08:00" level=error msg="failed to get event" error="rpc error: code = Unavailable desc = transport is closing" module=libcontainerd namespace=moby
Nov 16 11:52:53 ubuntu dockerd[28657]: time="2025-11-16T11:52:53.501600506-08:00" level=error msg="failed to get event" error="rpc error: code = Unavailable desc = transport is closing" module=libcontainerd namespace=moby
Nov 16 11:52:53 ubuntu dockerd[28657]: time="2025-11-16T11:52:53.501610167-08:00" level=error msg="failed to get event" error="rpc error: code = Unavailable desc = transport is closing" module=libcontainerd namespace=moby
Nov 16 11:52:53 ubuntu dockerd[28657]: time="2025-11-16T11:52:53.501619954-08:00" level=error msg="failed to get event" error="rpc error: code = Unavailable desc = transport is closing" module=libcontainerd namespace=moby
Nov 16 11:52:53 ubuntu dockerd[28657]: time="2025-11-16T11:52:53.501630130-08:00" level=error msg="failed to get event" error="rpc error: code = Unavailable desc = transport is closing" module=libcontainerd namespace=moby
Nov 16 11:52:53 ubuntu dockerd[28657]: time="2025-11-16T11:52:53.501638377-08:00" level=error msg="failed to get event" error="rpc error: code = Unavailable desc = transport is closing" module=libcontainerd namespace=moby
Nov 16 11:52:53 ubuntu dockerd[28657]: time="2025-11-16T11:52:53.501646712-08:00" level=error msg="failed to get event" error="rpc error: code = Unavailable desc = transport is closing" module=libcontainerd namespace=moby
Nov 16 11:52:53 ubuntu dockerd[28657]: time="2025-11-16T11:52:53.501655354-08:00" level=error msg="failed to get event" error="rpc error: code = Unavailable desc = transport is closing" module=libcontainerd namespace=moby
Nov 16 11:52:53 ubuntu dockerd[28657]: time="2025-11-16T11:52:53.501665346-08:00" level=error msg="failed to get event" error="rpc error: code = Unavailable desc = transport is closing" module=libcontainerd namespace=moby
Nov 16 11:52:53 ubuntu dockerd[28657]: time="2025-11-16T11:52:53.501675169-08:00" level=error msg="failed to get event" error="rpc error: code = Unavailable desc = transport is closing" module=libcontainerd namespace=moby
Nov 16 11:52:53 ubuntu dockerd[28657]: time="2025-11-16T11:52:53.501687086-08:00" level=error msg="failed to get event" error="rpc error: code = Unavailable desc = transport is closing" module=libcontainerd namespace=moby
Nov 16 11:52:53 ubuntu dockerd[28657]: time="2025-11-16T11:52:53.501705524-08:00" level=error msg="failed to get event" error="rpc error: code = Unavailable desc = transport is closing" module=libcontainerd namespace=moby
Nov 16 11:52:53 ubuntu dockerd[28657]: time="2025-11-16T11:52:53.501713837-08:00" level=error msg="failed to get event" error="rpc error: code = Unavailable desc = transport is closing" module=libcontainerd namespace=moby
Nov 16 11:52:53 ubuntu dockerd[28657]: time="2025-11-16T11:52:53.501725116-08:00" level=error msg="failed to get event" error="rpc error: code = Unavailable desc = transport is closing" module=libcontainerd namespace=moby
Nov 16 11:52:53 ubuntu dockerd[28657]: time="2025-11-16T11:52:53.501733415-08:00" level=error msg="failed to get event" error="rpc error: code = Unavailable desc = transport is closing" module=libcontainerd namespace=moby
Nov 16 11:52:53 ubuntu dockerd[28657]: time="2025-11-16T11:52:53.501745368-08:00" level=error msg="failed to get event" error="rpc error: code = Unavailable desc = transport is closing" module=libcontainerd namespace=moby
Nov 16 11:52:53 ubuntu dockerd[28657]: time="2025-11-16T11:52:53.501756653-08:00" level=error msg="failed to get event" error="rpc error: code = Unavailable desc = transport is closing" module=libcontainerd namespace=moby
Nov 16 11:52:53 ubuntu dockerd[28657]: time="2025-11-16T11:52:53.501765143-08:00" level=error msg="failed to get event" error="rpc error: code = Unavailable desc = transport is closing" module=libcontainerd namespace=moby
Nov 16 11:52:53 ubuntu dockerd[28657]: time="2025-11-16T11:52:53.501773462-08:00" level=error msg="failed to get event" error="rpc error: code = Unavailable desc = transport is closing" module=libcontainerd namespace=moby
Nov 16 11:52:53 ubuntu dockerd[28657]: time="2025-11-16T11:52:53.501781816-08:00" level=error msg="failed to get event" error="rpc error: code = Unavailable desc = transport is closing" module=libcontainerd namespace=moby
Nov 16 11:52:53 ubuntu dockerd[28657]: time="2025-11-16T11:52:53.501790154-08:00" level=error msg="failed to get event" error="rpc error: code = Unavailable desc = transport is closing" module=libcontainerd namespace=moby
Nov 16 11:52:53 ubuntu dockerd[28657]: time="2025-11-16T11:52:53.501800007-08:00" level=error msg="failed to get event" error="rpc error: code = Unavailable desc = transport is closing" module=libcontainerd namespace=moby
Nov 16 11:52:53 ubuntu dockerd[28657]: time="2025-11-16T11:52:53.501808184-08:00" level=error msg="failed to get event" error="rpc error: code = Unavailable desc = transport is closing" module=libcontainerd namespace=moby
Nov 16 11:52:53 ubuntu dockerd[28657]: time="2025-11-16T11:52:53.501816521-08:00" level=error msg="failed to get event" error="rpc error: code = Unavailable desc = transport is closing" module=libcontainerd namespace=moby
Nov 16 11:52:53 ubuntu dockerd[28657]: time="2025-11-16T11:52:53.501824945-08:00" level=error msg="failed to get event" error="rpc error: code = Unavailable desc = transport is closing" module=libcontainerd namespace=moby
Nov 16 11:52:53 ubuntu dockerd[28657]: time="2025-11-16T11:52:53.501833356-08:00" level=error msg="failed to get event" error="rpc error: code = Unavailable desc = transport is closing" module=libcontainerd namespace=moby
Nov 16 11:52:53 ubuntu dockerd[28657]: time="2025-11-16T11:52:53.501841635-08:00" level=error msg="failed to get event" error="rpc error: code = Unavailable desc = transport is closing" module=libcontainerd namespace=moby
Nov 16 11:52:53 ubuntu dockerd[28657]: time="2025-11-16T11:52:53.501852565-08:00" level=error msg="failed to get event" error="rpc error: code = Unavailable desc = transport is closing" module=libcontainerd namespace=moby
Nov 16 11:52:53 ubuntu dockerd[28657]: time="2025-11-16T11:52:53.501862416-08:00" level=error msg="failed to get event" error="rpc error: code = Unavailable desc = transport is closing" module=libcontainerd namespace=moby
Nov 16 11:52:53 ubuntu dockerd[28657]: time="2025-11-16T11:52:53.501872150-08:00" level=error msg="failed to get event" error="rpc error: code = Unavailable desc = transport is closing" module=libcontainerd namespace=moby
Nov 16 11:52:53 ubuntu dockerd[28657]: time="2025-11-16T11:52:53.501881769-08:00" level=error msg="failed to get event" error="rpc error: code = Unavailable desc = transport is closing" module=libcontainerd namespace=moby
Nov 16 11:52:53 ubuntu dockerd[28657]: time="2025-11-16T11:52:53.501890125-08:00" level=error msg="failed to get event" error="rpc error: code = Unavailable desc = transport is closing" module=libcontainerd namespace=moby
Nov 16 11:52:53 ubuntu dockerd[28657]: time="2025-11-16T11:52:53.501898483-08:00" level=error msg="failed to get event" error="rpc error: code = Unavailable desc = transport is closing" module=libcontainerd namespace=moby
Nov 16 11:52:53 ubuntu dockerd[28657]: time="2025-11-16T11:52:53.501906773-08:00" level=error msg="failed to get event" error="rpc error: code = Unavailable desc = transport is closing" module=libcontainerd namespace=moby
Nov 16 11:52:53 ubuntu dockerd[28657]: time="2025-11-16T11:52:53.501915112-08:00" level=error msg="failed to get event" error="rpc error: code = Unavailable desc = transport is closing" module=libcontainerd namespace=moby
Nov 16 11:52:53 ubuntu dockerd[28657]: time="2025-11-16T11:52:53.501923502-08:00" level=error msg="failed to get event" error="rpc error: code = Unavailable desc = transport is closing" module=libcontainerd namespace=moby
Nov 16 11:52:53 ubuntu dockerd[28657]: time="2025-11-16T11:52:53.501933246-08:00" level=error msg="failed to get event" error="rpc error: code = Unavailable desc = transport is closing" module=libcontainerd namespace=moby
Nov 16 11:52:53 ubuntu dockerd[28657]: time="2025-11-16T11:52:53.501943238-08:00" level=error msg="failed to get event" error="rpc error: code = Unavailable desc = transport is closing" module=libcontainerd namespace=moby
Nov 16 11:52:53 ubuntu dockerd[28657]: time="2025-11-16T11:52:53.501953063-08:00" level=error msg="failed to get event" error="rpc error: code = Unavailable desc = transport is closing" module=libcontainerd namespace=moby
Nov 16 11:52:53 ubuntu dockerd[28657]: time="2025-11-16T11:52:53.501961480-08:00" level=error msg="failed to get event" error="rpc error: code = Unavailable desc = transport is closing" module=libcontainerd namespace=moby
Nov 16 11:52:53 ubuntu dockerd[28657]: time="2025-11-16T11:52:53.501969934-08:00" level=error msg="failed to get event" error="rpc error: code = Unavailable desc = transport is closing" module=libcontainerd namespace=moby
Nov 16 11:52:53 ubuntu dockerd[28657]: time="2025-11-16T11:52:53.501979654-08:00" level=error msg="failed to get event" error="rpc error: code = Unavailable desc = transport is closing" module=libcontainerd namespace=moby
Nov 16 11:52:53 ubuntu dockerd[28657]: time="2025-11-16T11:52:53.501991354-08:00" level=error msg="failed to get event" error="rpc error: code = Unavailable desc = transport is closing" module=libcontainerd namespace=moby
Nov 16 11:52:53 ubuntu dockerd[28657]: time="2025-11-16T11:52:53.502001119-08:00" level=error msg="failed to get event" error="rpc error: code = Unavailable desc = transport is closing" module=libcontainerd namespace=moby
Nov 16 11:52:53 ubuntu dockerd[28657]: time="2025-11-16T11:52:53.502012404-08:00" level=error msg="failed to get event" error="rpc error: code = Unavailable desc = transport is closing" module=libcontainerd namespace=moby
Nov 16 11:52:53 ubuntu dockerd[28657]: time="2025-11-16T11:52:53.502022213-08:00" level=error msg="failed to get event" error="rpc error: code = Unavailable desc = transport is closing" module=libcontainerd namespace=moby
Nov 16 11:52:53 ubuntu dockerd[28657]: time="2025-11-16T11:52:53.502031857-08:00" level=error msg="failed to get event" error="rpc error: code = Unavailable desc = transport is closing" module=libcontainerd namespace=moby
Nov 16 11:52:53 ubuntu dockerd[28657]: time="2025-11-16T11:52:53.502040107-08:00" level=error msg="failed to get event" error="rpc error: code = Unavailable desc = transport is closing" module=libcontainerd namespace=moby
Nov 16 11:52:53 ubuntu dockerd[28657]: time="2025-11-16T11:52:53.502048550-08:00" level=error msg="failed to get event" error="rpc error: code = Unavailable desc = transport is closing" module=libcontainerd namespace=moby
Nov 16 11:52:53 ubuntu dockerd[28657]: time="2025-11-16T11:52:53.502056833-08:00" level=error msg="failed to get event" error="rpc error: code = Unavailable desc = transport is closing" module=libcontainerd namespace=moby
Nov 16 11:52:53 ubuntu dockerd[28657]: time="2025-11-16T11:52:53.502068235-08:00" level=error msg="failed to get event" error="rpc error: code = Unavailable desc = transport is closing" module=libcontainerd namespace=moby
Nov 16 11:52:53 ubuntu dockerd[28657]: time="2025-11-16T11:52:53.502076288-08:00" level=error msg="failed to get event" error="rpc error: code = Unavailable desc = transport is closing" module=libcontainerd namespace=moby
Nov 16 11:52:53 ubuntu dockerd[28657]: time="2025-11-16T11:52:53.502084535-08:00" level=error msg="failed to get event" error="rpc error: code = Unavailable desc = transport is closing" module=libcontainerd namespace=moby
Nov 16 11:52:53 ubuntu dockerd[28657]: time="2025-11-16T11:52:53.502093104-08:00" level=error msg="failed to get event" error="rpc error: code = Unavailable desc = transport is closing" module=libcontainerd namespace=moby
Nov 16 11:52:53 ubuntu dockerd[28657]: time="2025-11-16T11:52:53.502101339-08:00" level=error msg="failed to get event" error="rpc error: code = Unavailable desc = transport is closing" module=libcontainerd namespace=moby
Nov 16 11:52:53 ubuntu dockerd[28657]: time="2025-11-16T11:52:53.502115076-08:00" level=error msg="failed to get event" error="rpc error: code = Unavailable desc = transport is closing" module=libcontainerd namespace=moby
Nov 16 11:52:53 ubuntu dockerd[28657]: time="2025-11-16T11:52:53.502132551-08:00" level=error msg="failed to get event" error="rpc error: code = Unavailable desc = transport is closing" module=libcontainerd namespace=moby
Nov 16 11:52:53 ubuntu dockerd[28657]: time="2025-11-16T11:52:53.502140785-08:00" level=error msg="failed to get event" error="rpc error: code = Unavailable desc = transport is closing" module=libcontainerd namespace=moby
Nov 16 11:52:53 ubuntu dockerd[28657]: time="2025-11-16T11:52:53.502152171-08:00" level=error msg="failed to get event" error="rpc error: code = Unavailable desc = transport is closing" module=libcontainerd namespace=moby
Nov 16 11:52:53 ubuntu dockerd[28657]: time="2025-11-16T11:52:53.502161805-08:00" level=error msg="failed to get event" error="rpc error: code = Unavailable desc = transport is closing" module=libcontainerd namespace=moby
Nov 16 11:52:53 ubuntu dockerd[28657]: time="2025-11-16T11:52:53.502169922-08:00" level=error msg="failed to get event" error="rpc error: code = Unavailable desc = transport is closing" module=libcontainerd namespace=moby
Nov 16 11:52:53 ubuntu dockerd[28657]: time="2025-11-16T11:52:53.502179658-08:00" level=error msg="failed to get event" error="rpc error: code = Unavailable desc = transport is closing" module=libcontainerd namespace=moby
Nov 16 11:52:53 ubuntu dockerd[28657]: time="2025-11-16T11:52:53.502204611-08:00" level=error msg="failed to get event" error="rpc error: code = Unavailable desc = transport is closing" module=libcontainerd namespace=moby
Nov 16 11:52:53 ubuntu dockerd[28657]: time="2025-11-16T11:52:53.502213111-08:00" level=error msg="failed to get event" error="rpc error: code = Unavailable desc = transport is closing" module=libcontainerd namespace=moby
Nov 16 11:52:53 ubuntu dockerd[28657]: time="2025-11-16T11:52:53.502221216-08:00" level=error msg="failed to get event" error="rpc error: code = Unavailable desc = transport is closing" module=libcontainerd namespace=moby
Nov 16 11:52:53 ubuntu dockerd[28657]: time="2025-11-16T11:52:53.502229385-08:00" level=error msg="failed to get event" error="rpc error: code = Unavailable desc = transport is closing" module=libcontainerd namespace=moby
Nov 16 11:52:53 ubuntu dockerd[28657]: time="2025-11-16T11:52:53.502240476-08:00" level=error msg="failed to get event" error="rpc error: code = Unavailable desc = transport is closing" module=libcontainerd namespace=moby
Nov 16 11:52:53 ubuntu dockerd[28657]: time="2025-11-16T11:52:53.502248866-08:00" level=error msg="failed to get event" error="rpc error: code = Unavailable desc = transport is closing" module=libcontainerd namespace=moby
Nov 16 11:52:53 ubuntu dockerd[28657]: time="2025-11-16T11:52:53.502257077-08:00" level=error msg="failed to get event" error="rpc error: code = Unavailable desc = transport is closing" module=libcontainerd namespace=moby
Nov 16 11:52:53 ubuntu dockerd[28657]: time="2025-11-16T11:52:53.502266535-08:00" level=error msg="failed to get event" error="rpc error: code = Unavailable desc = transport is closing" module=libcontainerd namespace=moby
Nov 16 11:52:53 ubuntu dockerd[28657]: time="2025-11-16T11:52:53.502274956-08:00" level=error msg="failed to get event" error="rpc error: code = Unavailable desc = transport is closing" module=libcontainerd namespace=moby
Nov 16 11:52:53 ubuntu dockerd[28657]: time="2025-11-16T11:52:53.502283127-08:00" level=error msg="failed to get event" error="rpc error: code = Unavailable desc = transport is closing" module=libcontainerd namespace=moby
Nov 16 11:52:53 ubuntu dockerd[28657]: time="2025-11-16T11:52:53.502294170-08:00" level=error msg="failed to get event" error="rpc error: code = Unavailable desc = transport is closing" module=libcontainerd namespace=moby
Nov 16 11:52:53 ubuntu dockerd[28657]: time="2025-11-16T11:52:53.502302466-08:00" level=error msg="failed to get event" error="rpc error: code = Unavailable desc = transport is closing" module=libcontainerd namespace=moby
Nov 16 11:52:53 ubuntu dockerd[28657]: time="2025-11-16T11:52:53.502312506-08:00" level=error msg="failed to get event" error="rpc error: code = Unavailable desc = transport is closing" module=libcontainerd namespace=moby
Nov 16 11:52:53 ubuntu dockerd[28657]: time="2025-11-16T11:52:53.502320686-08:00" level=error msg="failed to get event" error="rpc error: code = Unavailable desc = transport is closing" module=libcontainerd namespace=moby
Nov 16 11:52:53 ubuntu dockerd[28657]: time="2025-11-16T11:52:53.502328847-08:00" level=error msg="failed to get event" error="rpc error: code = Unavailable desc = transport is closing" module=libcontainerd namespace=moby
Nov 16 11:52:53 ubuntu dockerd[28657]: time="2025-11-16T11:52:53.502337272-08:00" level=error msg="failed to get event" error="rpc error: code = Unavailable desc = transport is closing" module=libcontainerd namespace=moby
Nov 16 11:52:53 ubuntu dockerd[28657]: time="2025-11-16T11:52:53.502346843-08:00" level=error msg="failed to get event" error="rpc error: code = Unavailable desc = transport is closing" module=libcontainerd namespace=moby
Nov 16 11:52:53 ubuntu dockerd[28657]: time="2025-11-16T11:52:53.502356759-08:00" level=error msg="failed to get event" error="rpc error: code = Unavailable desc = transport is closing" module=libcontainerd namespace=moby
Nov 16 11:52:53 ubuntu dockerd[28657]: time="2025-11-16T11:52:53.502365510-08:00" level=error msg="failed to get event" error="rpc error: code = Unavailable desc = transport is closing" module=libcontainerd namespace=moby
Nov 16 11:52:53 ubuntu dockerd[28657]: time="2025-11-16T11:52:53.502373818-08:00" level=error msg="failed to get event" error="rpc error: code = Unavailable desc = transport is closing" module=libcontainerd namespace=moby
Nov 16 11:52:53 ubuntu dockerd[28657]: time="2025-11-16T11:52:53.502383478-08:00" level=error msg="failed to get event" error="rpc error: code = Unavailable desc = transport is closing" module=libcontainerd namespace=moby
Nov 16 11:52:53 ubuntu dockerd[28657]: time="2025-11-16T11:52:53.502393267-08:00" level=error msg="failed to get event" error="rpc error: code = Unavailable desc = transport is closing" module=libcontainerd namespace=moby
Nov 16 11:52:53 ubuntu dockerd[28657]: time="2025-11-16T11:52:53.502403259-08:00" level=error msg="failed to get event" error="rpc error: code = Unavailable desc = transport is closing" module=libcontainerd namespace=moby
Nov 16 11:52:53 ubuntu dockerd[28657]: time="2025-11-16T11:52:53.502411681-08:00" level=error msg="failed to get event" error="rpc error: code = Unavailable desc = transport is closing" module=libcontainerd namespace=moby
Nov 16 11:52:53 ubuntu dockerd[28657]: time="2025-11-16T11:52:53.502423331-08:00" level=error msg="failed to get event" error="rpc error: code = Unavailable desc = transport is closing" module=libcontainerd namespace=moby
Nov 16 11:52:53 ubuntu dockerd[28657]: time="2025-11-16T11:52:53.502431564-08:00" level=error msg="failed to get event" error="rpc error: code = Unavailable desc = transport is closing" module=libcontainerd namespace=moby
Nov 16 11:52:53 ubuntu dockerd[28657]: time="2025-11-16T11:52:53.502441520-08:00" level=error msg="failed to get event" error="rpc error: code = Unavailable desc = transport is closing" module=libcontainerd namespace=moby
Nov 16 11:52:53 ubuntu dockerd[28657]: time="2025-11-16T11:52:53.502451163-08:00" level=error msg="failed to get event" error="rpc error: code = Unavailable desc = transport is closing" module=libcontainerd namespace=moby
Nov 16 11:52:53 ubuntu dockerd[28657]: time="2025-11-16T11:52:53.502459592-08:00" level=error msg="failed to get event" error="rpc error: code = Unavailable desc = transport is closing" module=libcontainerd namespace=moby
Nov 16 11:52:53 ubuntu dockerd[28657]: time="2025-11-16T11:52:53.502468018-08:00" level=error msg="failed to get event" error="rpc error: code = Unavailable desc = transport is closing" module=libcontainerd namespace=moby
Nov 16 11:52:53 ubuntu dockerd[28657]: time="2025-11-16T11:52:53.502476368-08:00" level=error msg="failed to get event" error="rpc error: code = Unavailable desc = transport is closing" module=libcontainerd namespace=moby
Nov 16 11:52:53 ubuntu dockerd[28657]: time="2025-11-16T11:52:53.502486403-08:00" level=error msg="failed to get event" error="rpc error: code = Unavailable desc = transport is closing" module=libcontainerd namespace=moby
Nov 16 11:52:53 ubuntu dockerd[28657]: time="2025-11-16T11:52:53.502496312-08:00" level=error msg="failed to get event" error="rpc error: code = Unavailable desc = transport is closing" module=libcontainerd namespace=moby
Nov 16 11:52:53 ubuntu dockerd[28657]: time="2025-11-16T11:52:53.502507376-08:00" level=error msg="failed to get event" error="rpc error: code = Unavailable desc = transport is closing" module=libcontainerd namespace=moby
Nov 16 11:52:53 ubuntu dockerd[28657]: time="2025-11-16T11:52:53.502517276-08:00" level=error msg="failed to get event" error="rpc error: code = Unavailable desc = transport is closing" module=libcontainerd namespace=moby
Nov 16 11:52:53 ubuntu dockerd[28657]: time="2025-11-16T11:52:53.502527179-08:00" level=error msg="failed to get event" error="rpc error: code = Unavailable desc = transport is closing" module=libcontainerd namespace=moby
Nov 16 11:52:53 ubuntu dockerd[28657]: time="2025-11-16T11:52:53.502535625-08:00" level=error msg="failed to get event" error="rpc error: code = Unavailable desc = transport is closing" module=libcontainerd namespace=moby
Nov 16 11:52:53 ubuntu dockerd[28657]: time="2025-11-16T11:52:53.502544027-08:00" level=error msg="failed to get event" error="rpc error: code = Unavailable desc = transport is closing" module=libcontainerd namespace=moby
Nov 16 11:52:53 ubuntu dockerd[28657]: time="2025-11-16T11:52:53.502555828-08:00" level=error msg="failed to get event" error="rpc error: code = Unavailable desc = transport is closing" module=libcontainerd namespace=moby
Nov 16 11:52:53 ubuntu dockerd[28657]: time="2025-11-16T11:52:53.502564489-08:00" level=error msg="failed to get event" error="rpc error: code = Unavailable desc = transport is closing" module=libcontainerd namespace=moby
Nov 16 11:52:53 ubuntu dockerd[28657]: time="2025-11-16T11:52:53.502574387-08:00" level=error msg="failed to get event" error="rpc error: code = Unavailable desc = transport is closing" module=libcontainerd namespace=moby
Nov 16 11:52:53 ubuntu dockerd[28657]: time="2025-11-16T11:52:53.502582799-08:00" level=error msg="failed to get event" error="rpc error: code = Unavailable desc = transport is closing" module=libcontainerd namespace=moby
Nov 16 11:52:53 ubuntu dockerd[28657]: time="2025-11-16T11:52:53.502591168-08:00" level=error msg="failed to get event" error="rpc error: code = Unavailable desc = transport is closing" module=libcontainerd namespace=moby
Nov 16 11:52:53 ubuntu dockerd[28657]: time="2025-11-16T11:52:53.502600844-08:00" level=error msg="failed to get event" error="rpc error: code = Unavailable desc = transport is closing" module=libcontainerd namespace=moby
Nov 16 11:52:53 ubuntu dockerd[28657]: time="2025-11-16T11:52:53.502611160-08:00" level=error msg="failed to get event" error="rpc error: code = Unavailable desc = transport is closing" module=libcontainerd namespace=moby
Nov 16 11:52:53 ubuntu dockerd[28657]: time="2025-11-16T11:52:53.502619582-08:00" level=error msg="failed to get event" error="rpc error: code = Unavailable desc = transport is closing" module=libcontainerd namespace=moby
Nov 16 11:52:53 ubuntu dockerd[28657]: time="2025-11-16T11:52:53.502628268-08:00" level=error msg="failed to get event" error="rpc error: code = Unavailable desc = transport is closing" module=libcontainerd namespace=moby
Nov 16 11:52:53 ubuntu dockerd[28657]: time="2025-11-16T11:52:53.502636648-08:00" level=error msg="failed to get event" error="rpc error: code = Unavailable desc = transport is closing" module=libcontainerd namespace=moby
Nov 16 11:52:53 ubuntu dockerd[28657]: time="2025-11-16T11:52:53.502644921-08:00" level=error msg="failed to get event" error="rpc error: code = Unavailable desc = transport is closing" module=libcontainerd namespace=moby
Nov 16 11:52:53 ubuntu dockerd[28657]: time="2025-11-16T11:52:53.502656567-08:00" level=error msg="failed to get event" error="rpc error: code = Unavailable desc = transport is closing" module=libcontainerd namespace=moby
Nov 16 11:52:53 ubuntu dockerd[28657]: time="2025-11-16T11:52:53.502668421-08:00" level=error msg="failed to get event" error="rpc error: code = Unavailable desc = transport is closing" module=libcontainerd namespace=moby
Nov 16 11:52:53 ubuntu dockerd[28657]: time="2025-11-16T11:52:53.502678495-08:00" level=error msg="failed to get event" error="rpc error: code = Unavailable desc = transport is closing" module=libcontainerd namespace=moby
Nov 16 11:52:53 ubuntu dockerd[28657]: time="2025-11-16T11:52:53.502696404-08:00" level=error msg="failed to get event" error="rpc error: code = Unavailable desc = transport is closing" module=libcontainerd namespace=moby
Nov 16 11:52:53 ubuntu dockerd[28657]: time="2025-11-16T11:52:53.502704903-08:00" level=error msg="failed to get event" error="rpc error: code = Unavailable desc = transport is closing" module=libcontainerd namespace=moby
Nov 16 11:52:53 ubuntu dockerd[28657]: time="2025-11-16T11:52:53.502713629-08:00" level=error msg="failed to get event" error="rpc error: code = Unavailable desc = transport is closing" module=libcontainerd namespace=moby
Nov 16 11:52:53 ubuntu dockerd[28657]: time="2025-11-16T11:52:53.502721801-08:00" level=error msg="failed to get event" error="rpc error: code = Unavailable desc = transport is closing" module=libcontainerd namespace=moby
Nov 16 11:52:53 ubuntu dockerd[28657]: time="2025-11-16T11:52:53.502731709-08:00" level=error msg="failed to get event" error="rpc error: code = Unavailable desc = transport is closing" module=libcontainerd namespace=moby
Nov 16 11:52:53 ubuntu dockerd[28657]: time="2025-11-16T11:52:53.502740143-08:00" level=error msg="failed to get event" error="rpc error: code = Unavailable desc = transport is closing" module=libcontainerd namespace=moby
Nov 16 11:52:53 ubuntu dockerd[28657]: time="2025-11-16T11:52:53.502758039-08:00" level=error msg="failed to get event" error="rpc error: code = Unavailable desc = transport is closing" module=libcontainerd namespace=moby
Nov 16 11:52:53 ubuntu dockerd[28657]: time="2025-11-16T11:52:53.502766427-08:00" level=error msg="failed to get event" error="rpc error: code = Unavailable desc = transport is closing" module=libcontainerd namespace=moby
Nov 16 11:52:53 ubuntu dockerd[28657]: time="2025-11-16T11:52:53.502778043-08:00" level=error msg="failed to get event" error="rpc error: code = Unavailable desc = transport is closing" module=libcontainerd namespace=moby
Nov 16 11:52:53 ubuntu dockerd[28657]: time="2025-11-16T11:52:53.502788072-08:00" level=error msg="failed to get event" error="rpc error: code = Unavailable desc = transport is closing" module=libcontainerd namespace=moby
Nov 16 11:52:53 ubuntu dockerd[28657]: time="2025-11-16T11:52:53.502796587-08:00" level=error msg="failed to get event" error="rpc error: code = Unavailable desc = transport is closing" module=libcontainerd namespace=moby
Nov 16 11:52:53 ubuntu dockerd[28657]: time="2025-11-16T11:52:53.502806200-08:00" level=error msg="failed to get event" error="rpc error: code = Unavailable desc = transport is closing" module=libcontainerd namespace=moby
Nov 16 11:52:53 ubuntu dockerd[28657]: time="2025-11-16T11:52:53.502814700-08:00" level=error msg="failed to get event" error="rpc error: code = Unavailable desc = transport is closing" module=libcontainerd namespace=moby
Nov 16 11:52:53 ubuntu dockerd[28657]: time="2025-11-16T11:52:53.502823011-08:00" level=error msg="failed to get event" error="rpc error: code = Unavailable desc = transport is closing" module=libcontainerd namespace=moby
Nov 16 11:52:53 ubuntu dockerd[28657]: time="2025-11-16T11:52:53.502836292-08:00" level=error msg="failed to get event" error="rpc error: code = Unavailable desc = transport is closing" module=libcontainerd namespace=moby
Nov 16 11:52:53 ubuntu dockerd[28657]: time="2025-11-16T11:52:53.502846530-08:00" level=error msg="failed to get event" error="rpc error: code = Unavailable desc = transport is closing" module=libcontainerd namespace=moby
Nov 16 11:52:53 ubuntu dockerd[28657]: time="2025-11-16T11:52:53.502856269-08:00" level=error msg="failed to get event" error="rpc error: code = Unavailable desc = transport is closing" module=libcontainerd namespace=moby
Nov 16 11:52:53 ubuntu dockerd[28657]: time="2025-11-16T11:52:53.502866024-08:00" level=error msg="failed to get event" error="rpc error: code = Unavailable desc = transport is closing" module=libcontainerd namespace=moby
Nov 16 11:52:53 ubuntu dockerd[28657]: time="2025-11-16T11:52:53.502876195-08:00" level=error msg="failed to get event" error="rpc error: code = Unavailable desc = transport is closing" module=libcontainerd namespace=moby
Nov 16 11:52:53 ubuntu dockerd[28657]: time="2025-11-16T11:52:53.502884615-08:00" level=error msg="failed to get event" error="rpc error: code = Unavailable desc = transport is closing" module=libcontainerd namespace=moby
Nov 16 11:52:53 ubuntu dockerd[28657]: time="2025-11-16T11:52:53.502892877-08:00" level=error msg="failed to get event" error="rpc error: code = Unavailable desc = transport is closing" module=libcontainerd namespace=moby
Nov 16 11:52:53 ubuntu dockerd[28657]: time="2025-11-16T11:52:53.502901355-08:00" level=error msg="failed to get event" error="rpc error: code = Unavailable desc = transport is closing" module=libcontainerd namespace=moby
Nov 16 11:52:53 ubuntu dockerd[28657]: time="2025-11-16T11:52:53.502911156-08:00" level=error msg="failed to get event" error="rpc error: code = Unavailable desc = transport is closing" module=libcontainerd namespace=moby
Nov 16 11:52:53 ubuntu dockerd[28657]: time="2025-11-16T11:52:53.502919654-08:00" level=error msg="failed to get event" error="rpc error: code = Unavailable desc = transport is closing" module=libcontainerd namespace=moby
Nov 16 11:52:53 ubuntu dockerd[28657]: time="2025-11-16T11:52:53.502929535-08:00" level=error msg="failed to get event" error="rpc error: code = Unavailable desc = transport is closing" module=libcontainerd namespace=moby
Nov 16 11:52:53 ubuntu dockerd[28657]: time="2025-11-16T11:52:53.502939261-08:00" level=error msg="failed to get event" error="rpc error: code = Unavailable desc = transport is closing" module=libcontainerd namespace=moby
Nov 16 11:52:53 ubuntu dockerd[28657]: time="2025-11-16T11:52:53.502947701-08:00" level=error msg="failed to get event" error="rpc error: code = Unavailable desc = transport is closing" module=libcontainerd namespace=moby
Nov 16 11:52:53 ubuntu dockerd[28657]: time="2025-11-16T11:52:53.502956099-08:00" level=error msg="failed to get event" error="rpc error: code = Unavailable desc = transport is closing" module=libcontainerd namespace=moby
Nov 16 11:52:53 ubuntu dockerd[28657]: time="2025-11-16T11:52:53.502966226-08:00" level=error msg="failed to get event" error="rpc error: code = Unavailable desc = transport is closing" module=libcontainerd namespace=moby
Nov 16 11:52:53 ubuntu dockerd[28657]: time="2025-11-16T11:52:53.502976196-08:00" level=error msg="failed to get event" error="rpc error: code = Unavailable desc = transport is closing" module=libcontainerd namespace=moby
Nov 16 11:52:53 ubuntu dockerd[28657]: time="2025-11-16T11:52:53.502984510-08:00" level=error msg="failed to get event" error="rpc error: code = Unavailable desc = transport is closing" module=libcontainerd namespace=moby
Nov 16 11:52:53 ubuntu dockerd[28657]: time="2025-11-16T11:52:53.502992745-08:00" level=error msg="failed to get event" error="rpc error: code = Unavailable desc = transport is closing" module=libcontainerd namespace=moby
Nov 16 11:52:53 ubuntu dockerd[28657]: time="2025-11-16T11:52:53.503002582-08:00" level=error msg="failed to get event" error="rpc error: code = Unavailable desc = transport is closing" module=libcontainerd namespace=moby
Nov 16 11:52:53 ubuntu dockerd[28657]: time="2025-11-16T11:52:53.503013946-08:00" level=error msg="failed to get event" error="rpc error: code = Unavailable desc = transport is closing" module=libcontainerd namespace=moby
Nov 16 11:52:53 ubuntu dockerd[28657]: time="2025-11-16T11:52:53.503022387-08:00" level=error msg="failed to get event" error="rpc error: code = Unavailable desc = transport is closing" module=libcontainerd namespace=moby
Nov 16 11:52:53 ubuntu dockerd[28657]: time="2025-11-16T11:52:53.503030736-08:00" level=error msg="failed to get event" error="rpc error: code = Unavailable desc = transport is closing" module=libcontainerd namespace=moby
Nov 16 11:52:53 ubuntu dockerd[28657]: time="2025-11-16T11:52:53.503039055-08:00" level=error msg="failed to get event" error="rpc error: code = Unavailable desc = transport is closing" module=libcontainerd namespace=moby
Nov 16 11:52:53 ubuntu dockerd[28657]: time="2025-11-16T11:52:53.503050790-08:00" level=error msg="failed to get event" error="rpc error: code = Unavailable desc = transport is closing" module=libcontainerd namespace=moby
Nov 16 11:52:53 ubuntu dockerd[28657]: time="2025-11-16T11:52:53.503075666-08:00" level=error msg="failed to get event" error="rpc error: code = Unavailable desc = transport is closing" module=libcontainerd namespace=moby
Nov 16 11:52:53 ubuntu dockerd[28657]: time="2025-11-16T11:52:53.503106062-08:00" level=error msg="failed to get event" error="rpc error: code = Unavailable desc = transport is closing" module=libcontainerd namespace=moby
Nov 16 11:52:53 ubuntu dockerd[28657]: time="2025-11-16T11:52:53.503114928-08:00" level=error msg="failed to get event" error="rpc error: code = Unavailable desc = transport is closing" module=libcontainerd namespace=moby
Nov 16 11:52:53 ubuntu dockerd[28657]: time="2025-11-16T11:52:53.503123026-08:00" level=error msg="failed to get event" error="rpc error: code = Unavailable desc = transport is closing" module=libcontainerd namespace=moby
Nov 16 11:52:53 ubuntu dockerd[28657]: time="2025-11-16T11:52:53.503133193-08:00" level=error msg="failed to get event" error="rpc error: code = Unavailable desc = transport is closing" module=libcontainerd namespace=moby
Nov 16 11:52:53 ubuntu dockerd[28657]: time="2025-11-16T11:52:53.503144770-08:00" level=error msg="failed to get event" error="rpc error: code = Unavailable desc = transport is closing" module=libcontainerd namespace=moby
Nov 16 11:52:53 ubuntu dockerd[28657]: time="2025-11-16T11:52:53.503153374-08:00" level=error msg="failed to get event" error="rpc error: code = Unavailable desc = transport is closing" module=libcontainerd namespace=moby
Nov 16 11:52:53 ubuntu dockerd[28657]: time="2025-11-16T11:52:53.503161879-08:00" level=error msg="failed to get event" error="rpc error: code = Unavailable desc = transport is closing" module=libcontainerd namespace=moby
Nov 16 11:52:53 ubuntu dockerd[28657]: time="2025-11-16T11:52:53.503170190-08:00" level=error msg="failed to get event" error="rpc error: code = Unavailable desc = transport is closing" module=libcontainerd namespace=moby
Nov 16 11:52:53 ubuntu dockerd[28657]: time="2025-11-16T11:52:53.503179468-08:00" level=error msg="failed to get event" error="rpc error: code = Unavailable desc = transport is closing" module=libcontainerd namespace=moby
Nov 16 11:52:53 ubuntu dockerd[28657]: time="2025-11-16T11:52:53.503193496-08:00" level=error msg="failed to get event" error="rpc error: code = Unavailable desc = transport is closing" module=libcontainerd namespace=moby
Nov 16 11:52:53 ubuntu dockerd[28657]: time="2025-11-16T11:52:53.503203810-08:00" level=error msg="failed to get event" error="rpc error: code = Unavailable desc = transport is closing" module=libcontainerd namespace=moby
Nov 16 11:52:53 ubuntu dockerd[28657]: time="2025-11-16T11:52:53.503213772-08:00" level=error msg="failed to get event" error="rpc error: code = Unavailable desc = transport is closing" module=libcontainerd namespace=moby
Nov 16 11:52:53 ubuntu dockerd[28657]: time="2025-11-16T11:52:53.503222135-08:00" level=error msg="failed to get event" error="rpc error: code = Unavailable desc = transport is closing" module=libcontainerd namespace=moby
Nov 16 11:52:53 ubuntu dockerd[28657]: time="2025-11-16T11:52:53.503232031-08:00" level=error msg="failed to get event" error="rpc error: code = Unavailable desc = transport is closing" module=libcontainerd namespace=moby
Nov 16 11:52:53 ubuntu dockerd[28657]: time="2025-11-16T11:52:53.503243775-08:00" level=error msg="failed to get event" error="rpc error: code = Unavailable desc = transport is closing" module=libcontainerd namespace=moby
Nov 16 11:52:53 ubuntu dockerd[28657]: time="2025-11-16T11:52:53.503252015-08:00" level=error msg="failed to get event" error="rpc error: code = Unavailable desc = transport is closing" module=libcontainerd namespace=moby
Nov 16 11:52:53 ubuntu dockerd[28657]: time="2025-11-16T11:52:53.503260364-08:00" level=error msg="failed to get event" error="rpc error: code = Unavailable desc = transport is closing" module=libcontainerd namespace=moby
Nov 16 11:52:53 ubuntu dockerd[28657]: time="2025-11-16T11:52:53.503271591-08:00" level=error msg="failed to get event" error="rpc error: code = Unavailable desc = transport is closing" module=libcontainerd namespace=moby
Nov 16 11:52:53 ubuntu dockerd[28657]: time="2025-11-16T11:52:53.503281542-08:00" level=error msg="failed to get event" error="rpc error: code = Unavailable desc = transport is closing" module=libcontainerd namespace=moby
Nov 16 11:52:53 ubuntu dockerd[28657]: time="2025-11-16T11:52:53.503289897-08:00" level=error msg="failed to get event" error="rpc error: code = Unavailable desc = transport is closing" module=libcontainerd namespace=moby
Nov 16 11:52:53 ubuntu dockerd[28657]: time="2025-11-16T11:52:53.503302072-08:00" level=error msg="failed to get event" error="rpc error: code = Unavailable desc = transport is closing" module=libcontainerd namespace=moby
Nov 16 11:52:53 ubuntu dockerd[28657]: time="2025-11-16T11:52:53.503311837-08:00" level=error msg="failed to get event" error="rpc error: code = Unavailable desc = transport is closing" module=libcontainerd namespace=moby
Nov 16 11:52:53 ubuntu dockerd[28657]: time="2025-11-16T11:52:53.503320144-08:00" level=error msg="failed to get event" error="rpc error: code = Unavailable desc = transport is closing" module=libcontainerd namespace=moby
Nov 16 11:52:53 ubuntu dockerd[28657]: time="2025-11-16T11:52:53.503328426-08:00" level=error msg="failed to get event" error="rpc error: code = Unavailable desc = transport is closing" module=libcontainerd namespace=moby
Nov 16 11:52:53 ubuntu dockerd[28657]: time="2025-11-16T11:52:53.503336695-08:00" level=error msg="failed to get event" error="rpc error: code = Unavailable desc = transport is closing" module=libcontainerd namespace=moby
Nov 16 11:52:53 ubuntu dockerd[28657]: time="2025-11-16T11:52:53.503346662-08:00" level=error msg="failed to get event" error="rpc error: code = Unavailable desc = transport is closing" module=libcontainerd namespace=moby
Nov 16 11:52:53 ubuntu dockerd[28657]: time="2025-11-16T11:52:53.503356251-08:00" level=error msg="failed to get event" error="rpc error: code = Unavailable desc = transport is closing" module=libcontainerd namespace=moby
Nov 16 11:52:53 ubuntu dockerd[28657]: time="2025-11-16T11:52:53.503366291-08:00" level=error msg="failed to get event" error="rpc error: code = Unavailable desc = transport is closing" module=libcontainerd namespace=moby
Nov 16 11:52:53 ubuntu dockerd[28657]: time="2025-11-16T11:52:53.503377309-08:00" level=error msg="failed to get event" error="rpc error: code = Unavailable desc = transport is closing" module=libcontainerd namespace=moby
Nov 16 11:52:53 ubuntu dockerd[28657]: time="2025-11-16T11:52:53.503385974-08:00" level=error msg="failed to get event" error="rpc error: code = Unavailable desc = transport is closing" module=libcontainerd namespace=moby
Nov 16 11:52:53 ubuntu dockerd[28657]: time="2025-11-16T11:52:53.503394059-08:00" level=error msg="failed to get event" error="rpc error: code = Unavailable desc = transport is closing" module=libcontainerd namespace=moby
Nov 16 11:52:53 ubuntu dockerd[28657]: time="2025-11-16T11:52:53.503418231-08:00" level=error msg="failed to get event" error="rpc error: code = Unavailable desc = transport is closing" module=libcontainerd namespace=moby
Nov 16 11:52:53 ubuntu dockerd[28657]: time="2025-11-16T11:52:53.503436971-08:00" level=error msg="failed to get event" error="rpc error: code = Unavailable desc = transport is closing" module=libcontainerd namespace=moby
Nov 16 11:52:53 ubuntu dockerd[28657]: time="2025-11-16T11:52:53.503446984-08:00" level=error msg="failed to get event" error="rpc error: code = Unavailable desc = transport is closing" module=libcontainerd namespace=moby
Nov 16 11:52:53 ubuntu dockerd[28657]: time="2025-11-16T11:52:53.503455379-08:00" level=error msg="failed to get event" error="rpc error: code = Unavailable desc = transport is closing" module=libcontainerd namespace=moby
Nov 16 11:52:53 ubuntu dockerd[28657]: time="2025-11-16T11:52:53.503463758-08:00" level=error msg="failed to get event" error="rpc error: code = Unavailable desc = transport is closing" module=libcontainerd namespace=moby
Nov 16 11:52:53 ubuntu dockerd[28657]: time="2025-11-16T11:52:53.503472089-08:00" level=error msg="failed to get event" error="rpc error: code = Unavailable desc = transport is closing" module=libcontainerd namespace=moby
Nov 16 11:52:53 ubuntu dockerd[28657]: time="2025-11-16T11:52:53.503480421-08:00" level=error msg="failed to get event" error="rpc error: code = Unavailable desc = transport is closing" module=libcontainerd namespace=moby
Nov 16 11:52:53 ubuntu dockerd[28657]: time="2025-11-16T11:52:53.503492029-08:00" level=error msg="failed to get event" error="rpc error: code = Unavailable desc = transport is closing" module=libcontainerd namespace=moby
Nov 16 11:52:53 ubuntu dockerd[28657]: time="2025-11-16T11:52:53.503500316-08:00" level=error msg="failed to get event" error="rpc error: code = Unavailable desc = transport is closing" module=libcontainerd namespace=moby
Nov 16 11:52:53 ubuntu dockerd[28657]: time="2025-11-16T11:52:53.503508542-08:00" level=error msg="failed to get event" error="rpc error: code = Unavailable desc = transport is closing" module=libcontainerd namespace=moby
Nov 16 11:52:53 ubuntu dockerd[28657]: time="2025-11-16T11:52:53.503519315-08:00" level=error msg="failed to get event" error="rpc error: code = Unavailable desc = transport is closing" module=libcontainerd namespace=moby
Nov 16 11:52:53 ubuntu dockerd[28657]: time="2025-11-16T11:52:53.504258055-08:00" level=error msg="failed to get event" error="rpc error: code = Unavailable desc = transport is closing" module=libcontainerd namespace=moby
Nov 16 11:52:53 ubuntu dockerd[28657]: time="2025-11-16T11:52:53.504406588-08:00" level=error msg="failed to get event" error="rpc error: code = Unavailable desc = transport is closing" module=libcontainerd namespace=moby
Nov 16 11:52:53 ubuntu dockerd[28657]: time="2025-11-16T11:52:53.504769347-08:00" level=error msg="failed to get event" error="rpc error: code = Unavailable desc = transport is closing" module=libcontainerd namespace=moby
Nov 16 11:52:53 ubuntu dockerd[28657]: time="2025-11-16T11:52:53.504982126-08:00" level=error msg="failed to get event" error="rpc error: code = Unavailable desc = transport is closing" module=libcontainerd namespace=moby
Nov 16 11:52:53 ubuntu dockerd[28657]: time="2025-11-16T11:52:53.505033726-08:00" level=error msg="failed to get event" error="rpc error: code = Unavailable desc = transport is closing" module=libcontainerd namespace=moby
Nov 16 11:52:53 ubuntu dockerd[28657]: time="2025-11-16T11:52:53.505145041-08:00" level=error msg="failed to get event" error="rpc error: code = Unavailable desc = transport is closing" module=libcontainerd namespace=moby
Nov 16 11:52:53 ubuntu dockerd[28657]: time="2025-11-16T11:52:53.505174538-08:00" level=error msg="failed to get event" error="rpc error: code = Unavailable desc = transport is closing" module=libcontainerd namespace=moby
Nov 16 11:52:53 ubuntu dockerd[28657]: time="2025-11-16T11:52:53.505208904-08:00" level=error msg="failed to get event" error="rpc error: code = Unavailable desc = transport is closing" module=libcontainerd namespace=moby
Nov 16 11:52:53 ubuntu dockerd[28657]: time="2025-11-16T11:52:53.505240028-08:00" level=error msg="failed to get event" error="rpc error: code = Unavailable desc = transport is closing" module=libcontainerd namespace=moby
Nov 16 11:52:53 ubuntu dockerd[28657]: time="2025-11-16T11:52:53.505358370-08:00" level=error msg="failed to get event" error="rpc error: code = Unavailable desc = transport is closing" module=libcontainerd namespace=moby
Nov 16 11:52:53 ubuntu dockerd[28657]: time="2025-11-16T11:52:53.505406872-08:00" level=error msg="failed to get event" error="rpc error: code = Unavailable desc = transport is closing" module=libcontainerd namespace=moby
Nov 16 11:52:53 ubuntu dockerd[28657]: time="2025-11-16T11:52:53.505438533-08:00" level=error msg="failed to get event" error="rpc error: code = Unavailable desc = transport is closing" module=libcontainerd namespace=moby
Nov 16 11:52:53 ubuntu dockerd[28657]: time="2025-11-16T11:52:53.505471605-08:00" level=error msg="failed to get event" error="rpc error: code = Unavailable desc = transport is closing" module=libcontainerd namespace=moby
Nov 16 11:52:53 ubuntu dockerd[28657]: time="2025-11-16T11:52:53.505501578-08:00" level=error msg="failed to get event" error="rpc error: code = Unavailable desc = transport is closing" module=libcontainerd namespace=moby
Nov 16 11:52:53 ubuntu dockerd[28657]: time="2025-11-16T11:52:53.505625781-08:00" level=error msg="failed to get event" error="rpc error: code = Unavailable desc = transport is closing" module=libcontainerd namespace=moby
Nov 16 11:52:53 ubuntu dockerd[28657]: time="2025-11-16T11:52:53.505640424-08:00" level=error msg="failed to get event" error="rpc error: code = Unavailable desc = transport is closing" module=libcontainerd namespace=moby
Nov 16 11:52:53 ubuntu dockerd[28657]: time="2025-11-16T11:52:53.505652488-08:00" level=error msg="failed to get event" error="rpc error: code = Unavailable desc = transport is closing" module=libcontainerd namespace=moby
Nov 16 11:52:53 ubuntu dockerd[28657]: time="2025-11-16T11:52:53.505666872-08:00" level=error msg="failed to get event" error="rpc error: code = Unavailable desc = transport is closing" module=libcontainerd namespace=moby
Nov 16 11:52:53 ubuntu dockerd[28657]: time="2025-11-16T11:52:53.505681749-08:00" level=error msg="failed to get event" error="rpc error: code = Unavailable desc = transport is closing" module=libcontainerd namespace=moby
Nov 16 11:52:53 ubuntu dockerd[28657]: time="2025-11-16T11:52:53.505695716-08:00" level=error msg="failed to get event" error="rpc error: code = Unavailable desc = transport is closing" module=libcontainerd namespace=moby
Nov 16 11:52:53 ubuntu dockerd[28657]: time="2025-11-16T11:52:53.505713117-08:00" level=error msg="failed to get event" error="rpc error: code = Unavailable desc = transport is closing" module=libcontainerd namespace=moby
Nov 16 11:52:53 ubuntu dockerd[28657]: time="2025-11-16T11:52:53.505731782-08:00" level=error msg="failed to get event" error="rpc error: code = Unavailable desc = transport is closing" module=libcontainerd namespace=moby
Nov 16 11:52:53 ubuntu dockerd[28657]: time="2025-11-16T11:52:53.505756037-08:00" level=error msg="failed to get event" error="rpc error: code = Unavailable desc = transport is closing" module=libcontainerd namespace=moby
Nov 16 11:52:53 ubuntu dockerd[28657]: time="2025-11-16T11:52:53.505781290-08:00" level=error msg="failed to get event" error="rpc error: code = Unavailable desc = transport is closing" module=libcontainerd namespace=moby
Nov 16 11:52:53 ubuntu dockerd[28657]: time="2025-11-16T11:52:53.505807104-08:00" level=error msg="failed to get event" error="rpc error: code = Unavailable desc = transport is closing" module=libcontainerd namespace=moby
Nov 16 11:52:53 ubuntu dockerd[28657]: time="2025-11-16T11:52:53.505834068-08:00" level=error msg="failed to get event" error="rpc error: code = Unavailable desc = transport is closing" module=libcontainerd namespace=moby
Nov 16 11:52:53 ubuntu dockerd[28657]: time="2025-11-16T11:52:53.505856563-08:00" level=error msg="failed to get event" error="rpc error: code = Unavailable desc = transport is closing" module=libcontainerd namespace=moby
Nov 16 11:52:53 ubuntu dockerd[28657]: time="2025-11-16T11:52:53.505878260-08:00" level=error msg="failed to get event" error="rpc error: code = Unavailable desc = transport is closing" module=libcontainerd namespace=moby
Nov 16 11:52:53 ubuntu dockerd[28657]: time="2025-11-16T11:52:53.505903776-08:00" level=error msg="failed to get event" error="rpc error: code = Unavailable desc = transport is closing" module=libcontainerd namespace=moby
Nov 16 11:52:53 ubuntu dockerd[28657]: time="2025-11-16T11:52:53.505928547-08:00" level=error msg="failed to get event" error="rpc error: code = Unavailable desc = transport is closing" module=libcontainerd namespace=moby
Nov 16 11:52:53 ubuntu dockerd[28657]: time="2025-11-16T11:52:53.506097974-08:00" level=error msg="failed to get event" error="rpc error: code = Unavailable desc = transport is closing" module=libcontainerd namespace=moby
Nov 16 11:52:53 ubuntu dockerd[28657]: time="2025-11-16T11:52:53.506111689-08:00" level=error msg="failed to get event" error="rpc error: code = Unavailable desc = transport is closing" module=libcontainerd namespace=moby
Nov 16 11:52:53 ubuntu dockerd[28657]: time="2025-11-16T11:52:53.506124765-08:00" level=error msg="failed to get event" error="rpc error: code = Unavailable desc = transport is closing" module=libcontainerd namespace=moby
Nov 16 11:52:53 ubuntu dockerd[28657]: time="2025-11-16T11:52:53.506137775-08:00" level=error msg="failed to get event" error="rpc error: code = Unavailable desc = transport is closing" module=libcontainerd namespace=moby
Nov 16 11:52:53 ubuntu dockerd[28657]: time="2025-11-16T11:52:53.506150560-08:00" level=error msg="failed to get event" error="rpc error: code = Unavailable desc = transport is closing" module=libcontainerd namespace=moby
Nov 16 11:52:53 ubuntu dockerd[28657]: time="2025-11-16T11:52:53.506163777-08:00" level=error msg="failed to get event" error="rpc error: code = Unavailable desc = transport is closing" module=libcontainerd namespace=moby
Nov 16 11:52:53 ubuntu dockerd[28657]: time="2025-11-16T11:52:53.506178444-08:00" level=error msg="failed to get event" error="rpc error: code = Unavailable desc = transport is closing" module=libcontainerd namespace=moby
Nov 16 11:52:53 ubuntu dockerd[28657]: time="2025-11-16T11:52:53.506192397-08:00" level=error msg="failed to get event" error="rpc error: code = Unavailable desc = transport is closing" module=libcontainerd namespace=moby
Nov 16 11:52:53 ubuntu dockerd[28657]: time="2025-11-16T11:52:53.506204151-08:00" level=error msg="failed to get event" error="rpc error: code = Unavailable desc = transport is closing" module=libcontainerd namespace=moby
Nov 16 11:52:53 ubuntu dockerd[28657]: time="2025-11-16T11:52:53.506218159-08:00" level=error msg="failed to get event" error="rpc error: code = Unavailable desc = transport is closing" module=libcontainerd namespace=moby
Nov 16 11:52:53 ubuntu dockerd[28657]: time="2025-11-16T11:52:53.506229864-08:00" level=error msg="failed to get event" error="rpc error: code = Unavailable desc = transport is closing" module=libcontainerd namespace=moby
Nov 16 11:52:53 ubuntu dockerd[28657]: time="2025-11-16T11:52:53.506244340-08:00" level=error msg="failed to get event" error="rpc error: code = Unavailable desc = transport is closing" module=libcontainerd namespace=moby
Nov 16 11:52:53 ubuntu dockerd[28657]: time="2025-11-16T11:52:53.506258859-08:00" level=error msg="failed to get event" error="rpc error: code = Unavailable desc = transport is closing" module=libcontainerd namespace=moby
Nov 16 11:52:53 ubuntu dockerd[28657]: time="2025-11-16T11:52:53.506270111-08:00" level=error msg="failed to get event" error="rpc error: code = Unavailable desc = transport is closing" module=libcontainerd namespace=moby
Nov 16 11:52:53 ubuntu dockerd[28657]: time="2025-11-16T11:52:53.506282934-08:00" level=error msg="failed to get event" error="rpc error: code = Unavailable desc = transport is closing" module=libcontainerd namespace=moby
Nov 16 11:52:53 ubuntu dockerd[28657]: time="2025-11-16T11:52:53.506309669-08:00" level=error msg="failed to get event" error="rpc error: code = Unavailable desc = transport is closing" module=libcontainerd namespace=moby
Nov 16 11:52:53 ubuntu dockerd[28657]: time="2025-11-16T11:52:53.506337094-08:00" level=error msg="failed to get event" error="rpc error: code = Unavailable desc = transport is closing" module=libcontainerd namespace=moby
Nov 16 11:52:53 ubuntu dockerd[28657]: time="2025-11-16T11:52:53.506361299-08:00" level=error msg="failed to get event" error="rpc error: code = Unavailable desc = transport is closing" module=libcontainerd namespace=moby
Nov 16 11:52:53 ubuntu dockerd[28657]: time="2025-11-16T11:52:53.506392681-08:00" level=error msg="failed to get event" error="rpc error: code = Unavailable desc = transport is closing" module=libcontainerd namespace=moby
Nov 16 11:52:53 ubuntu dockerd[28657]: time="2025-11-16T11:52:53.506414662-08:00" level=error msg="failed to get event" error="rpc error: code = Unavailable desc = transport is closing" module=libcontainerd namespace=moby
Nov 16 11:52:53 ubuntu dockerd[28657]: time="2025-11-16T11:52:53.506438199-08:00" level=error msg="failed to get event" error="rpc error: code = Unavailable desc = transport is closing" module=libcontainerd namespace=moby
Nov 16 11:52:53 ubuntu dockerd[28657]: time="2025-11-16T11:52:53.506460668-08:00" level=error msg="failed to get event" error="rpc error: code = Unavailable desc = transport is closing" module=libcontainerd namespace=moby
Nov 16 11:52:53 ubuntu dockerd[28657]: time="2025-11-16T11:52:53.510543150-08:00" level=error msg="failed to get event" error="rpc error: code = Unavailable desc = transport is closing" module=libcontainerd namespace=moby
Nov 16 11:52:53 ubuntu dockerd[28657]: time="2025-11-16T11:52:53.510620916-08:00" level=info msg="Processing signal 'terminated'"
Nov 16 11:52:53 ubuntu systemd[1]: Stopped Docker Application Container Engine.
Nov 16 11:52:53 ubuntu systemd[1]: Starting Docker Application Container Engine...
Nov 16 11:52:53 ubuntu dockerd[28964]: time="2025-11-16T11:52:53.628346393-08:00" level=info msg="systemd-resolved is running, so using resolvconf: /run/systemd/resolve/resolv.conf"
Nov 16 11:52:53 ubuntu dockerd[28964]: time="2025-11-16T11:52:53.630851234-08:00" level=info msg="parsed scheme: \"unix\"" module=grpc
Nov 16 11:52:53 ubuntu dockerd[28964]: time="2025-11-16T11:52:53.631025757-08:00" level=info msg="scheme \"unix\" not registered, fallback to default scheme" module=grpc
Nov 16 11:52:53 ubuntu dockerd[28964]: time="2025-11-16T11:52:53.631087105-08:00" level=info msg="parsed scheme: \"unix\"" module=grpc
Nov 16 11:52:53 ubuntu dockerd[28964]: time="2025-11-16T11:52:53.631118287-08:00" level=info msg="scheme \"unix\" not registered, fallback to default scheme" module=grpc
Nov 16 11:52:53 ubuntu dockerd[28964]: time="2025-11-16T11:52:53.633818656-08:00" level=info msg="ccResolverWrapper: sending new addresses to cc: [{unix:///run/containerd/containerd.sock 0  <nil>}]" module=grpc
Nov 16 11:52:53 ubuntu dockerd[28964]: time="2025-11-16T11:52:53.634203852-08:00" level=info msg="ClientConn switching balancer to \"pick_first\"" module=grpc
Nov 16 11:52:53 ubuntu dockerd[28964]: time="2025-11-16T11:52:53.634359418-08:00" level=info msg="pickfirstBalancer: HandleSubConnStateChange: 0xc420748ea0, CONNECTING" module=grpc
Nov 16 11:52:53 ubuntu dockerd[28964]: time="2025-11-16T11:52:53.634649346-08:00" level=info msg="pickfirstBalancer: HandleSubConnStateChange: 0xc420748ea0, READY" module=grpc
Nov 16 11:52:53 ubuntu dockerd[28964]: time="2025-11-16T11:52:53.634749575-08:00" level=info msg="ccResolverWrapper: sending new addresses to cc: [{unix:///run/containerd/containerd.sock 0  <nil>}]" module=grpc
Nov 16 11:52:53 ubuntu dockerd[28964]: time="2025-11-16T11:52:53.634775219-08:00" level=info msg="ClientConn switching balancer to \"pick_first\"" module=grpc
Nov 16 11:52:53 ubuntu dockerd[28964]: time="2025-11-16T11:52:53.634824228-08:00" level=info msg="pickfirstBalancer: HandleSubConnStateChange: 0xc420749180, CONNECTING" module=grpc
Nov 16 11:52:53 ubuntu dockerd[28964]: time="2025-11-16T11:52:53.634977023-08:00" level=info msg="pickfirstBalancer: HandleSubConnStateChange: 0xc420749180, READY" module=grpc
Nov 16 11:52:53 ubuntu dockerd[28964]: time="2025-11-16T11:52:53.635426622-08:00" level=info msg="[graphdriver] using prior storage driver: overlay2"
Nov 16 11:52:53 ubuntu dockerd[28964]: time="2025-11-16T11:52:53.642481856-08:00" level=info msg="Graph migration to content-addressability took 0.00 seconds"
Nov 16 11:52:53 ubuntu dockerd[28964]: time="2025-11-16T11:52:53.642694671-08:00" level=warning msg="Your kernel does not support swap memory limit"
Nov 16 11:52:53 ubuntu dockerd[28964]: time="2025-11-16T11:52:53.642734229-08:00" level=warning msg="Your kernel does not support cgroup rt period"
Nov 16 11:52:53 ubuntu dockerd[28964]: time="2025-11-16T11:52:53.642738948-08:00" level=warning msg="Your kernel does not support cgroup rt runtime"
Nov 16 11:52:53 ubuntu dockerd[28964]: time="2025-11-16T11:52:53.642745100-08:00" level=warning msg="Your kernel does not support cgroup blkio weight"
Nov 16 11:52:53 ubuntu dockerd[28964]: time="2025-11-16T11:52:53.642771148-08:00" level=warning msg="Your kernel does not support cgroup blkio weight_device"
Nov 16 11:52:53 ubuntu dockerd[28964]: time="2025-11-16T11:52:53.643515329-08:00" level=info msg="Loading containers: start."
Nov 16 11:52:53 ubuntu dockerd[28964]: time="2025-11-16T11:52:53.734346704-08:00" level=info msg="Default bridge (docker0) is assigned with an IP address 172.17.0.0/16. Daemon option --bip can be used to set a preferred IP address"
Nov 16 11:52:53 ubuntu dockerd[28964]: time="2025-11-16T11:52:53.767881541-08:00" level=info msg="Loading containers: done."
Nov 16 11:52:53 ubuntu dockerd[28964]: time="2025-11-16T11:52:53.843537247-08:00" level=info msg="Docker daemon" commit=4d60db4 graphdriver(s)=overlay2 version=18.09.0
Nov 16 11:52:53 ubuntu dockerd[28964]: time="2025-11-16T11:52:53.843641661-08:00" level=info msg="Daemon has completed initialization"
Nov 16 11:52:53 ubuntu dockerd[28964]: time="2025-11-16T11:52:53.844798761-08:00" level=warning msg="Could not register builder git source: failed to find git binary: exec: \"git\": executable file not found in $PATH"
Nov 16 11:52:53 ubuntu dockerd[28964]: time="2025-11-16T11:52:53.853437155-08:00" level=info msg="API listen on /var/run/docker.sock"
Nov 16 11:52:53 ubuntu systemd[1]: Started Docker Application Container Engine.
Nov 16 11:53:27 ubuntu systemd[1]: Stopping Docker Application Container Engine...
Nov 16 11:53:27 ubuntu dockerd[28964]: time="2025-11-16T11:53:27.604280640-08:00" level=error msg="failed to get event" error="rpc error: code = Unavailable desc = transport is closing" module=libcontainerd namespace=moby
Nov 16 11:53:27 ubuntu dockerd[28964]: time="2025-11-16T11:53:27.604474040-08:00" level=error msg="failed to get event" error="rpc error: code = Unavailable desc = transport is closing" module=libcontainerd namespace=moby
Nov 16 11:53:27 ubuntu dockerd[28964]: time="2025-11-16T11:53:27.604502772-08:00" level=error msg="failed to get event" error="rpc error: code = Unavailable desc = transport is closing" module=libcontainerd namespace=moby
Nov 16 11:53:27 ubuntu dockerd[28964]: time="2025-11-16T11:53:27.604523171-08:00" level=error msg="failed to get event" error="rpc error: code = Unavailable desc = transport is closing" module=libcontainerd namespace=moby
Nov 16 11:53:27 ubuntu dockerd[28964]: time="2025-11-16T11:53:27.604538885-08:00" level=error msg="failed to get event" error="rpc error: code = Unavailable desc = transport is closing" module=libcontainerd namespace=moby
Nov 16 11:53:27 ubuntu dockerd[28964]: time="2025-11-16T11:53:27.604553782-08:00" level=error msg="failed to get event" error="rpc error: code = Unavailable desc = transport is closing" module=libcontainerd namespace=moby
Nov 16 11:53:27 ubuntu dockerd[28964]: time="2025-11-16T11:53:27.604585768-08:00" level=error msg="failed to get event" error="rpc error: code = Unavailable desc = transport is closing" module=libcontainerd namespace=moby
Nov 16 11:53:27 ubuntu dockerd[28964]: time="2025-11-16T11:53:27.604612848-08:00" level=error msg="failed to get event" error="rpc error: code = Unavailable desc = transport is closing" module=libcontainerd namespace=moby
Nov 16 11:53:27 ubuntu dockerd[28964]: time="2025-11-16T11:53:27.604629504-08:00" level=error msg="failed to get event" error="rpc error: code = Unavailable desc = transport is closing" module=libcontainerd namespace=moby
Nov 16 11:53:27 ubuntu dockerd[28964]: time="2025-11-16T11:53:27.604658355-08:00" level=error msg="failed to get event" error="rpc error: code = Unavailable desc = transport is closing" module=libcontainerd namespace=moby
Nov 16 11:53:27 ubuntu dockerd[28964]: time="2025-11-16T11:53:27.604678254-08:00" level=error msg="failed to get event" error="rpc error: code = Unavailable desc = transport is closing" module=libcontainerd namespace=moby
Nov 16 11:53:27 ubuntu dockerd[28964]: time="2025-11-16T11:53:27.604691869-08:00" level=error msg="failed to get event" error="rpc error: code = Unavailable desc = transport is closing" module=libcontainerd namespace=moby
Nov 16 11:53:27 ubuntu dockerd[28964]: time="2025-11-16T11:53:27.604707914-08:00" level=error msg="failed to get event" error="rpc error: code = Unavailable desc = transport is closing" module=libcontainerd namespace=moby
Nov 16 11:53:27 ubuntu dockerd[28964]: time="2025-11-16T11:53:27.604729748-08:00" level=error msg="failed to get event" error="rpc error: code = Unavailable desc = transport is closing" module=libcontainerd namespace=moby
Nov 16 11:53:27 ubuntu dockerd[28964]: time="2025-11-16T11:53:27.604746667-08:00" level=error msg="failed to get event" error="rpc error: code = Unavailable desc = transport is closing" module=libcontainerd namespace=moby
Nov 16 11:53:27 ubuntu dockerd[28964]: time="2025-11-16T11:53:27.604771306-08:00" level=error msg="failed to get event" error="rpc error: code = Unavailable desc = transport is closing" module=libcontainerd namespace=moby
Nov 16 11:53:27 ubuntu dockerd[28964]: time="2025-11-16T11:53:27.604785742-08:00" level=error msg="failed to get event" error="rpc error: code = Unavailable desc = transport is closing" module=libcontainerd namespace=moby
Nov 16 11:53:27 ubuntu dockerd[28964]: time="2025-11-16T11:53:27.604803139-08:00" level=error msg="failed to get event" error="rpc error: code = Unavailable desc = transport is closing" module=libcontainerd namespace=moby
Nov 16 11:53:27 ubuntu dockerd[28964]: time="2025-11-16T11:53:27.604821949-08:00" level=error msg="failed to get event" error="rpc error: code = Unavailable desc = transport is closing" module=libcontainerd namespace=moby
Nov 16 11:53:27 ubuntu dockerd[28964]: time="2025-11-16T11:53:27.604840170-08:00" level=error msg="failed to get event" error="rpc error: code = Unavailable desc = transport is closing" module=libcontainerd namespace=moby
Nov 16 11:53:27 ubuntu dockerd[28964]: time="2025-11-16T11:53:27.604857549-08:00" level=error msg="failed to get event" error="rpc error: code = Unavailable desc = transport is closing" module=libcontainerd namespace=moby
Nov 16 11:53:27 ubuntu dockerd[28964]: time="2025-11-16T11:53:27.604874191-08:00" level=error msg="failed to get event" error="rpc error: code = Unavailable desc = transport is closing" module=libcontainerd namespace=moby
Nov 16 11:53:27 ubuntu dockerd[28964]: time="2025-11-16T11:53:27.604890470-08:00" level=error msg="failed to get event" error="rpc error: code = Unavailable desc = transport is closing" module=libcontainerd namespace=moby
Nov 16 11:53:27 ubuntu dockerd[28964]: time="2025-11-16T11:53:27.604910854-08:00" level=error msg="failed to get event" error="rpc error: code = Unavailable desc = transport is closing" module=libcontainerd namespace=moby
Nov 16 11:53:27 ubuntu dockerd[28964]: time="2025-11-16T11:53:27.604930399-08:00" level=error msg="failed to get event" error="rpc error: code = Unavailable desc = transport is closing" module=libcontainerd namespace=moby
Nov 16 11:53:27 ubuntu dockerd[28964]: time="2025-11-16T11:53:27.604945257-08:00" level=error msg="failed to get event" error="rpc error: code = Unavailable desc = transport is closing" module=libcontainerd namespace=moby
Nov 16 11:53:27 ubuntu dockerd[28964]: time="2025-11-16T11:53:27.604960863-08:00" level=error msg="failed to get event" error="rpc error: code = Unavailable desc = transport is closing" module=libcontainerd namespace=moby
Nov 16 11:53:27 ubuntu dockerd[28964]: time="2025-11-16T11:53:27.604999366-08:00" level=error msg="failed to get event" error="rpc error: code = Unavailable desc = transport is closing" module=libcontainerd namespace=moby
Nov 16 11:53:27 ubuntu dockerd[28964]: time="2025-11-16T11:53:27.605015812-08:00" level=error msg="failed to get event" error="rpc error: code = Unavailable desc = transport is closing" module=libcontainerd namespace=moby
Nov 16 11:53:27 ubuntu dockerd[28964]: time="2025-11-16T11:53:27.605038396-08:00" level=error msg="failed to get event" error="rpc error: code = Unavailable desc = transport is closing" module=libcontainerd namespace=moby
Nov 16 11:53:27 ubuntu dockerd[28964]: time="2025-11-16T11:53:27.605054024-08:00" level=error msg="failed to get event" error="rpc error: code = Unavailable desc = transport is closing" module=libcontainerd namespace=moby
Nov 16 11:53:27 ubuntu dockerd[28964]: time="2025-11-16T11:53:27.605067947-08:00" level=error msg="failed to get event" error="rpc error: code = Unavailable desc = transport is closing" module=libcontainerd namespace=moby
Nov 16 11:53:27 ubuntu dockerd[28964]: time="2025-11-16T11:53:27.605086895-08:00" level=error msg="failed to get event" error="rpc error: code = Unavailable desc = transport is closing" module=libcontainerd namespace=moby
Nov 16 11:53:27 ubuntu dockerd[28964]: time="2025-11-16T11:53:27.605101522-08:00" level=error msg="failed to get event" error="rpc error: code = Unavailable desc = transport is closing" module=libcontainerd namespace=moby
Nov 16 11:53:27 ubuntu dockerd[28964]: time="2025-11-16T11:53:27.605121243-08:00" level=error msg="failed to get event" error="rpc error: code = Unavailable desc = transport is closing" module=libcontainerd namespace=moby
Nov 16 11:53:27 ubuntu dockerd[28964]: time="2025-11-16T11:53:27.605136123-08:00" level=error msg="failed to get event" error="rpc error: code = Unavailable desc = transport is closing" module=libcontainerd namespace=moby
Nov 16 11:53:27 ubuntu dockerd[28964]: time="2025-11-16T11:53:27.605152175-08:00" level=error msg="failed to get event" error="rpc error: code = Unavailable desc = transport is closing" module=libcontainerd namespace=moby
Nov 16 11:53:27 ubuntu dockerd[28964]: time="2025-11-16T11:53:27.605163373-08:00" level=error msg="failed to get event" error="rpc error: code = Unavailable desc = transport is closing" module=libcontainerd namespace=moby
Nov 16 11:53:27 ubuntu dockerd[28964]: time="2025-11-16T11:53:27.605175101-08:00" level=error msg="failed to get event" error="rpc error: code = Unavailable desc = transport is closing" module=libcontainerd namespace=moby
Nov 16 11:53:27 ubuntu dockerd[28964]: time="2025-11-16T11:53:27.605190533-08:00" level=error msg="failed to get event" error="rpc error: code = Unavailable desc = transport is closing" module=libcontainerd namespace=moby
Nov 16 11:53:27 ubuntu dockerd[28964]: time="2025-11-16T11:53:27.605210655-08:00" level=error msg="failed to get event" error="rpc error: code = Unavailable desc = transport is closing" module=libcontainerd namespace=moby
Nov 16 11:53:27 ubuntu dockerd[28964]: time="2025-11-16T11:53:27.605234886-08:00" level=error msg="failed to get event" error="rpc error: code = Unavailable desc = transport is closing" module=libcontainerd namespace=moby
Nov 16 11:53:27 ubuntu dockerd[28964]: time="2025-11-16T11:53:27.605249831-08:00" level=error msg="failed to get event" error="rpc error: code = Unavailable desc = transport is closing" module=libcontainerd namespace=moby
Nov 16 11:53:27 ubuntu dockerd[28964]: time="2025-11-16T11:53:27.605264395-08:00" level=error msg="failed to get event" error="rpc error: code = Unavailable desc = transport is closing" module=libcontainerd namespace=moby
Nov 16 11:53:27 ubuntu dockerd[28964]: time="2025-11-16T11:53:27.605285538-08:00" level=error msg="failed to get event" error="rpc error: code = Unavailable desc = transport is closing" module=libcontainerd namespace=moby
Nov 16 11:53:27 ubuntu dockerd[28964]: time="2025-11-16T11:53:27.605301770-08:00" level=error msg="failed to get event" error="rpc error: code = Unavailable desc = transport is closing" module=libcontainerd namespace=moby
Nov 16 11:53:27 ubuntu dockerd[28964]: time="2025-11-16T11:53:27.605313689-08:00" level=error msg="failed to get event" error="rpc error: code = Unavailable desc = transport is closing" module=libcontainerd namespace=moby
Nov 16 11:53:27 ubuntu dockerd[28964]: time="2025-11-16T11:53:27.605325605-08:00" level=error msg="failed to get event" error="rpc error: code = Unavailable desc = transport is closing" module=libcontainerd namespace=moby
Nov 16 11:53:27 ubuntu dockerd[28964]: time="2025-11-16T11:53:27.605339275-08:00" level=error msg="failed to get event" error="rpc error: code = Unavailable desc = transport is closing" module=libcontainerd namespace=moby
Nov 16 11:53:27 ubuntu dockerd[28964]: time="2025-11-16T11:53:27.605402158-08:00" level=error msg="failed to get event" error="rpc error: code = Unavailable desc = transport is closing" module=libcontainerd namespace=moby
Nov 16 11:53:27 ubuntu dockerd[28964]: time="2025-11-16T11:53:27.605418164-08:00" level=error msg="failed to get event" error="rpc error: code = Unavailable desc = transport is closing" module=libcontainerd namespace=moby
Nov 16 11:53:27 ubuntu dockerd[28964]: time="2025-11-16T11:53:27.605435705-08:00" level=error msg="failed to get event" error="rpc error: code = Unavailable desc = transport is closing" module=libcontainerd namespace=moby
Nov 16 11:53:27 ubuntu dockerd[28964]: time="2025-11-16T11:53:27.605455213-08:00" level=error msg="failed to get event" error="rpc error: code = Unavailable desc = transport is closing" module=libcontainerd namespace=moby
Nov 16 11:53:27 ubuntu dockerd[28964]: time="2025-11-16T11:53:27.605471408-08:00" level=error msg="failed to get event" error="rpc error: code = Unavailable desc = transport is closing" module=libcontainerd namespace=moby
Nov 16 11:53:27 ubuntu dockerd[28964]: time="2025-11-16T11:53:27.605485648-08:00" level=error msg="failed to get event" error="rpc error: code = Unavailable desc = transport is closing" module=libcontainerd namespace=moby
Nov 16 11:53:27 ubuntu dockerd[28964]: time="2025-11-16T11:53:27.605507796-08:00" level=error msg="failed to get event" error="rpc error: code = Unavailable desc = transport is closing" module=libcontainerd namespace=moby
Nov 16 11:53:27 ubuntu dockerd[28964]: time="2025-11-16T11:53:27.605522210-08:00" level=error msg="failed to get event" error="rpc error: code = Unavailable desc = transport is closing" module=libcontainerd namespace=moby
Nov 16 11:53:27 ubuntu dockerd[28964]: time="2025-11-16T11:53:27.605542925-08:00" level=error msg="failed to get event" error="rpc error: code = Unavailable desc = transport is closing" module=libcontainerd namespace=moby
Nov 16 11:53:27 ubuntu dockerd[28964]: time="2025-11-16T11:53:27.605559507-08:00" level=error msg="failed to get event" error="rpc error: code = Unavailable desc = transport is closing" module=libcontainerd namespace=moby
Nov 16 11:53:27 ubuntu dockerd[28964]: time="2025-11-16T11:53:27.605572404-08:00" level=error msg="failed to get event" error="rpc error: code = Unavailable desc = transport is closing" module=libcontainerd namespace=moby
Nov 16 11:53:27 ubuntu dockerd[28964]: time="2025-11-16T11:53:27.605585507-08:00" level=error msg="failed to get event" error="rpc error: code = Unavailable desc = transport is closing" module=libcontainerd namespace=moby
Nov 16 11:53:27 ubuntu dockerd[28964]: time="2025-11-16T11:53:27.605602854-08:00" level=error msg="failed to get event" error="rpc error: code = Unavailable desc = transport is closing" module=libcontainerd namespace=moby
Nov 16 11:53:27 ubuntu dockerd[28964]: time="2025-11-16T11:53:27.605617522-08:00" level=error msg="failed to get event" error="rpc error: code = Unavailable desc = transport is closing" module=libcontainerd namespace=moby
Nov 16 11:53:27 ubuntu dockerd[28964]: time="2025-11-16T11:53:27.605632605-08:00" level=error msg="failed to get event" error="rpc error: code = Unavailable desc = transport is closing" module=libcontainerd namespace=moby
Nov 16 11:53:27 ubuntu dockerd[28964]: time="2025-11-16T11:53:27.605651555-08:00" level=error msg="failed to get event" error="rpc error: code = Unavailable desc = transport is closing" module=libcontainerd namespace=moby
Nov 16 11:53:27 ubuntu dockerd[28964]: time="2025-11-16T11:53:27.605669325-08:00" level=error msg="failed to get event" error="rpc error: code = Unavailable desc = transport is closing" module=libcontainerd namespace=moby
Nov 16 11:53:27 ubuntu dockerd[28964]: time="2025-11-16T11:53:27.605704223-08:00" level=error msg="failed to get event" error="rpc error: code = Unavailable desc = transport is closing" module=libcontainerd namespace=moby
Nov 16 11:53:27 ubuntu dockerd[28964]: time="2025-11-16T11:53:27.605721751-08:00" level=error msg="failed to get event" error="rpc error: code = Unavailable desc = transport is closing" module=libcontainerd namespace=moby
Nov 16 11:53:27 ubuntu dockerd[28964]: time="2025-11-16T11:53:27.605744016-08:00" level=error msg="failed to get event" error="rpc error: code = Unavailable desc = transport is closing" module=libcontainerd namespace=moby
Nov 16 11:53:27 ubuntu dockerd[28964]: time="2025-11-16T11:53:27.605766277-08:00" level=error msg="failed to get event" error="rpc error: code = Unavailable desc = transport is closing" module=libcontainerd namespace=moby
Nov 16 11:53:27 ubuntu dockerd[28964]: time="2025-11-16T11:53:27.605784775-08:00" level=error msg="failed to get event" error="rpc error: code = Unavailable desc = transport is closing" module=libcontainerd namespace=moby
Nov 16 11:53:27 ubuntu dockerd[28964]: time="2025-11-16T11:53:27.605801375-08:00" level=error msg="failed to get event" error="rpc error: code = Unavailable desc = transport is closing" module=libcontainerd namespace=moby
Nov 16 11:53:27 ubuntu dockerd[28964]: time="2025-11-16T11:53:27.605817686-08:00" level=error msg="failed to get event" error="rpc error: code = Unavailable desc = transport is closing" module=libcontainerd namespace=moby
Nov 16 11:53:27 ubuntu dockerd[28964]: time="2025-11-16T11:53:27.605831407-08:00" level=error msg="failed to get event" error="rpc error: code = Unavailable desc = transport is closing" module=libcontainerd namespace=moby
Nov 16 11:53:27 ubuntu dockerd[28964]: time="2025-11-16T11:53:27.605849090-08:00" level=error msg="failed to get event" error="rpc error: code = Unavailable desc = transport is closing" module=libcontainerd namespace=moby
Nov 16 11:53:27 ubuntu dockerd[28964]: time="2025-11-16T11:53:27.605870885-08:00" level=error msg="failed to get event" error="rpc error: code = Unavailable desc = transport is closing" module=libcontainerd namespace=moby
Nov 16 11:53:27 ubuntu dockerd[28964]: time="2025-11-16T11:53:27.605890312-08:00" level=error msg="failed to get event" error="rpc error: code = Unavailable desc = transport is closing" module=libcontainerd namespace=moby
Nov 16 11:53:27 ubuntu dockerd[28964]: time="2025-11-16T11:53:27.605907683-08:00" level=error msg="failed to get event" error="rpc error: code = Unavailable desc = transport is closing" module=libcontainerd namespace=moby
Nov 16 11:53:27 ubuntu dockerd[28964]: time="2025-11-16T11:53:27.605941111-08:00" level=error msg="failed to get event" error="rpc error: code = Unavailable desc = transport is closing" module=libcontainerd namespace=moby
Nov 16 11:53:27 ubuntu dockerd[28964]: time="2025-11-16T11:53:27.605959712-08:00" level=error msg="failed to get event" error="rpc error: code = Unavailable desc = transport is closing" module=libcontainerd namespace=moby
Nov 16 11:53:27 ubuntu dockerd[28964]: time="2025-11-16T11:53:27.605974473-08:00" level=error msg="failed to get event" error="rpc error: code = Unavailable desc = transport is closing" module=libcontainerd namespace=moby
Nov 16 11:53:27 ubuntu dockerd[28964]: time="2025-11-16T11:53:27.605985977-08:00" level=error msg="failed to get event" error="rpc error: code = Unavailable desc = transport is closing" module=libcontainerd namespace=moby
Nov 16 11:53:27 ubuntu dockerd[28964]: time="2025-11-16T11:53:27.605997391-08:00" level=error msg="failed to get event" error="rpc error: code = Unavailable desc = transport is closing" module=libcontainerd namespace=moby
Nov 16 11:53:27 ubuntu dockerd[28964]: time="2025-11-16T11:53:27.606020709-08:00" level=error msg="failed to get event" error="rpc error: code = Unavailable desc = transport is closing" module=libcontainerd namespace=moby
Nov 16 11:53:27 ubuntu dockerd[28964]: time="2025-11-16T11:53:27.606036825-08:00" level=error msg="failed to get event" error="rpc error: code = Unavailable desc = transport is closing" module=libcontainerd namespace=moby
Nov 16 11:53:27 ubuntu dockerd[28964]: time="2025-11-16T11:53:27.606051677-08:00" level=error msg="failed to get event" error="rpc error: code = Unavailable desc = transport is closing" module=libcontainerd namespace=moby
Nov 16 11:53:27 ubuntu dockerd[28964]: time="2025-11-16T11:53:27.606066034-08:00" level=error msg="failed to get event" error="rpc error: code = Unavailable desc = transport is closing" module=libcontainerd namespace=moby
Nov 16 11:53:27 ubuntu dockerd[28964]: time="2025-11-16T11:53:27.606085614-08:00" level=error msg="failed to get event" error="rpc error: code = Unavailable desc = transport is closing" module=libcontainerd namespace=moby
Nov 16 11:53:27 ubuntu dockerd[28964]: time="2025-11-16T11:53:27.606103852-08:00" level=error msg="failed to get event" error="rpc error: code = Unavailable desc = transport is closing" module=libcontainerd namespace=moby
Nov 16 11:53:27 ubuntu dockerd[28964]: time="2025-11-16T11:53:27.606115636-08:00" level=error msg="failed to get event" error="rpc error: code = Unavailable desc = transport is closing" module=libcontainerd namespace=moby
Nov 16 11:53:27 ubuntu dockerd[28964]: time="2025-11-16T11:53:27.606129761-08:00" level=error msg="failed to get event" error="rpc error: code = Unavailable desc = transport is closing" module=libcontainerd namespace=moby
Nov 16 11:53:27 ubuntu dockerd[28964]: time="2025-11-16T11:53:27.606150870-08:00" level=error msg="failed to get event" error="rpc error: code = Unavailable desc = transport is closing" module=libcontainerd namespace=moby
Nov 16 11:53:27 ubuntu dockerd[28964]: time="2025-11-16T11:53:27.606166694-08:00" level=error msg="failed to get event" error="rpc error: code = Unavailable desc = transport is closing" module=libcontainerd namespace=moby
Nov 16 11:53:27 ubuntu dockerd[28964]: time="2025-11-16T11:53:27.606182944-08:00" level=error msg="failed to get event" error="rpc error: code = Unavailable desc = transport is closing" module=libcontainerd namespace=moby
Nov 16 11:53:27 ubuntu dockerd[28964]: time="2025-11-16T11:53:27.606194869-08:00" level=error msg="failed to get event" error="rpc error: code = Unavailable desc = transport is closing" module=libcontainerd namespace=moby
Nov 16 11:53:27 ubuntu dockerd[28964]: time="2025-11-16T11:53:27.606212714-08:00" level=error msg="failed to get event" error="rpc error: code = Unavailable desc = transport is closing" module=libcontainerd namespace=moby
Nov 16 11:53:27 ubuntu dockerd[28964]: time="2025-11-16T11:53:27.606225006-08:00" level=error msg="failed to get event" error="rpc error: code = Unavailable desc = transport is closing" module=libcontainerd namespace=moby
Nov 16 11:53:27 ubuntu dockerd[28964]: time="2025-11-16T11:53:27.606262279-08:00" level=error msg="failed to get event" error="rpc error: code = Unavailable desc = transport is closing" module=libcontainerd namespace=moby
Nov 16 11:53:27 ubuntu dockerd[28964]: time="2025-11-16T11:53:27.606282153-08:00" level=error msg="failed to get event" error="rpc error: code = Unavailable desc = transport is closing" module=libcontainerd namespace=moby
Nov 16 11:53:27 ubuntu dockerd[28964]: time="2025-11-16T11:53:27.606295691-08:00" level=error msg="failed to get event" error="rpc error: code = Unavailable desc = transport is closing" module=libcontainerd namespace=moby
Nov 16 11:53:27 ubuntu dockerd[28964]: time="2025-11-16T11:53:27.606316712-08:00" level=error msg="failed to get event" error="rpc error: code = Unavailable desc = transport is closing" module=libcontainerd namespace=moby
Nov 16 11:53:27 ubuntu dockerd[28964]: time="2025-11-16T11:53:27.606330469-08:00" level=error msg="failed to get event" error="rpc error: code = Unavailable desc = transport is closing" module=libcontainerd namespace=moby
Nov 16 11:53:27 ubuntu dockerd[28964]: time="2025-11-16T11:53:27.606345396-08:00" level=error msg="failed to get event" error="rpc error: code = Unavailable desc = transport is closing" module=libcontainerd namespace=moby
Nov 16 11:53:27 ubuntu dockerd[28964]: time="2025-11-16T11:53:27.606359601-08:00" level=error msg="failed to get event" error="rpc error: code = Unavailable desc = transport is closing" module=libcontainerd namespace=moby
Nov 16 11:53:27 ubuntu dockerd[28964]: time="2025-11-16T11:53:27.606375749-08:00" level=error msg="failed to get event" error="rpc error: code = Unavailable desc = transport is closing" module=libcontainerd namespace=moby
Nov 16 11:53:27 ubuntu dockerd[28964]: time="2025-11-16T11:53:27.606389977-08:00" level=error msg="failed to get event" error="rpc error: code = Unavailable desc = transport is closing" module=libcontainerd namespace=moby
Nov 16 11:53:27 ubuntu dockerd[28964]: time="2025-11-16T11:53:27.606401775-08:00" level=error msg="failed to get event" error="rpc error: code = Unavailable desc = transport is closing" module=libcontainerd namespace=moby
Nov 16 11:53:27 ubuntu dockerd[28964]: time="2025-11-16T11:53:27.606415632-08:00" level=error msg="failed to get event" error="rpc error: code = Unavailable desc = transport is closing" module=libcontainerd namespace=moby
Nov 16 11:53:27 ubuntu dockerd[28964]: time="2025-11-16T11:53:27.606432878-08:00" level=error msg="failed to get event" error="rpc error: code = Unavailable desc = transport is closing" module=libcontainerd namespace=moby
Nov 16 11:53:27 ubuntu dockerd[28964]: time="2025-11-16T11:53:27.606451853-08:00" level=error msg="failed to get event" error="rpc error: code = Unavailable desc = transport is closing" module=libcontainerd namespace=moby
Nov 16 11:53:27 ubuntu dockerd[28964]: time="2025-11-16T11:53:27.606468638-08:00" level=error msg="failed to get event" error="rpc error: code = Unavailable desc = transport is closing" module=libcontainerd namespace=moby
Nov 16 11:53:27 ubuntu dockerd[28964]: time="2025-11-16T11:53:27.606488956-08:00" level=error msg="failed to get event" error="rpc error: code = Unavailable desc = transport is closing" module=libcontainerd namespace=moby
Nov 16 11:53:27 ubuntu dockerd[28964]: time="2025-11-16T11:53:27.606508892-08:00" level=error msg="failed to get event" error="rpc error: code = Unavailable desc = transport is closing" module=libcontainerd namespace=moby
Nov 16 11:53:27 ubuntu dockerd[28964]: time="2025-11-16T11:53:27.606525408-08:00" level=error msg="failed to get event" error="rpc error: code = Unavailable desc = transport is closing" module=libcontainerd namespace=moby
Nov 16 11:53:27 ubuntu dockerd[28964]: time="2025-11-16T11:53:27.606541522-08:00" level=error msg="failed to get event" error="rpc error: code = Unavailable desc = transport is closing" module=libcontainerd namespace=moby
Nov 16 11:53:27 ubuntu dockerd[28964]: time="2025-11-16T11:53:27.606558073-08:00" level=error msg="failed to get event" error="rpc error: code = Unavailable desc = transport is closing" module=libcontainerd namespace=moby
Nov 16 11:53:27 ubuntu dockerd[28964]: time="2025-11-16T11:53:27.606572539-08:00" level=error msg="failed to get event" error="rpc error: code = Unavailable desc = transport is closing" module=libcontainerd namespace=moby
Nov 16 11:53:27 ubuntu dockerd[28964]: time="2025-11-16T11:53:27.606591282-08:00" level=error msg="failed to get event" error="rpc error: code = Unavailable desc = transport is closing" module=libcontainerd namespace=moby
Nov 16 11:53:27 ubuntu dockerd[28964]: time="2025-11-16T11:53:27.606608657-08:00" level=error msg="failed to get event" error="rpc error: code = Unavailable desc = transport is closing" module=libcontainerd namespace=moby
Nov 16 11:53:27 ubuntu dockerd[28964]: time="2025-11-16T11:53:27.606628852-08:00" level=error msg="failed to get event" error="rpc error: code = Unavailable desc = transport is closing" module=libcontainerd namespace=moby
Nov 16 11:53:27 ubuntu dockerd[28964]: time="2025-11-16T11:53:27.606641309-08:00" level=error msg="failed to get event" error="rpc error: code = Unavailable desc = transport is closing" module=libcontainerd namespace=moby
Nov 16 11:53:27 ubuntu dockerd[28964]: time="2025-11-16T11:53:27.606664872-08:00" level=error msg="failed to get event" error="rpc error: code = Unavailable desc = transport is closing" module=libcontainerd namespace=moby
Nov 16 11:53:27 ubuntu dockerd[28964]: time="2025-11-16T11:53:27.606680714-08:00" level=error msg="failed to get event" error="rpc error: code = Unavailable desc = transport is closing" module=libcontainerd namespace=moby
Nov 16 11:53:27 ubuntu dockerd[28964]: time="2025-11-16T11:53:27.606695141-08:00" level=error msg="failed to get event" error="rpc error: code = Unavailable desc = transport is closing" module=libcontainerd namespace=moby
Nov 16 11:53:27 ubuntu dockerd[28964]: time="2025-11-16T11:53:27.606709086-08:00" level=error msg="failed to get event" error="rpc error: code = Unavailable desc = transport is closing" module=libcontainerd namespace=moby
Nov 16 11:53:27 ubuntu dockerd[28964]: time="2025-11-16T11:53:27.606734023-08:00" level=error msg="failed to get event" error="rpc error: code = Unavailable desc = transport is closing" module=libcontainerd namespace=moby
Nov 16 11:53:27 ubuntu dockerd[28964]: time="2025-11-16T11:53:27.606751533-08:00" level=error msg="failed to get event" error="rpc error: code = Unavailable desc = transport is closing" module=libcontainerd namespace=moby
Nov 16 11:53:27 ubuntu dockerd[28964]: time="2025-11-16T11:53:27.606763504-08:00" level=error msg="failed to get event" error="rpc error: code = Unavailable desc = transport is closing" module=libcontainerd namespace=moby
Nov 16 11:53:27 ubuntu dockerd[28964]: time="2025-11-16T11:53:27.606780167-08:00" level=error msg="failed to get event" error="rpc error: code = Unavailable desc = transport is closing" module=libcontainerd namespace=moby
Nov 16 11:53:27 ubuntu dockerd[28964]: time="2025-11-16T11:53:27.606809661-08:00" level=error msg="failed to get event" error="rpc error: code = Unavailable desc = transport is closing" module=libcontainerd namespace=moby
Nov 16 11:53:27 ubuntu dockerd[28964]: time="2025-11-16T11:53:27.606838339-08:00" level=error msg="failed to get event" error="rpc error: code = Unavailable desc = transport is closing" module=libcontainerd namespace=moby
Nov 16 11:53:27 ubuntu dockerd[28964]: time="2025-11-16T11:53:27.606850711-08:00" level=error msg="failed to get event" error="rpc error: code = Unavailable desc = transport is closing" module=libcontainerd namespace=moby
Nov 16 11:53:27 ubuntu dockerd[28964]: time="2025-11-16T11:53:27.606864689-08:00" level=error msg="failed to get event" error="rpc error: code = Unavailable desc = transport is closing" module=libcontainerd namespace=moby
Nov 16 11:53:27 ubuntu dockerd[28964]: time="2025-11-16T11:53:27.606885634-08:00" level=error msg="failed to get event" error="rpc error: code = Unavailable desc = transport is closing" module=libcontainerd namespace=moby
Nov 16 11:53:27 ubuntu dockerd[28964]: time="2025-11-16T11:53:27.606906592-08:00" level=error msg="failed to get event" error="rpc error: code = Unavailable desc = transport is closing" module=libcontainerd namespace=moby
Nov 16 11:53:27 ubuntu dockerd[28964]: time="2025-11-16T11:53:27.606926434-08:00" level=error msg="failed to get event" error="rpc error: code = Unavailable desc = transport is closing" module=libcontainerd namespace=moby
Nov 16 11:53:27 ubuntu dockerd[28964]: time="2025-11-16T11:53:27.606942196-08:00" level=error msg="failed to get event" error="rpc error: code = Unavailable desc = transport is closing" module=libcontainerd namespace=moby
Nov 16 11:53:27 ubuntu dockerd[28964]: time="2025-11-16T11:53:27.606956617-08:00" level=error msg="failed to get event" error="rpc error: code = Unavailable desc = transport is closing" module=libcontainerd namespace=moby
Nov 16 11:53:27 ubuntu dockerd[28964]: time="2025-11-16T11:53:27.606972543-08:00" level=error msg="failed to get event" error="rpc error: code = Unavailable desc = transport is closing" module=libcontainerd namespace=moby
Nov 16 11:53:27 ubuntu dockerd[28964]: time="2025-11-16T11:53:27.606990853-08:00" level=error msg="failed to get event" error="rpc error: code = Unavailable desc = transport is closing" module=libcontainerd namespace=moby
Nov 16 11:53:27 ubuntu dockerd[28964]: time="2025-11-16T11:53:27.607008904-08:00" level=error msg="failed to get event" error="rpc error: code = Unavailable desc = transport is closing" module=libcontainerd namespace=moby
Nov 16 11:53:27 ubuntu dockerd[28964]: time="2025-11-16T11:53:27.607022827-08:00" level=error msg="failed to get event" error="rpc error: code = Unavailable desc = transport is closing" module=libcontainerd namespace=moby
Nov 16 11:53:27 ubuntu dockerd[28964]: time="2025-11-16T11:53:27.607043473-08:00" level=error msg="failed to get event" error="rpc error: code = Unavailable desc = transport is closing" module=libcontainerd namespace=moby
Nov 16 11:53:27 ubuntu dockerd[28964]: time="2025-11-16T11:53:27.607059856-08:00" level=error msg="failed to get event" error="rpc error: code = Unavailable desc = transport is closing" module=libcontainerd namespace=moby
Nov 16 11:53:27 ubuntu dockerd[28964]: time="2025-11-16T11:53:27.607078352-08:00" level=error msg="failed to get event" error="rpc error: code = Unavailable desc = transport is closing" module=libcontainerd namespace=moby
Nov 16 11:53:27 ubuntu dockerd[28964]: time="2025-11-16T11:53:27.607093512-08:00" level=error msg="failed to get event" error="rpc error: code = Unavailable desc = transport is closing" module=libcontainerd namespace=moby
Nov 16 11:53:27 ubuntu dockerd[28964]: time="2025-11-16T11:53:27.607112873-08:00" level=error msg="failed to get event" error="rpc error: code = Unavailable desc = transport is closing" module=libcontainerd namespace=moby
Nov 16 11:53:27 ubuntu dockerd[28964]: time="2025-11-16T11:53:27.607131345-08:00" level=error msg="failed to get event" error="rpc error: code = Unavailable desc = transport is closing" module=libcontainerd namespace=moby
Nov 16 11:53:27 ubuntu dockerd[28964]: time="2025-11-16T11:53:27.607145461-08:00" level=error msg="failed to get event" error="rpc error: code = Unavailable desc = transport is closing" module=libcontainerd namespace=moby
Nov 16 11:53:27 ubuntu dockerd[28964]: time="2025-11-16T11:53:27.607159455-08:00" level=error msg="failed to get event" error="rpc error: code = Unavailable desc = transport is closing" module=libcontainerd namespace=moby
Nov 16 11:53:27 ubuntu dockerd[28964]: time="2025-11-16T11:53:27.607174925-08:00" level=error msg="failed to get event" error="rpc error: code = Unavailable desc = transport is closing" module=libcontainerd namespace=moby
Nov 16 11:53:27 ubuntu dockerd[28964]: time="2025-11-16T11:53:27.607198222-08:00" level=error msg="failed to get event" error="rpc error: code = Unavailable desc = transport is closing" module=libcontainerd namespace=moby
Nov 16 11:53:27 ubuntu dockerd[28964]: time="2025-11-16T11:53:27.607217185-08:00" level=error msg="failed to get event" error="rpc error: code = Unavailable desc = transport is closing" module=libcontainerd namespace=moby
Nov 16 11:53:27 ubuntu dockerd[28964]: time="2025-11-16T11:53:27.607238850-08:00" level=error msg="failed to get event" error="rpc error: code = Unavailable desc = transport is closing" module=libcontainerd namespace=moby
Nov 16 11:53:27 ubuntu dockerd[28964]: time="2025-11-16T11:53:27.607254935-08:00" level=error msg="failed to get event" error="rpc error: code = Unavailable desc = transport is closing" module=libcontainerd namespace=moby
Nov 16 11:53:27 ubuntu dockerd[28964]: time="2025-11-16T11:53:27.607270315-08:00" level=error msg="failed to get event" error="rpc error: code = Unavailable desc = transport is closing" module=libcontainerd namespace=moby
Nov 16 11:53:27 ubuntu dockerd[28964]: time="2025-11-16T11:53:27.607286119-08:00" level=error msg="failed to get event" error="rpc error: code = Unavailable desc = transport is closing" module=libcontainerd namespace=moby
Nov 16 11:53:27 ubuntu dockerd[28964]: time="2025-11-16T11:53:27.607302423-08:00" level=error msg="failed to get event" error="rpc error: code = Unavailable desc = transport is closing" module=libcontainerd namespace=moby
Nov 16 11:53:27 ubuntu dockerd[28964]: time="2025-11-16T11:53:27.607315186-08:00" level=error msg="failed to get event" error="rpc error: code = Unavailable desc = transport is closing" module=libcontainerd namespace=moby
Nov 16 11:53:27 ubuntu dockerd[28964]: time="2025-11-16T11:53:27.607331483-08:00" level=error msg="failed to get event" error="rpc error: code = Unavailable desc = transport is closing" module=libcontainerd namespace=moby
Nov 16 11:53:27 ubuntu dockerd[28964]: time="2025-11-16T11:53:27.607349024-08:00" level=error msg="failed to get event" error="rpc error: code = Unavailable desc = transport is closing" module=libcontainerd namespace=moby
Nov 16 11:53:27 ubuntu dockerd[28964]: time="2025-11-16T11:53:27.607362758-08:00" level=error msg="failed to get event" error="rpc error: code = Unavailable desc = transport is closing" module=libcontainerd namespace=moby
Nov 16 11:53:27 ubuntu dockerd[28964]: time="2025-11-16T11:53:27.607374700-08:00" level=error msg="failed to get event" error="rpc error: code = Unavailable desc = transport is closing" module=libcontainerd namespace=moby
Nov 16 11:53:27 ubuntu dockerd[28964]: time="2025-11-16T11:53:27.607390593-08:00" level=error msg="failed to get event" error="rpc error: code = Unavailable desc = transport is closing" module=libcontainerd namespace=moby
Nov 16 11:53:27 ubuntu dockerd[28964]: time="2025-11-16T11:53:27.607407213-08:00" level=error msg="failed to get event" error="rpc error: code = Unavailable desc = transport is closing" module=libcontainerd namespace=moby
Nov 16 11:53:27 ubuntu dockerd[28964]: time="2025-11-16T11:53:27.607421458-08:00" level=error msg="failed to get event" error="rpc error: code = Unavailable desc = transport is closing" module=libcontainerd namespace=moby
Nov 16 11:53:27 ubuntu dockerd[28964]: time="2025-11-16T11:53:27.607435023-08:00" level=error msg="failed to get event" error="rpc error: code = Unavailable desc = transport is closing" module=libcontainerd namespace=moby
Nov 16 11:53:27 ubuntu dockerd[28964]: time="2025-11-16T11:53:27.607461278-08:00" level=error msg="failed to get event" error="rpc error: code = Unavailable desc = transport is closing" module=libcontainerd namespace=moby
Nov 16 11:53:27 ubuntu dockerd[28964]: time="2025-11-16T11:53:27.607484642-08:00" level=error msg="failed to get event" error="rpc error: code = Unavailable desc = transport is closing" module=libcontainerd namespace=moby
Nov 16 11:53:27 ubuntu dockerd[28964]: time="2025-11-16T11:53:27.607500235-08:00" level=error msg="failed to get event" error="rpc error: code = Unavailable desc = transport is closing" module=libcontainerd namespace=moby
Nov 16 11:53:27 ubuntu dockerd[28964]: time="2025-11-16T11:53:27.607512446-08:00" level=error msg="failed to get event" error="rpc error: code = Unavailable desc = transport is closing" module=libcontainerd namespace=moby
Nov 16 11:53:27 ubuntu dockerd[28964]: time="2025-11-16T11:53:27.607529625-08:00" level=error msg="failed to get event" error="rpc error: code = Unavailable desc = transport is closing" module=libcontainerd namespace=moby
Nov 16 11:53:27 ubuntu dockerd[28964]: time="2025-11-16T11:53:27.607545868-08:00" level=error msg="failed to get event" error="rpc error: code = Unavailable desc = transport is closing" module=libcontainerd namespace=moby
Nov 16 11:53:27 ubuntu dockerd[28964]: time="2025-11-16T11:53:27.607562869-08:00" level=error msg="failed to get event" error="rpc error: code = Unavailable desc = transport is closing" module=libcontainerd namespace=moby
Nov 16 11:53:27 ubuntu dockerd[28964]: time="2025-11-16T11:53:27.607576284-08:00" level=error msg="failed to get event" error="rpc error: code = Unavailable desc = transport is closing" module=libcontainerd namespace=moby
Nov 16 11:53:27 ubuntu dockerd[28964]: time="2025-11-16T11:53:27.607592216-08:00" level=error msg="failed to get event" error="rpc error: code = Unavailable desc = transport is closing" module=libcontainerd namespace=moby
Nov 16 11:53:27 ubuntu dockerd[28964]: time="2025-11-16T11:53:27.607612784-08:00" level=error msg="failed to get event" error="rpc error: code = Unavailable desc = transport is closing" module=libcontainerd namespace=moby
Nov 16 11:53:27 ubuntu dockerd[28964]: time="2025-11-16T11:53:27.607629735-08:00" level=error msg="failed to get event" error="rpc error: code = Unavailable desc = transport is closing" module=libcontainerd namespace=moby
Nov 16 11:53:27 ubuntu dockerd[28964]: time="2025-11-16T11:53:27.607646919-08:00" level=error msg="failed to get event" error="rpc error: code = Unavailable desc = transport is closing" module=libcontainerd namespace=moby
Nov 16 11:53:27 ubuntu dockerd[28964]: time="2025-11-16T11:53:27.607667863-08:00" level=error msg="failed to get event" error="rpc error: code = Unavailable desc = transport is closing" module=libcontainerd namespace=moby
Nov 16 11:53:27 ubuntu dockerd[28964]: time="2025-11-16T11:53:27.607702347-08:00" level=error msg="failed to get event" error="rpc error: code = Unavailable desc = transport is closing" module=libcontainerd namespace=moby
Nov 16 11:53:27 ubuntu dockerd[28964]: time="2025-11-16T11:53:27.607721072-08:00" level=error msg="failed to get event" error="rpc error: code = Unavailable desc = transport is closing" module=libcontainerd namespace=moby
Nov 16 11:53:27 ubuntu dockerd[28964]: time="2025-11-16T11:53:27.607739765-08:00" level=error msg="failed to get event" error="rpc error: code = Unavailable desc = transport is closing" module=libcontainerd namespace=moby
Nov 16 11:53:27 ubuntu dockerd[28964]: time="2025-11-16T11:53:27.607756135-08:00" level=error msg="failed to get event" error="rpc error: code = Unavailable desc = transport is closing" module=libcontainerd namespace=moby
Nov 16 11:53:27 ubuntu dockerd[28964]: time="2025-11-16T11:53:27.607768841-08:00" level=error msg="failed to get event" error="rpc error: code = Unavailable desc = transport is closing" module=libcontainerd namespace=moby
Nov 16 11:53:27 ubuntu dockerd[28964]: time="2025-11-16T11:53:27.607787032-08:00" level=error msg="failed to get event" error="rpc error: code = Unavailable desc = transport is closing" module=libcontainerd namespace=moby
Nov 16 11:53:27 ubuntu dockerd[28964]: time="2025-11-16T11:53:27.607801463-08:00" level=error msg="failed to get event" error="rpc error: code = Unavailable desc = transport is closing" module=libcontainerd namespace=moby
Nov 16 11:53:27 ubuntu dockerd[28964]: time="2025-11-16T11:53:27.607813460-08:00" level=error msg="failed to get event" error="rpc error: code = Unavailable desc = transport is closing" module=libcontainerd namespace=moby
Nov 16 11:53:27 ubuntu dockerd[28964]: time="2025-11-16T11:53:27.607829080-08:00" level=error msg="failed to get event" error="rpc error: code = Unavailable desc = transport is closing" module=libcontainerd namespace=moby
Nov 16 11:53:27 ubuntu dockerd[28964]: time="2025-11-16T11:53:27.607845834-08:00" level=error msg="failed to get event" error="rpc error: code = Unavailable desc = transport is closing" module=libcontainerd namespace=moby
Nov 16 11:53:27 ubuntu dockerd[28964]: time="2025-11-16T11:53:27.607869272-08:00" level=error msg="failed to get event" error="rpc error: code = Unavailable desc = transport is closing" module=libcontainerd namespace=moby
Nov 16 11:53:27 ubuntu dockerd[28964]: time="2025-11-16T11:53:27.607884657-08:00" level=error msg="failed to get event" error="rpc error: code = Unavailable desc = transport is closing" module=libcontainerd namespace=moby
Nov 16 11:53:27 ubuntu dockerd[28964]: time="2025-11-16T11:53:27.607899406-08:00" level=error msg="failed to get event" error="rpc error: code = Unavailable desc = transport is closing" module=libcontainerd namespace=moby
Nov 16 11:53:27 ubuntu dockerd[28964]: time="2025-11-16T11:53:27.607917322-08:00" level=error msg="failed to get event" error="rpc error: code = Unavailable desc = transport is closing" module=libcontainerd namespace=moby
Nov 16 11:53:27 ubuntu dockerd[28964]: time="2025-11-16T11:53:27.607948381-08:00" level=error msg="failed to get event" error="rpc error: code = Unavailable desc = transport is closing" module=libcontainerd namespace=moby
Nov 16 11:53:27 ubuntu dockerd[28964]: time="2025-11-16T11:53:27.607965041-08:00" level=error msg="failed to get event" error="rpc error: code = Unavailable desc = transport is closing" module=libcontainerd namespace=moby
Nov 16 11:53:27 ubuntu dockerd[28964]: time="2025-11-16T11:53:27.607982503-08:00" level=error msg="failed to get event" error="rpc error: code = Unavailable desc = transport is closing" module=libcontainerd namespace=moby
Nov 16 11:53:27 ubuntu dockerd[28964]: time="2025-11-16T11:53:27.608001457-08:00" level=error msg="failed to get event" error="rpc error: code = Unavailable desc = transport is closing" module=libcontainerd namespace=moby
Nov 16 11:53:27 ubuntu dockerd[28964]: time="2025-11-16T11:53:27.608014938-08:00" level=error msg="failed to get event" error="rpc error: code = Unavailable desc = transport is closing" module=libcontainerd namespace=moby
Nov 16 11:53:27 ubuntu dockerd[28964]: time="2025-11-16T11:53:27.608035830-08:00" level=error msg="failed to get event" error="rpc error: code = Unavailable desc = transport is closing" module=libcontainerd namespace=moby
Nov 16 11:53:27 ubuntu dockerd[28964]: time="2025-11-16T11:53:27.608050066-08:00" level=error msg="failed to get event" error="rpc error: code = Unavailable desc = transport is closing" module=libcontainerd namespace=moby
Nov 16 11:53:27 ubuntu dockerd[28964]: time="2025-11-16T11:53:27.608064275-08:00" level=error msg="failed to get event" error="rpc error: code = Unavailable desc = transport is closing" module=libcontainerd namespace=moby
Nov 16 11:53:27 ubuntu dockerd[28964]: time="2025-11-16T11:53:27.608087499-08:00" level=error msg="failed to get event" error="rpc error: code = Unavailable desc = transport is closing" module=libcontainerd namespace=moby
Nov 16 11:53:27 ubuntu dockerd[28964]: time="2025-11-16T11:53:27.608105882-08:00" level=error msg="failed to get event" error="rpc error: code = Unavailable desc = transport is closing" module=libcontainerd namespace=moby
Nov 16 11:53:27 ubuntu dockerd[28964]: time="2025-11-16T11:53:27.608121474-08:00" level=error msg="failed to get event" error="rpc error: code = Unavailable desc = transport is closing" module=libcontainerd namespace=moby
Nov 16 11:53:27 ubuntu dockerd[28964]: time="2025-11-16T11:53:27.608135311-08:00" level=error msg="failed to get event" error="rpc error: code = Unavailable desc = transport is closing" module=libcontainerd namespace=moby
Nov 16 11:53:27 ubuntu dockerd[28964]: time="2025-11-16T11:53:27.608150135-08:00" level=error msg="failed to get event" error="rpc error: code = Unavailable desc = transport is closing" module=libcontainerd namespace=moby
Nov 16 11:53:27 ubuntu dockerd[28964]: time="2025-11-16T11:53:27.608161969-08:00" level=error msg="failed to get event" error="rpc error: code = Unavailable desc = transport is closing" module=libcontainerd namespace=moby
Nov 16 11:53:27 ubuntu dockerd[28964]: time="2025-11-16T11:53:27.608173663-08:00" level=error msg="failed to get event" error="rpc error: code = Unavailable desc = transport is closing" module=libcontainerd namespace=moby
Nov 16 11:53:27 ubuntu dockerd[28964]: time="2025-11-16T11:53:27.608189856-08:00" level=error msg="failed to get event" error="rpc error: code = Unavailable desc = transport is closing" module=libcontainerd namespace=moby
Nov 16 11:53:27 ubuntu dockerd[28964]: time="2025-11-16T11:53:27.608210030-08:00" level=error msg="failed to get event" error="rpc error: code = Unavailable desc = transport is closing" module=libcontainerd namespace=moby
Nov 16 11:53:27 ubuntu dockerd[28964]: time="2025-11-16T11:53:27.608225880-08:00" level=error msg="failed to get event" error="rpc error: code = Unavailable desc = transport is closing" module=libcontainerd namespace=moby
Nov 16 11:53:27 ubuntu dockerd[28964]: time="2025-11-16T11:53:27.608238501-08:00" level=error msg="failed to get event" error="rpc error: code = Unavailable desc = transport is closing" module=libcontainerd namespace=moby
Nov 16 11:53:27 ubuntu dockerd[28964]: time="2025-11-16T11:53:27.608261146-08:00" level=error msg="failed to get event" error="rpc error: code = Unavailable desc = transport is closing" module=libcontainerd namespace=moby
Nov 16 11:53:27 ubuntu dockerd[28964]: time="2025-11-16T11:53:27.608277748-08:00" level=error msg="failed to get event" error="rpc error: code = Unavailable desc = transport is closing" module=libcontainerd namespace=moby
Nov 16 11:53:27 ubuntu dockerd[28964]: time="2025-11-16T11:53:27.608293409-08:00" level=error msg="failed to get event" error="rpc error: code = Unavailable desc = transport is closing" module=libcontainerd namespace=moby
Nov 16 11:53:27 ubuntu dockerd[28964]: time="2025-11-16T11:53:27.608308866-08:00" level=error msg="failed to get event" error="rpc error: code = Unavailable desc = transport is closing" module=libcontainerd namespace=moby
Nov 16 11:53:27 ubuntu dockerd[28964]: time="2025-11-16T11:53:27.608322391-08:00" level=error msg="failed to get event" error="rpc error: code = Unavailable desc = transport is closing" module=libcontainerd namespace=moby
Nov 16 11:53:27 ubuntu dockerd[28964]: time="2025-11-16T11:53:27.608335559-08:00" level=error msg="failed to get event" error="rpc error: code = Unavailable desc = transport is closing" module=libcontainerd namespace=moby
Nov 16 11:53:27 ubuntu dockerd[28964]: time="2025-11-16T11:53:27.608354753-08:00" level=error msg="failed to get event" error="rpc error: code = Unavailable desc = transport is closing" module=libcontainerd namespace=moby
Nov 16 11:53:27 ubuntu dockerd[28964]: time="2025-11-16T11:53:27.608372481-08:00" level=error msg="failed to get event" error="rpc error: code = Unavailable desc = transport is closing" module=libcontainerd namespace=moby
Nov 16 11:53:27 ubuntu dockerd[28964]: time="2025-11-16T11:53:27.608384811-08:00" level=error msg="failed to get event" error="rpc error: code = Unavailable desc = transport is closing" module=libcontainerd namespace=moby
Nov 16 11:53:27 ubuntu dockerd[28964]: time="2025-11-16T11:53:27.608399721-08:00" level=error msg="failed to get event" error="rpc error: code = Unavailable desc = transport is closing" module=libcontainerd namespace=moby
Nov 16 11:53:27 ubuntu dockerd[28964]: time="2025-11-16T11:53:27.608416566-08:00" level=error msg="failed to get event" error="rpc error: code = Unavailable desc = transport is closing" module=libcontainerd namespace=moby
Nov 16 11:53:27 ubuntu dockerd[28964]: time="2025-11-16T11:53:27.608434793-08:00" level=error msg="failed to get event" error="rpc error: code = Unavailable desc = transport is closing" module=libcontainerd namespace=moby
Nov 16 11:53:27 ubuntu dockerd[28964]: time="2025-11-16T11:53:27.608452040-08:00" level=error msg="failed to get event" error="rpc error: code = Unavailable desc = transport is closing" module=libcontainerd namespace=moby
Nov 16 11:53:27 ubuntu dockerd[28964]: time="2025-11-16T11:53:27.608466508-08:00" level=error msg="failed to get event" error="rpc error: code = Unavailable desc = transport is closing" module=libcontainerd namespace=moby
Nov 16 11:53:27 ubuntu dockerd[28964]: time="2025-11-16T11:53:27.608486493-08:00" level=error msg="failed to get event" error="rpc error: code = Unavailable desc = transport is closing" module=libcontainerd namespace=moby
Nov 16 11:53:27 ubuntu dockerd[28964]: time="2025-11-16T11:53:27.608502224-08:00" level=error msg="failed to get event" error="rpc error: code = Unavailable desc = transport is closing" module=libcontainerd namespace=moby
Nov 16 11:53:27 ubuntu dockerd[28964]: time="2025-11-16T11:53:27.608515790-08:00" level=error msg="failed to get event" error="rpc error: code = Unavailable desc = transport is closing" module=libcontainerd namespace=moby
Nov 16 11:53:27 ubuntu dockerd[28964]: time="2025-11-16T11:53:27.608531340-08:00" level=error msg="failed to get event" error="rpc error: code = Unavailable desc = transport is closing" module=libcontainerd namespace=moby
Nov 16 11:53:27 ubuntu dockerd[28964]: time="2025-11-16T11:53:27.608570033-08:00" level=error msg="failed to get event" error="rpc error: code = Unavailable desc = transport is closing" module=libcontainerd namespace=moby
Nov 16 11:53:27 ubuntu dockerd[28964]: time="2025-11-16T11:53:27.608583712-08:00" level=error msg="failed to get event" error="rpc error: code = Unavailable desc = transport is closing" module=libcontainerd namespace=moby
Nov 16 11:53:27 ubuntu dockerd[28964]: time="2025-11-16T11:53:27.608596988-08:00" level=error msg="failed to get event" error="rpc error: code = Unavailable desc = transport is closing" module=libcontainerd namespace=moby
Nov 16 11:53:27 ubuntu dockerd[28964]: time="2025-11-16T11:53:27.608609854-08:00" level=error msg="failed to get event" error="rpc error: code = Unavailable desc = transport is closing" module=libcontainerd namespace=moby
Nov 16 11:53:27 ubuntu dockerd[28964]: time="2025-11-16T11:53:27.608626091-08:00" level=error msg="failed to get event" error="rpc error: code = Unavailable desc = transport is closing" module=libcontainerd namespace=moby
Nov 16 11:53:27 ubuntu dockerd[28964]: time="2025-11-16T11:53:27.608652727-08:00" level=error msg="failed to get event" error="rpc error: code = Unavailable desc = transport is closing" module=libcontainerd namespace=moby
Nov 16 11:53:27 ubuntu dockerd[28964]: time="2025-11-16T11:53:27.608678315-08:00" level=error msg="failed to get event" error="rpc error: code = Unavailable desc = transport is closing" module=libcontainerd namespace=moby
Nov 16 11:53:27 ubuntu dockerd[28964]: time="2025-11-16T11:53:27.608699413-08:00" level=error msg="failed to get event" error="rpc error: code = Unavailable desc = transport is closing" module=libcontainerd namespace=moby
Nov 16 11:53:27 ubuntu dockerd[28964]: time="2025-11-16T11:53:27.608714530-08:00" level=error msg="failed to get event" error="rpc error: code = Unavailable desc = transport is closing" module=libcontainerd namespace=moby
Nov 16 11:53:27 ubuntu dockerd[28964]: time="2025-11-16T11:53:27.608729725-08:00" level=error msg="failed to get event" error="rpc error: code = Unavailable desc = transport is closing" module=libcontainerd namespace=moby
Nov 16 11:53:27 ubuntu dockerd[28964]: time="2025-11-16T11:53:27.608743748-08:00" level=error msg="failed to get event" error="rpc error: code = Unavailable desc = transport is closing" module=libcontainerd namespace=moby
Nov 16 11:53:27 ubuntu dockerd[28964]: time="2025-11-16T11:53:27.608759342-08:00" level=error msg="failed to get event" error="rpc error: code = Unavailable desc = transport is closing" module=libcontainerd namespace=moby
Nov 16 11:53:27 ubuntu dockerd[28964]: time="2025-11-16T11:53:27.608773054-08:00" level=error msg="failed to get event" error="rpc error: code = Unavailable desc = transport is closing" module=libcontainerd namespace=moby
Nov 16 11:53:27 ubuntu dockerd[28964]: time="2025-11-16T11:53:27.608791794-08:00" level=error msg="failed to get event" error="rpc error: code = Unavailable desc = transport is closing" module=libcontainerd namespace=moby
Nov 16 11:53:27 ubuntu dockerd[28964]: time="2025-11-16T11:53:27.608810441-08:00" level=error msg="failed to get event" error="rpc error: code = Unavailable desc = transport is closing" module=libcontainerd namespace=moby
Nov 16 11:53:27 ubuntu dockerd[28964]: time="2025-11-16T11:53:27.608824220-08:00" level=error msg="failed to get event" error="rpc error: code = Unavailable desc = transport is closing" module=libcontainerd namespace=moby
Nov 16 11:53:27 ubuntu dockerd[28964]: time="2025-11-16T11:53:27.608840163-08:00" level=error msg="failed to get event" error="rpc error: code = Unavailable desc = transport is closing" module=libcontainerd namespace=moby
Nov 16 11:53:27 ubuntu dockerd[28964]: time="2025-11-16T11:53:27.608861325-08:00" level=error msg="failed to get event" error="rpc error: code = Unavailable desc = transport is closing" module=libcontainerd namespace=moby
Nov 16 11:53:27 ubuntu dockerd[28964]: time="2025-11-16T11:53:27.608880770-08:00" level=error msg="failed to get event" error="rpc error: code = Unavailable desc = transport is closing" module=libcontainerd namespace=moby
Nov 16 11:53:27 ubuntu dockerd[28964]: time="2025-11-16T11:53:27.608893746-08:00" level=error msg="failed to get event" error="rpc error: code = Unavailable desc = transport is closing" module=libcontainerd namespace=moby
Nov 16 11:53:27 ubuntu dockerd[28964]: time="2025-11-16T11:53:27.608908205-08:00" level=error msg="failed to get event" error="rpc error: code = Unavailable desc = transport is closing" module=libcontainerd namespace=moby
Nov 16 11:53:27 ubuntu dockerd[28964]: time="2025-11-16T11:53:27.608921735-08:00" level=error msg="failed to get event" error="rpc error: code = Unavailable desc = transport is closing" module=libcontainerd namespace=moby
Nov 16 11:53:27 ubuntu dockerd[28964]: time="2025-11-16T11:53:27.608941245-08:00" level=error msg="failed to get event" error="rpc error: code = Unavailable desc = transport is closing" module=libcontainerd namespace=moby
Nov 16 11:53:27 ubuntu dockerd[28964]: time="2025-11-16T11:53:27.608956392-08:00" level=error msg="failed to get event" error="rpc error: code = Unavailable desc = transport is closing" module=libcontainerd namespace=moby
Nov 16 11:53:27 ubuntu dockerd[28964]: time="2025-11-16T11:53:27.608968906-08:00" level=error msg="failed to get event" error="rpc error: code = Unavailable desc = transport is closing" module=libcontainerd namespace=moby
Nov 16 11:53:27 ubuntu dockerd[28964]: time="2025-11-16T11:53:27.608987048-08:00" level=error msg="failed to get event" error="rpc error: code = Unavailable desc = transport is closing" module=libcontainerd namespace=moby
Nov 16 11:53:27 ubuntu dockerd[28964]: time="2025-11-16T11:53:27.609002112-08:00" level=error msg="failed to get event" error="rpc error: code = Unavailable desc = transport is closing" module=libcontainerd namespace=moby
Nov 16 11:53:27 ubuntu dockerd[28964]: time="2025-11-16T11:53:27.609035838-08:00" level=error msg="failed to get event" error="rpc error: code = Unavailable desc = transport is closing" module=libcontainerd namespace=moby
Nov 16 11:53:27 ubuntu dockerd[28964]: time="2025-11-16T11:53:27.609058151-08:00" level=error msg="failed to get event" error="rpc error: code = Unavailable desc = transport is closing" module=libcontainerd namespace=moby
Nov 16 11:53:27 ubuntu dockerd[28964]: time="2025-11-16T11:53:27.609073240-08:00" level=error msg="failed to get event" error="rpc error: code = Unavailable desc = transport is closing" module=libcontainerd namespace=moby
Nov 16 11:53:27 ubuntu dockerd[28964]: time="2025-11-16T11:53:27.609091315-08:00" level=error msg="failed to get event" error="rpc error: code = Unavailable desc = transport is closing" module=libcontainerd namespace=moby
Nov 16 11:53:27 ubuntu dockerd[28964]: time="2025-11-16T11:53:27.609107063-08:00" level=error msg="failed to get event" error="rpc error: code = Unavailable desc = transport is closing" module=libcontainerd namespace=moby
Nov 16 11:53:27 ubuntu dockerd[28964]: time="2025-11-16T11:53:27.609124249-08:00" level=error msg="failed to get event" error="rpc error: code = Unavailable desc = transport is closing" module=libcontainerd namespace=moby
Nov 16 11:53:27 ubuntu dockerd[28964]: time="2025-11-16T11:53:27.609137357-08:00" level=error msg="failed to get event" error="rpc error: code = Unavailable desc = transport is closing" module=libcontainerd namespace=moby
Nov 16 11:53:27 ubuntu dockerd[28964]: time="2025-11-16T11:53:27.609158517-08:00" level=error msg="failed to get event" error="rpc error: code = Unavailable desc = transport is closing" module=libcontainerd namespace=moby
Nov 16 11:53:27 ubuntu dockerd[28964]: time="2025-11-16T11:53:27.609174384-08:00" level=error msg="failed to get event" error="rpc error: code = Unavailable desc = transport is closing" module=libcontainerd namespace=moby
Nov 16 11:53:27 ubuntu dockerd[28964]: time="2025-11-16T11:53:27.609189996-08:00" level=error msg="failed to get event" error="rpc error: code = Unavailable desc = transport is closing" module=libcontainerd namespace=moby
Nov 16 11:53:27 ubuntu dockerd[28964]: time="2025-11-16T11:53:27.609204931-08:00" level=error msg="failed to get event" error="rpc error: code = Unavailable desc = transport is closing" module=libcontainerd namespace=moby
Nov 16 11:53:27 ubuntu dockerd[28964]: time="2025-11-16T11:53:27.609218428-08:00" level=error msg="failed to get event" error="rpc error: code = Unavailable desc = transport is closing" module=libcontainerd namespace=moby
Nov 16 11:53:27 ubuntu dockerd[28964]: time="2025-11-16T11:53:27.609238907-08:00" level=error msg="failed to get event" error="rpc error: code = Unavailable desc = transport is closing" module=libcontainerd namespace=moby
Nov 16 11:53:27 ubuntu dockerd[28964]: time="2025-11-16T11:53:27.609258617-08:00" level=error msg="failed to get event" error="rpc error: code = Unavailable desc = transport is closing" module=libcontainerd namespace=moby
Nov 16 11:53:27 ubuntu dockerd[28964]: time="2025-11-16T11:53:27.609274675-08:00" level=error msg="failed to get event" error="rpc error: code = Unavailable desc = transport is closing" module=libcontainerd namespace=moby
Nov 16 11:53:27 ubuntu dockerd[28964]: time="2025-11-16T11:53:27.609292934-08:00" level=error msg="failed to get event" error="rpc error: code = Unavailable desc = transport is closing" module=libcontainerd namespace=moby
Nov 16 11:53:27 ubuntu dockerd[28964]: time="2025-11-16T11:53:27.609307980-08:00" level=error msg="failed to get event" error="rpc error: code = Unavailable desc = transport is closing" module=libcontainerd namespace=moby
Nov 16 11:53:27 ubuntu dockerd[28964]: time="2025-11-16T11:53:27.609321654-08:00" level=error msg="failed to get event" error="rpc error: code = Unavailable desc = transport is closing" module=libcontainerd namespace=moby
Nov 16 11:53:27 ubuntu dockerd[28964]: time="2025-11-16T11:53:27.609334711-08:00" level=error msg="failed to get event" error="rpc error: code = Unavailable desc = transport is closing" module=libcontainerd namespace=moby
Nov 16 11:53:27 ubuntu dockerd[28964]: time="2025-11-16T11:53:27.609350040-08:00" level=error msg="failed to get event" error="rpc error: code = Unavailable desc = transport is closing" module=libcontainerd namespace=moby
Nov 16 11:53:27 ubuntu dockerd[28964]: time="2025-11-16T11:53:27.609367604-08:00" level=error msg="failed to get event" error="rpc error: code = Unavailable desc = transport is closing" module=libcontainerd namespace=moby
Nov 16 11:53:27 ubuntu dockerd[28964]: time="2025-11-16T11:53:27.609389023-08:00" level=error msg="failed to get event" error="rpc error: code = Unavailable desc = transport is closing" module=libcontainerd namespace=moby
Nov 16 11:53:27 ubuntu dockerd[28964]: time="2025-11-16T11:53:27.609406315-08:00" level=error msg="failed to get event" error="rpc error: code = Unavailable desc = transport is closing" module=libcontainerd namespace=moby
Nov 16 11:53:27 ubuntu dockerd[28964]: time="2025-11-16T11:53:27.609437497-08:00" level=error msg="failed to get event" error="rpc error: code = Unavailable desc = transport is closing" module=libcontainerd namespace=moby
Nov 16 11:53:27 ubuntu dockerd[28964]: time="2025-11-16T11:53:27.609459623-08:00" level=error msg="failed to get event" error="rpc error: code = Unavailable desc = transport is closing" module=libcontainerd namespace=moby
Nov 16 11:53:27 ubuntu dockerd[28964]: time="2025-11-16T11:53:27.609475110-08:00" level=error msg="failed to get event" error="rpc error: code = Unavailable desc = transport is closing" module=libcontainerd namespace=moby
Nov 16 11:53:27 ubuntu dockerd[28964]: time="2025-11-16T11:53:27.609492207-08:00" level=error msg="failed to get event" error="rpc error: code = Unavailable desc = transport is closing" module=libcontainerd namespace=moby
Nov 16 11:53:27 ubuntu dockerd[28964]: time="2025-11-16T11:53:27.609503906-08:00" level=error msg="failed to get event" error="rpc error: code = Unavailable desc = transport is closing" module=libcontainerd namespace=moby
Nov 16 11:53:27 ubuntu dockerd[28964]: time="2025-11-16T11:53:27.609518027-08:00" level=error msg="failed to get event" error="rpc error: code = Unavailable desc = transport is closing" module=libcontainerd namespace=moby
Nov 16 11:53:27 ubuntu dockerd[28964]: time="2025-11-16T11:53:27.609540408-08:00" level=error msg="failed to get event" error="rpc error: code = Unavailable desc = transport is closing" module=libcontainerd namespace=moby
Nov 16 11:53:27 ubuntu dockerd[28964]: time="2025-11-16T11:53:27.609555745-08:00" level=error msg="failed to get event" error="rpc error: code = Unavailable desc = transport is closing" module=libcontainerd namespace=moby
Nov 16 11:53:27 ubuntu dockerd[28964]: time="2025-11-16T11:53:27.609569249-08:00" level=error msg="failed to get event" error="rpc error: code = Unavailable desc = transport is closing" module=libcontainerd namespace=moby
Nov 16 11:53:27 ubuntu dockerd[28964]: time="2025-11-16T11:53:27.609585237-08:00" level=error msg="failed to get event" error="rpc error: code = Unavailable desc = transport is closing" module=libcontainerd namespace=moby
Nov 16 11:53:27 ubuntu dockerd[28964]: time="2025-11-16T11:53:27.609602324-08:00" level=error msg="failed to get event" error="rpc error: code = Unavailable desc = transport is closing" module=libcontainerd namespace=moby
Nov 16 11:53:27 ubuntu dockerd[28964]: time="2025-11-16T11:53:27.609616426-08:00" level=error msg="failed to get event" error="rpc error: code = Unavailable desc = transport is closing" module=libcontainerd namespace=moby
Nov 16 11:53:27 ubuntu dockerd[28964]: time="2025-11-16T11:53:27.609635831-08:00" level=error msg="failed to get event" error="rpc error: code = Unavailable desc = transport is closing" module=libcontainerd namespace=moby
Nov 16 11:53:27 ubuntu dockerd[28964]: time="2025-11-16T11:53:27.609655854-08:00" level=error msg="failed to get event" error="rpc error: code = Unavailable desc = transport is closing" module=libcontainerd namespace=moby
Nov 16 11:53:27 ubuntu dockerd[28964]: time="2025-11-16T11:53:27.609680358-08:00" level=error msg="failed to get event" error="rpc error: code = Unavailable desc = transport is closing" module=libcontainerd namespace=moby
Nov 16 11:53:27 ubuntu dockerd[28964]: time="2025-11-16T11:53:27.609695972-08:00" level=error msg="failed to get event" error="rpc error: code = Unavailable desc = transport is closing" module=libcontainerd namespace=moby
Nov 16 11:53:27 ubuntu dockerd[28964]: time="2025-11-16T11:53:27.609708825-08:00" level=error msg="failed to get event" error="rpc error: code = Unavailable desc = transport is closing" module=libcontainerd namespace=moby
Nov 16 11:53:27 ubuntu dockerd[28964]: time="2025-11-16T11:53:27.609725256-08:00" level=error msg="failed to get event" error="rpc error: code = Unavailable desc = transport is closing" module=libcontainerd namespace=moby
Nov 16 11:53:27 ubuntu dockerd[28964]: time="2025-11-16T11:53:27.610795678-08:00" level=info msg="Processing signal 'terminated'"
Nov 16 11:53:27 ubuntu dockerd[28964]: time="2025-11-16T11:53:27.610471947-08:00" level=error msg="failed to get event" error="rpc error: code = Unavailable desc = transport is closing" module=libcontainerd namespace=moby
Nov 16 11:53:27 ubuntu dockerd[28964]: time="2025-11-16T11:53:27.612412770-08:00" level=error msg="failed to get event" error="rpc error: code = Unavailable desc = transport is closing" module=libcontainerd namespace=moby
Nov 16 11:53:27 ubuntu dockerd[28964]: time="2025-11-16T11:53:27.612469159-08:00" level=error msg="failed to get event" error="rpc error: code = Unavailable desc = transport is closing" module=libcontainerd namespace=moby
Nov 16 11:53:27 ubuntu dockerd[28964]: time="2025-11-16T11:53:27.612488190-08:00" level=error msg="failed to get event" error="rpc error: code = Unavailable desc = transport is closing" module=libcontainerd namespace=moby
Nov 16 11:53:27 ubuntu dockerd[28964]: time="2025-11-16T11:53:27.612510507-08:00" level=error msg="failed to get event" error="rpc error: code = Unavailable desc = transport is closing" module=libcontainerd namespace=moby
Nov 16 11:53:27 ubuntu dockerd[28964]: time="2025-11-16T11:53:27.612540353-08:00" level=error msg="failed to get event" error="rpc error: code = Unavailable desc = transport is closing" module=libcontainerd namespace=moby
Nov 16 11:53:27 ubuntu dockerd[28964]: time="2025-11-16T11:53:27.612571849-08:00" level=error msg="failed to get event" error="rpc error: code = Unavailable desc = transport is closing" module=libcontainerd namespace=moby
Nov 16 11:53:27 ubuntu dockerd[28964]: time="2025-11-16T11:53:27.612594998-08:00" level=error msg="failed to get event" error="rpc error: code = Unavailable desc = transport is closing" module=libcontainerd namespace=moby
Nov 16 11:53:27 ubuntu dockerd[28964]: time="2025-11-16T11:53:27.612629768-08:00" level=error msg="failed to get event" error="rpc error: code = Unavailable desc = transport is closing" module=libcontainerd namespace=moby
Nov 16 11:53:27 ubuntu dockerd[28964]: time="2025-11-16T11:53:27.612669985-08:00" level=error msg="failed to get event" error="rpc error: code = Unavailable desc = transport is closing" module=libcontainerd namespace=moby
Nov 16 11:53:27 ubuntu dockerd[28964]: time="2025-11-16T11:53:27.612684335-08:00" level=error msg="failed to get event" error="rpc error: code = Unavailable desc = transport is closing" module=libcontainerd namespace=moby
Nov 16 11:53:27 ubuntu dockerd[28964]: time="2025-11-16T11:53:27.612697810-08:00" level=error msg="failed to get event" error="rpc error: code = Unavailable desc = transport is closing" module=libcontainerd namespace=moby
Nov 16 11:53:27 ubuntu dockerd[28964]: time="2025-11-16T11:53:27.612712563-08:00" level=error msg="failed to get event" error="rpc error: code = Unavailable desc = transport is closing" module=libcontainerd namespace=moby
Nov 16 11:53:27 ubuntu dockerd[28964]: time="2025-11-16T11:53:27.612732365-08:00" level=error msg="failed to get event" error="rpc error: code = Unavailable desc = transport is closing" module=libcontainerd namespace=moby
Nov 16 11:53:27 ubuntu dockerd[28964]: time="2025-11-16T11:53:27.612748693-08:00" level=error msg="failed to get event" error="rpc error: code = Unavailable desc = transport is closing" module=libcontainerd namespace=moby
Nov 16 11:53:27 ubuntu dockerd[28964]: time="2025-11-16T11:53:27.612762337-08:00" level=error msg="failed to get event" error="rpc error: code = Unavailable desc = transport is closing" module=libcontainerd namespace=moby
Nov 16 11:53:27 ubuntu dockerd[28964]: time="2025-11-16T11:53:27.612780219-08:00" level=error msg="failed to get event" error="rpc error: code = Unavailable desc = transport is closing" module=libcontainerd namespace=moby
Nov 16 11:53:27 ubuntu dockerd[28964]: time="2025-11-16T11:53:27.612802282-08:00" level=error msg="failed to get event" error="rpc error: code = Unavailable desc = transport is closing" module=libcontainerd namespace=moby
Nov 16 11:53:27 ubuntu dockerd[28964]: time="2025-11-16T11:53:27.612822732-08:00" level=error msg="failed to get event" error="rpc error: code = Unavailable desc = transport is closing" module=libcontainerd namespace=moby
Nov 16 11:53:27 ubuntu dockerd[28964]: time="2025-11-16T11:53:27.615293208-08:00" level=error msg="failed to get event" error="rpc error: code = Unavailable desc = transport is closing" module=libcontainerd namespace=moby
Nov 16 11:53:27 ubuntu dockerd[28964]: time="2025-11-16T11:53:27.615451352-08:00" level=error msg="failed to get event" error="rpc error: code = Unavailable desc = transport is closing" module=libcontainerd namespace=moby
Nov 16 11:53:27 ubuntu dockerd[28964]: time="2025-11-16T11:53:27.615561376-08:00" level=error msg="failed to get event" error="rpc error: code = Unavailable desc = transport is closing" module=libcontainerd namespace=moby
Nov 16 11:53:27 ubuntu dockerd[28964]: time="2025-11-16T11:53:27.616107841-08:00" level=error msg="failed to get event" error="rpc error: code = Unavailable desc = transport is closing" module=libcontainerd namespace=moby
Nov 16 11:53:27 ubuntu dockerd[28964]: time="2025-11-16T11:53:27.616241716-08:00" level=error msg="failed to get event" error="rpc error: code = Unavailable desc = transport is closing" module=libcontainerd namespace=moby
Nov 16 11:53:27 ubuntu dockerd[28964]: time="2025-11-16T11:53:27.616351760-08:00" level=error msg="failed to get event" error="rpc error: code = Unavailable desc = transport is closing" module=libcontainerd namespace=moby
Nov 16 11:53:27 ubuntu dockerd[28964]: time="2025-11-16T11:53:27.616449556-08:00" level=error msg="failed to get event" error="rpc error: code = Unavailable desc = transport is closing" module=libcontainerd namespace=moby
Nov 16 11:53:27 ubuntu dockerd[28964]: time="2025-11-16T11:53:27.616525271-08:00" level=error msg="failed to get event" error="rpc error: code = Unavailable desc = transport is closing" module=libcontainerd namespace=moby
Nov 16 11:53:27 ubuntu dockerd[28964]: time="2025-11-16T11:53:27.616587983-08:00" level=error msg="failed to get event" error="rpc error: code = Unavailable desc = transport is closing" module=libcontainerd namespace=moby
Nov 16 11:53:27 ubuntu dockerd[28964]: time="2025-11-16T11:53:27.616866982-08:00" level=error msg="failed to get event" error="rpc error: code = Unavailable desc = transport is closing" module=libcontainerd namespace=moby
Nov 16 11:53:27 ubuntu dockerd[28964]: time="2025-11-16T11:53:27.616919160-08:00" level=error msg="failed to get event" error="rpc error: code = Unavailable desc = transport is closing" module=libcontainerd namespace=moby
Nov 16 11:53:27 ubuntu dockerd[28964]: time="2025-11-16T11:53:27.616943344-08:00" level=error msg="failed to get event" error="rpc error: code = Unavailable desc = transport is closing" module=libcontainerd namespace=moby
Nov 16 11:53:27 ubuntu dockerd[28964]: time="2025-11-16T11:53:27.617124203-08:00" level=error msg="failed to get event" error="rpc error: code = Unavailable desc = transport is closing" module=libcontainerd namespace=moby
Nov 16 11:53:27 ubuntu dockerd[28964]: time="2025-11-16T11:53:27.617148473-08:00" level=error msg="failed to get event" error="rpc error: code = Unavailable desc = transport is closing" module=libcontainerd namespace=moby
Nov 16 11:53:27 ubuntu dockerd[28964]: time="2025-11-16T11:53:27.617182158-08:00" level=error msg="failed to get event" error="rpc error: code = Unavailable desc = transport is closing" module=libcontainerd namespace=moby
Nov 16 11:53:27 ubuntu dockerd[28964]: time="2025-11-16T11:53:27.617327693-08:00" level=error msg="failed to get event" error="rpc error: code = Unavailable desc = transport is closing" module=libcontainerd namespace=moby
Nov 16 11:53:27 ubuntu dockerd[28964]: time="2025-11-16T11:53:27.617349066-08:00" level=error msg="failed to get event" error="rpc error: code = Unavailable desc = transport is closing" module=libcontainerd namespace=moby
Nov 16 11:53:27 ubuntu dockerd[28964]: time="2025-11-16T11:53:27.617368583-08:00" level=error msg="failed to get event" error="rpc error: code = Unavailable desc = transport is closing" module=libcontainerd namespace=moby
Nov 16 11:53:27 ubuntu dockerd[28964]: time="2025-11-16T11:53:27.617383985-08:00" level=error msg="failed to get event" error="rpc error: code = Unavailable desc = transport is closing" module=libcontainerd namespace=moby
Nov 16 11:53:27 ubuntu dockerd[28964]: time="2025-11-16T11:53:27.617396858-08:00" level=error msg="failed to get event" error="rpc error: code = Unavailable desc = transport is closing" module=libcontainerd namespace=moby
Nov 16 11:53:27 ubuntu dockerd[28964]: time="2025-11-16T11:53:27.617419137-08:00" level=error msg="failed to get event" error="rpc error: code = Unavailable desc = transport is closing" module=libcontainerd namespace=moby
Nov 16 11:53:27 ubuntu dockerd[28964]: time="2025-11-16T11:53:27.617433568-08:00" level=error msg="failed to get event" error="rpc error: code = Unavailable desc = transport is closing" module=libcontainerd namespace=moby
Nov 16 11:53:27 ubuntu dockerd[28964]: time="2025-11-16T11:53:27.617498707-08:00" level=error msg="failed to get event" error="rpc error: code = Unavailable desc = transport is closing" module=libcontainerd namespace=moby
Nov 16 11:53:27 ubuntu dockerd[28964]: time="2025-11-16T11:53:27.617521537-08:00" level=error msg="failed to get event" error="rpc error: code = Unavailable desc = transport is closing" module=libcontainerd namespace=moby
Nov 16 11:53:27 ubuntu dockerd[28964]: time="2025-11-16T11:53:27.617541745-08:00" level=error msg="failed to get event" error="rpc error: code = Unavailable desc = transport is closing" module=libcontainerd namespace=moby
Nov 16 11:53:27 ubuntu dockerd[28964]: time="2025-11-16T11:53:27.617569264-08:00" level=error msg="failed to get event" error="rpc error: code = Unavailable desc = transport is closing" module=libcontainerd namespace=moby
Nov 16 11:53:27 ubuntu dockerd[28964]: time="2025-11-16T11:53:27.617589144-08:00" level=error msg="failed to get event" error="rpc error: code = Unavailable desc = transport is closing" module=libcontainerd namespace=moby
Nov 16 11:53:27 ubuntu dockerd[28964]: time="2025-11-16T11:53:27.617604519-08:00" level=error msg="failed to get event" error="rpc error: code = Unavailable desc = transport is closing" module=libcontainerd namespace=moby
Nov 16 11:53:27 ubuntu dockerd[28964]: time="2025-11-16T11:53:27.617629634-08:00" level=error msg="failed to get event" error="rpc error: code = Unavailable desc = transport is closing" module=libcontainerd namespace=moby
Nov 16 11:53:27 ubuntu dockerd[28964]: time="2025-11-16T11:53:27.617648585-08:00" level=error msg="failed to get event" error="rpc error: code = Unavailable desc = transport is closing" module=libcontainerd namespace=moby
Nov 16 11:53:27 ubuntu systemd[1]: Stopped Docker Application Container Engine.
Nov 16 11:53:27 ubuntu systemd[1]: Starting Docker Application Container Engine...
Nov 16 11:53:27 ubuntu dockerd[29203]: time="2025-11-16T11:53:27.860641655-08:00" level=info msg="libcontainerd: started new containerd process" pid=29221
Nov 16 11:53:27 ubuntu dockerd[29203]: time="2025-11-16T11:53:27.861553788-08:00" level=info msg="parsed scheme: \"unix\"" module=grpc
Nov 16 11:53:27 ubuntu dockerd[29203]: time="2025-11-16T11:53:27.861697502-08:00" level=info msg="scheme \"unix\" not registered, fallback to default scheme" module=grpc
Nov 16 11:53:27 ubuntu dockerd[29203]: time="2025-11-16T11:53:27.861791573-08:00" level=info msg="ccResolverWrapper: sending new addresses to cc: [{unix:///var/run/docker/containerd/containerd.sock 0  <nil>}]" module=grpc
Nov 16 11:53:27 ubuntu dockerd[29203]: time="2025-11-16T11:53:27.861848092-08:00" level=info msg="ClientConn switching balancer to \"pick_first\"" module=grpc
Nov 16 11:53:27 ubuntu dockerd[29203]: time="2025-11-16T11:53:27.861931500-08:00" level=info msg="pickfirstBalancer: HandleSubConnStateChange: 0xc420016c60, CONNECTING" module=grpc
Nov 16 11:53:27 ubuntu dockerd[29203]: time="2025-11-16T11:53:27.948917612-08:00" level=info msg="starting containerd" revision=c4446665cb9c30056f4998ed953e6d4ff22c7c39 version=1.2.0
Nov 16 11:53:27 ubuntu dockerd[29203]: time="2025-11-16T11:53:27.950816738-08:00" level=info msg="loading plugin "io.containerd.content.v1.content"..." type=io.containerd.content.v1
Nov 16 11:53:27 ubuntu dockerd[29203]: time="2025-11-16T11:53:27.953900174-08:00" level=info msg="loading plugin "io.containerd.snapshotter.v1.btrfs"..." type=io.containerd.snapshotter.v1
Nov 16 11:53:27 ubuntu dockerd[29203]: time="2025-11-16T11:53:27.955029333-08:00" level=warning msg="failed to load plugin io.containerd.snapshotter.v1.btrfs" error="path /var/lib/docker/containerd/daemon/io.containerd.snapshotter.v1.btrfs must be a btrfs filesystem to be used with the btrfs snapshotter"
Nov 16 11:53:27 ubuntu dockerd[29203]: time="2025-11-16T11:53:27.956484498-08:00" level=info msg="loading plugin "io.containerd.snapshotter.v1.aufs"..." type=io.containerd.snapshotter.v1
Nov 16 11:53:27 ubuntu dockerd[29203]: time="2025-11-16T11:53:27.959402282-08:00" level=info msg="loading plugin "io.containerd.snapshotter.v1.native"..." type=io.containerd.snapshotter.v1
Nov 16 11:53:27 ubuntu dockerd[29203]: time="2025-11-16T11:53:27.959640562-08:00" level=info msg="loading plugin "io.containerd.snapshotter.v1.overlayfs"..." type=io.containerd.snapshotter.v1
Nov 16 11:53:27 ubuntu dockerd[29203]: time="2025-11-16T11:53:27.959805517-08:00" level=info msg="loading plugin "io.containerd.snapshotter.v1.zfs"..." type=io.containerd.snapshotter.v1
Nov 16 11:53:27 ubuntu dockerd[29203]: time="2025-11-16T11:53:27.960067219-08:00" level=warning msg="failed to load plugin io.containerd.snapshotter.v1.zfs" error="path /var/lib/docker/containerd/daemon/io.containerd.snapshotter.v1.zfs must be a zfs filesystem to be used with the zfs snapshotter"
Nov 16 11:53:27 ubuntu dockerd[29203]: time="2025-11-16T11:53:27.960128371-08:00" level=info msg="loading plugin "io.containerd.metadata.v1.bolt"..." type=io.containerd.metadata.v1
Nov 16 11:53:27 ubuntu dockerd[29203]: time="2025-11-16T11:53:27.960194760-08:00" level=warning msg="could not use snapshotter zfs in metadata plugin" error="path /var/lib/docker/containerd/daemon/io.containerd.snapshotter.v1.zfs must be a zfs filesystem to be used with the zfs snapshotter"
Nov 16 11:53:27 ubuntu dockerd[29203]: time="2025-11-16T11:53:27.960255170-08:00" level=warning msg="could not use snapshotter btrfs in metadata plugin" error="path /var/lib/docker/containerd/daemon/io.containerd.snapshotter.v1.btrfs must be a btrfs filesystem to be used with the btrfs snapshotter"
Nov 16 11:53:27 ubuntu dockerd[29203]: time="2025-11-16T11:53:27.964022658-08:00" level=info msg="loading plugin "io.containerd.differ.v1.walking"..." type=io.containerd.differ.v1
Nov 16 11:53:27 ubuntu dockerd[29203]: time="2025-11-16T11:53:27.964212821-08:00" level=info msg="loading plugin "io.containerd.gc.v1.scheduler"..." type=io.containerd.gc.v1
Nov 16 11:53:27 ubuntu dockerd[29203]: time="2025-11-16T11:53:27.964528149-08:00" level=info msg="loading plugin "io.containerd.service.v1.containers-service"..." type=io.containerd.service.v1
Nov 16 11:53:27 ubuntu dockerd[29203]: time="2025-11-16T11:53:27.964631668-08:00" level=info msg="loading plugin "io.containerd.service.v1.content-service"..." type=io.containerd.service.v1
Nov 16 11:53:27 ubuntu dockerd[29203]: time="2025-11-16T11:53:27.965599193-08:00" level=info msg="loading plugin "io.containerd.service.v1.diff-service"..." type=io.containerd.service.v1
Nov 16 11:53:27 ubuntu dockerd[29203]: time="2025-11-16T11:53:27.965762468-08:00" level=info msg="loading plugin "io.containerd.service.v1.images-service"..." type=io.containerd.service.v1
Nov 16 11:53:27 ubuntu dockerd[29203]: time="2025-11-16T11:53:27.965835312-08:00" level=info msg="loading plugin "io.containerd.service.v1.leases-service"..." type=io.containerd.service.v1
Nov 16 11:53:27 ubuntu dockerd[29203]: time="2025-11-16T11:53:27.965900343-08:00" level=info msg="loading plugin "io.containerd.service.v1.namespaces-service"..." type=io.containerd.service.v1
Nov 16 11:53:27 ubuntu dockerd[29203]: time="2025-11-16T11:53:27.965968908-08:00" level=info msg="loading plugin "io.containerd.service.v1.snapshots-service"..." type=io.containerd.service.v1
Nov 16 11:53:27 ubuntu dockerd[29203]: time="2025-11-16T11:53:27.966024535-08:00" level=info msg="loading plugin "io.containerd.runtime.v1.linux"..." type=io.containerd.runtime.v1
Nov 16 11:53:27 ubuntu dockerd[29203]: time="2025-11-16T11:53:27.966185041-08:00" level=info msg="loading plugin "io.containerd.runtime.v2.task"..." type=io.containerd.runtime.v2
Nov 16 11:53:27 ubuntu dockerd[29203]: time="2025-11-16T11:53:27.966275908-08:00" level=info msg="loading plugin "io.containerd.monitor.v1.cgroups"..." type=io.containerd.monitor.v1
Nov 16 11:53:27 ubuntu dockerd[29203]: time="2025-11-16T11:53:27.966573551-08:00" level=info msg="loading plugin "io.containerd.service.v1.tasks-service"..." type=io.containerd.service.v1
Nov 16 11:53:27 ubuntu dockerd[29203]: time="2025-11-16T11:53:27.966646698-08:00" level=info msg="loading plugin "io.containerd.internal.v1.restart"..." type=io.containerd.internal.v1
Nov 16 11:53:27 ubuntu dockerd[29203]: time="2025-11-16T11:53:27.966727175-08:00" level=info msg="loading plugin "io.containerd.grpc.v1.containers"..." type=io.containerd.grpc.v1
Nov 16 11:53:27 ubuntu dockerd[29203]: time="2025-11-16T11:53:27.966777746-08:00" level=info msg="loading plugin "io.containerd.grpc.v1.content"..." type=io.containerd.grpc.v1
Nov 16 11:53:27 ubuntu dockerd[29203]: time="2025-11-16T11:53:27.966829340-08:00" level=info msg="loading plugin "io.containerd.grpc.v1.diff"..." type=io.containerd.grpc.v1
Nov 16 11:53:27 ubuntu dockerd[29203]: time="2025-11-16T11:53:27.966877799-08:00" level=info msg="loading plugin "io.containerd.grpc.v1.events"..." type=io.containerd.grpc.v1
Nov 16 11:53:27 ubuntu dockerd[29203]: time="2025-11-16T11:53:27.966936744-08:00" level=info msg="loading plugin "io.containerd.grpc.v1.healthcheck"..." type=io.containerd.grpc.v1
Nov 16 11:53:27 ubuntu dockerd[29203]: time="2025-11-16T11:53:27.966987706-08:00" level=info msg="loading plugin "io.containerd.grpc.v1.images"..." type=io.containerd.grpc.v1
Nov 16 11:53:27 ubuntu dockerd[29203]: time="2025-11-16T11:53:27.967038984-08:00" level=info msg="loading plugin "io.containerd.grpc.v1.leases"..." type=io.containerd.grpc.v1
Nov 16 11:53:27 ubuntu dockerd[29203]: time="2025-11-16T11:53:27.967092160-08:00" level=info msg="loading plugin "io.containerd.grpc.v1.namespaces"..." type=io.containerd.grpc.v1
Nov 16 11:53:27 ubuntu dockerd[29203]: time="2025-11-16T11:53:27.967144817-08:00" level=info msg="loading plugin "io.containerd.internal.v1.opt"..." type=io.containerd.internal.v1
Nov 16 11:53:27 ubuntu dockerd[29203]: time="2025-11-16T11:53:27.967222207-08:00" level=info msg="loading plugin "io.containerd.grpc.v1.snapshots"..." type=io.containerd.grpc.v1
Nov 16 11:53:27 ubuntu dockerd[29203]: time="2025-11-16T11:53:27.967278101-08:00" level=info msg="loading plugin "io.containerd.grpc.v1.tasks"..." type=io.containerd.grpc.v1
Nov 16 11:53:27 ubuntu dockerd[29203]: time="2025-11-16T11:53:27.967522178-08:00" level=info msg="loading plugin "io.containerd.grpc.v1.version"..." type=io.containerd.grpc.v1
Nov 16 11:53:27 ubuntu dockerd[29203]: time="2025-11-16T11:53:27.967644984-08:00" level=info msg="loading plugin "io.containerd.grpc.v1.introspection"..." type=io.containerd.grpc.v1
Nov 16 11:53:27 ubuntu dockerd[29203]: time="2025-11-16T11:53:27.967913654-08:00" level=info msg=serving... address="/var/run/docker/containerd/containerd-debug.sock"
Nov 16 11:53:27 ubuntu dockerd[29203]: time="2025-11-16T11:53:27.968019502-08:00" level=info msg=serving... address="/var/run/docker/containerd/containerd.sock"
Nov 16 11:53:27 ubuntu dockerd[29203]: time="2025-11-16T11:53:27.968068081-08:00" level=info msg="containerd successfully booted in 0.020304s"
Nov 16 11:53:27 ubuntu dockerd[29203]: time="2025-11-16T11:53:27.969448737-08:00" level=info msg="pickfirstBalancer: HandleSubConnStateChange: 0xc420016c60, READY" module=grpc
Nov 16 11:53:27 ubuntu dockerd[29203]: time="2025-11-16T11:53:27.981176193-08:00" level=info msg="systemd-resolved is running, so using resolvconf: /run/systemd/resolve/resolv.conf"
Nov 16 11:53:27 ubuntu dockerd[29203]: time="2025-11-16T11:53:27.982206280-08:00" level=info msg="parsed scheme: \"unix\"" module=grpc
Nov 16 11:53:27 ubuntu dockerd[29203]: time="2025-11-16T11:53:27.982236079-08:00" level=info msg="scheme \"unix\" not registered, fallback to default scheme" module=grpc
Nov 16 11:53:27 ubuntu dockerd[29203]: time="2025-11-16T11:53:27.982261801-08:00" level=info msg="parsed scheme: \"unix\"" module=grpc
Nov 16 11:53:27 ubuntu dockerd[29203]: time="2025-11-16T11:53:27.982266248-08:00" level=info msg="scheme \"unix\" not registered, fallback to default scheme" module=grpc
Nov 16 11:53:27 ubuntu dockerd[29203]: time="2025-11-16T11:53:27.983576031-08:00" level=info msg="ccResolverWrapper: sending new addresses to cc: [{unix:///var/run/docker/containerd/containerd.sock 0  <nil>}]" module=grpc
Nov 16 11:53:27 ubuntu dockerd[29203]: time="2025-11-16T11:53:27.983625266-08:00" level=info msg="ClientConn switching balancer to \"pick_first\"" module=grpc
Nov 16 11:53:27 ubuntu dockerd[29203]: time="2025-11-16T11:53:27.983691272-08:00" level=info msg="pickfirstBalancer: HandleSubConnStateChange: 0xc420017060, CONNECTING" module=grpc
Nov 16 11:53:27 ubuntu dockerd[29203]: time="2025-11-16T11:53:27.983961310-08:00" level=info msg="pickfirstBalancer: HandleSubConnStateChange: 0xc420017060, READY" module=grpc
Nov 16 11:53:27 ubuntu dockerd[29203]: time="2025-11-16T11:53:27.984005765-08:00" level=info msg="ccResolverWrapper: sending new addresses to cc: [{unix:///var/run/docker/containerd/containerd.sock 0  <nil>}]" module=grpc
Nov 16 11:53:27 ubuntu dockerd[29203]: time="2025-11-16T11:53:27.984014345-08:00" level=info msg="ClientConn switching balancer to \"pick_first\"" module=grpc
Nov 16 11:53:27 ubuntu dockerd[29203]: time="2025-11-16T11:53:27.984034262-08:00" level=info msg="pickfirstBalancer: HandleSubConnStateChange: 0xc420017340, CONNECTING" module=grpc
Nov 16 11:53:27 ubuntu dockerd[29203]: time="2025-11-16T11:53:27.984099930-08:00" level=info msg="pickfirstBalancer: HandleSubConnStateChange: 0xc420017340, READY" module=grpc
Nov 16 11:53:27 ubuntu dockerd[29203]: time="2025-11-16T11:53:27.987697471-08:00" level=info msg="[graphdriver] using prior storage driver: overlay2"
Nov 16 11:53:27 ubuntu dockerd[29203]: time="2025-11-16T11:53:27.989533189-08:00" level=info msg="Graph migration to content-addressability took 0.00 seconds"
Nov 16 11:53:27 ubuntu dockerd[29203]: time="2025-11-16T11:53:27.989933688-08:00" level=warning msg="Your kernel does not support swap memory limit"
Nov 16 11:53:27 ubuntu dockerd[29203]: time="2025-11-16T11:53:27.990019830-08:00" level=warning msg="Your kernel does not support cgroup rt period"
Nov 16 11:53:27 ubuntu dockerd[29203]: time="2025-11-16T11:53:27.990064054-08:00" level=warning msg="Your kernel does not support cgroup rt runtime"
Nov 16 11:53:27 ubuntu dockerd[29203]: time="2025-11-16T11:53:27.990105604-08:00" level=warning msg="Your kernel does not support cgroup blkio weight"
Nov 16 11:53:27 ubuntu dockerd[29203]: time="2025-11-16T11:53:27.990140588-08:00" level=warning msg="Your kernel does not support cgroup blkio weight_device"
Nov 16 11:53:27 ubuntu dockerd[29203]: time="2025-11-16T11:53:27.990440713-08:00" level=info msg="Loading containers: start."
Nov 16 11:53:28 ubuntu dockerd[29203]: time="2025-11-16T11:53:28.073904884-08:00" level=info msg="Default bridge (docker0) is assigned with an IP address 172.17.0.0/16. Daemon option --bip can be used to set a preferred IP address"
Nov 16 11:53:28 ubuntu dockerd[29203]: time="2025-11-16T11:53:28.117608970-08:00" level=info msg="Loading containers: done."
Nov 16 11:53:28 ubuntu dockerd[29203]: time="2025-11-16T11:53:28.216770498-08:00" level=info msg="Docker daemon" commit=4d60db4 graphdriver(s)=overlay2 version=18.09.0
Nov 16 11:53:28 ubuntu dockerd[29203]: time="2025-11-16T11:53:28.217440975-08:00" level=info msg="Daemon has completed initialization"
Nov 16 11:53:28 ubuntu dockerd[29203]: time="2025-11-16T11:53:28.223814987-08:00" level=warning msg="Could not register builder git source: failed to find git binary: exec: \"git\": executable file not found in $PATH"
Nov 16 11:53:28 ubuntu dockerd[29203]: time="2025-11-16T11:53:28.229885156-08:00" level=info msg="API listen on /var/run/docker.sock"
Nov 16 11:53:28 ubuntu systemd[1]: Started Docker Application Container Engine.
Nov 16 11:55:46 ubuntu dockerd[29203]: time="2025-11-16T11:55:46.105678213-08:00" level=info msg="shim containerd-shim started" address="/containerd-shim/moby/53f48db0442bdf0d811ebe3694e552eb6192edda9d941e0f77f36047b033ab0e/shim.sock" debug=false pid=32466
Nov 16 11:55:47 ubuntu dockerd[29203]: time="2025-11-16T11:55:47.054290086-08:00" level=info msg="shim reaped" id=53f48db0442bdf0d811ebe3694e552eb6192edda9d941e0f77f36047b033ab0e
Nov 16 11:55:47 ubuntu dockerd[29203]: time="2025-11-16T11:55:47.063265967-08:00" level=info msg="ignoring event" module=libcontainerd namespace=moby topic=/tasks/delete type="*events.TaskDelete"
Nov 16 11:58:59 ubuntu dockerd[29203]: time="2025-11-16T11:58:59.196763716-08:00" level=info msg="shim containerd-shim started" address="/containerd-shim/moby/fe853ee41f88b3f6437300409829ccf74943bedebc7c612be5825bc1df896998/shim.sock" debug=false pid=32865
Nov 16 11:59:06 ubuntu dockerd[29203]: time="2025-11-16T11:59:06.200444155-08:00" level=info msg="shim reaped" id=fe853ee41f88b3f6437300409829ccf74943bedebc7c612be5825bc1df896998
Nov 16 11:59:06 ubuntu dockerd[29203]: time="2025-11-16T11:59:06.210660277-08:00" level=info msg="ignoring event" module=libcontainerd namespace=moby topic=/tasks/delete type="*events.TaskDelete"
Nov 16 11:59:06 ubuntu dockerd[29203]: time="2025-11-16T11:59:06.778974130-08:00" level=info msg="shim containerd-shim started" address="/containerd-shim/moby/baaad3cab7cb84dc47f1bfd9281ca9a6c09f59fa22f7467377e827bcb222b503/shim.sock" debug=false pid=33231
Nov 16 11:59:14 ubuntu dockerd[29203]: time="2025-11-16T11:59:14.544443063-08:00" level=info msg="shim reaped" id=baaad3cab7cb84dc47f1bfd9281ca9a6c09f59fa22f7467377e827bcb222b503
Nov 16 11:59:14 ubuntu dockerd[29203]: time="2025-11-16T11:59:14.554851095-08:00" level=info msg="ignoring event" module=libcontainerd namespace=moby topic=/tasks/delete type="*events.TaskDelete"
Nov 16 11:59:15 ubuntu dockerd[29203]: time="2025-11-16T11:59:15.838035146-08:00" level=info msg="shim containerd-shim started" address="/containerd-shim/moby/770a5b725cbf8f1cdd391e2274be9e430a8ea276185c032d30d4bded0b6015d6/shim.sock" debug=false pid=33679
Nov 16 11:59:16 ubuntu dockerd[29203]: time="2025-11-16T11:59:16.190466407-08:00" level=info msg="shim reaped" id=770a5b725cbf8f1cdd391e2274be9e430a8ea276185c032d30d4bded0b6015d6
Nov 16 11:59:16 ubuntu dockerd[29203]: time="2025-11-16T11:59:16.200820481-08:00" level=info msg="ignoring event" module=libcontainerd namespace=moby topic=/tasks/delete type="*events.TaskDelete"
Nov 16 11:59:16 ubuntu dockerd[29203]: time="2025-11-16T11:59:16.618090037-08:00" level=info msg="shim containerd-shim started" address="/containerd-shim/moby/0b9f3a5c351ac174145cc2edb7e67d5b322f8f2be7b0116dc80e95fb5d0385e2/shim.sock" debug=false pid=33842
Nov 16 11:59:16 ubuntu dockerd[29203]: time="2025-11-16T11:59:16.971497445-08:00" level=info msg="shim reaped" id=0b9f3a5c351ac174145cc2edb7e67d5b322f8f2be7b0116dc80e95fb5d0385e2
Nov 16 11:59:16 ubuntu dockerd[29203]: time="2025-11-16T11:59:16.981930779-08:00" level=info msg="ignoring event" module=libcontainerd namespace=moby topic=/tasks/delete type="*events.TaskDelete"
Nov 16 11:59:17 ubuntu dockerd[29203]: time="2025-11-16T11:59:17.463185045-08:00" level=info msg="shim containerd-shim started" address="/containerd-shim/moby/f4988e7993d8290f307992c11000e0ce86c5902bce01a8f68d692a512b6fdba8/shim.sock" debug=false pid=34012
Nov 16 11:59:17 ubuntu dockerd[29203]: time="2025-11-16T11:59:17.828715274-08:00" level=info msg="shim reaped" id=f4988e7993d8290f307992c11000e0ce86c5902bce01a8f68d692a512b6fdba8
Nov 16 11:59:17 ubuntu dockerd[29203]: time="2025-11-16T11:59:17.839127944-08:00" level=info msg="ignoring event" module=libcontainerd namespace=moby topic=/tasks/delete type="*events.TaskDelete"
Nov 16 11:59:18 ubuntu dockerd[29203]: time="2025-11-16T11:59:18.330346678-08:00" level=info msg="shim containerd-shim started" address="/containerd-shim/moby/b471e33c132d4b17e60e51554be5ab7664e8c60d6bf5c74d0a728f04df909df6/shim.sock" debug=false pid=34172
Nov 16 11:59:18 ubuntu dockerd[29203]: time="2025-11-16T11:59:18.668236361-08:00" level=info msg="shim reaped" id=b471e33c132d4b17e60e51554be5ab7664e8c60d6bf5c74d0a728f04df909df6
Nov 16 11:59:18 ubuntu dockerd[29203]: time="2025-11-16T11:59:18.680702495-08:00" level=info msg="ignoring event" module=libcontainerd namespace=moby topic=/tasks/delete type="*events.TaskDelete"
Nov 16 11:59:19 ubuntu dockerd[29203]: time="2025-11-16T11:59:19.006129948-08:00" level=info msg="Layer sha256:e49ad1f2b5136fd3f0c83c9e18f801e34c32846776203cd2571b4a04d1f1104f cleaned up"
Nov 16 11:59:48 ubuntu dockerd[29203]: time="2025-11-16T11:59:48.396966878-08:00" level=info msg="shim containerd-shim started" address="/containerd-shim/moby/bf65e3990fad3898604955d60048962411004784db844779c6b8818e462619d5/shim.sock" debug=false pid=34345
Nov 16 12:00:01 ubuntu dockerd[29203]: time="2025-11-16T12:00:01.649951655-08:00" level=info msg="shim reaped" id=bf65e3990fad3898604955d60048962411004784db844779c6b8818e462619d5
Nov 16 12:00:01 ubuntu dockerd[29203]: time="2025-11-16T12:00:01.659837672-08:00" level=info msg="ignoring event" module=libcontainerd namespace=moby topic=/tasks/delete type="*events.TaskDelete"
Nov 16 12:01:16 ubuntu dockerd[29203]: time="2025-11-16T12:01:16.853403491-08:00" level=info msg="shim containerd-shim started" address="/containerd-shim/moby/3a5f99a3b1c6c370ba8817252f4657dbac2d6fe19784cf13d977475fde16a771/shim.sock" debug=false pid=54198
Nov 16 12:02:15 ubuntu dockerd[29203]: time="2025-11-16T12:02:15.484834336-08:00" level=info msg="shim reaped" id=3a5f99a3b1c6c370ba8817252f4657dbac2d6fe19784cf13d977475fde16a771
Nov 16 12:02:15 ubuntu dockerd[29203]: time="2025-11-16T12:02:15.496004994-08:00" level=info msg="ignoring event" module=libcontainerd namespace=moby topic=/tasks/delete type="*events.TaskDelete"
Nov 16 12:02:20 ubuntu dockerd[29203]: time="2025-11-16T12:02:20.799484736-08:00" level=info msg="shim containerd-shim started" address="/containerd-shim/moby/68f3cece175c3301699147aa7c6b6adfe97c5eb0104d611234e45aedb77d00b8/shim.sock" debug=false pid=55860
Nov 16 12:02:37 ubuntu dockerd[29203]: time="2025-11-16T12:02:37.223608310-08:00" level=info msg="shim reaped" id=68f3cece175c3301699147aa7c6b6adfe97c5eb0104d611234e45aedb77d00b8
Nov 16 12:02:37 ubuntu dockerd[29203]: time="2025-11-16T12:02:37.234417202-08:00" level=info msg="ignoring event" module=libcontainerd namespace=moby topic=/tasks/delete type="*events.TaskDelete"
Nov 16 12:02:37 ubuntu dockerd[29203]: time="2025-11-16T12:02:37.783755417-08:00" level=info msg="shim containerd-shim started" address="/containerd-shim/moby/5dee57c213e2cf51b66901085bad3189d76a211ab3480a4d26e4f2466f69a74c/shim.sock" debug=false pid=60090
Nov 16 12:02:38 ubuntu dockerd[29203]: time="2025-11-16T12:02:38.180729766-08:00" level=info msg="shim reaped" id=5dee57c213e2cf51b66901085bad3189d76a211ab3480a4d26e4f2466f69a74c
Nov 16 12:02:38 ubuntu dockerd[29203]: time="2025-11-16T12:02:38.191001300-08:00" level=info msg="ignoring event" module=libcontainerd namespace=moby topic=/tasks/delete type="*events.TaskDelete"
Nov 16 12:02:38 ubuntu dockerd[29203]: time="2025-11-16T12:02:38.606916185-08:00" level=info msg="shim containerd-shim started" address="/containerd-shim/moby/59558aabdb890b1bd6eb9307f8cef04941531197c33f5bb0ca7bc8ed8ad952db/shim.sock" debug=false pid=60263
Nov 16 12:02:38 ubuntu dockerd[29203]: time="2025-11-16T12:02:38.903617908-08:00" level=info msg="shim reaped" id=59558aabdb890b1bd6eb9307f8cef04941531197c33f5bb0ca7bc8ed8ad952db
Nov 16 12:02:38 ubuntu dockerd[29203]: time="2025-11-16T12:02:38.913362252-08:00" level=info msg="ignoring event" module=libcontainerd namespace=moby topic=/tasks/delete type="*events.TaskDelete"
Nov 16 12:02:39 ubuntu dockerd[29203]: time="2025-11-16T12:02:39.168164185-08:00" level=info msg="Layer sha256:ca9cb7acc3a81469525c4b1e91d7d116c88850d19889aa9f8e5fcceea9ce125e cleaned up"
Nov 16 12:02:47 ubuntu dockerd[29203]: time="2025-11-16T12:02:47.559780524-08:00" level=info msg="shim containerd-shim started" address="/containerd-shim/moby/a6dd4610db2b3cfe417508c1c5881f471657d130dc705040ff187c648f2b9920/shim.sock" debug=false pid=60430
Nov 16 12:02:47 ubuntu dockerd[29203]: time="2025-11-16T12:02:47.834399647-08:00" level=error msg="stream copy error: read /proc/self/fd/25: file already closed"
Nov 16 12:02:47 ubuntu dockerd[29203]: time="2025-11-16T12:02:47.835017604-08:00" level=error msg="stream copy error: read /proc/self/fd/24: file already closed"
Nov 16 12:02:47 ubuntu dockerd[29203]: time="2025-11-16T12:02:47.838911858-08:00" level=error msg="failed to delete task after fail start" container=a6dd4610db2b3cfe417508c1c5881f471657d130dc705040ff187c648f2b9920 error="cannot delete a running process: unknown" module=libcontainerd namespace=moby
Nov 16 12:02:47 ubuntu dockerd[29203]: time="2025-11-16T12:02:47.916564892-08:00" level=warning msg="unknown container" container=a6dd4610db2b3cfe417508c1c5881f471657d130dc705040ff187c648f2b9920 module=libcontainerd namespace=moby
Nov 16 12:02:47 ubuntu dockerd[29203]: time="2025-11-16T12:02:47.985035090-08:00" level=error msg="a6dd4610db2b3cfe417508c1c5881f471657d130dc705040ff187c648f2b9920 cleanup: failed to delete container from containerd: no such container"
Nov 16 12:02:47 ubuntu dockerd[29203]: time="2025-11-16T12:02:47.989513927-08:00" level=error msg="Handler for POST /v1.39/containers/a6dd4610db2b3cfe417508c1c5881f471657d130dc705040ff187c648f2b9920/start returned error: OCI runtime state failed: unexpected end of JSON input: unknown"
